id,timestamp_utc,session_id,mmsi,latitude,longitude,speed_knots,course_deg,heading_deg,nav_status,message_type,ship_type_code,ship_name,ship_category,hour
20,2026-06-08 19:55:00.363113+00:00,20260608_195454,319105300,36.67741,27.741856666666667,10.8,62.4,60.0,0,PositionReport,37.0,MY ESCAPE,Pleasure Craft,19
41,2026-06-08 19:55:27.451206+00:00,20260608_195523,538010371,36.50897333333333,26.780695,9.8,314.9,316.0,0,PositionReport,80.0,NISSOS SERIFOS,Tanker,19
65,2026-06-08 19:55:34.583459+00:00,20260608_195523,209874000,36.44394,28.23684833333333,0.0,142.7,143.0,5,PositionReport,70.0,THANOS,Cargo,19
74,2026-06-08 19:55:36.660745+00:00,20260608_195523,271002446,37.024728333333336,27.43828333333333,0.0,0.0,511.0,8,PositionReport,60.0,AKCAKOCA,Passenger,19
76,2026-06-08 19:55:36.831334+00:00,20260608_195523,538071660,37.01352166666666,27.450466666666667,0.0,262.8,287.0,1,PositionReport,37.0,M/Y GOLDEN HORN,Pleasure Craft,19
92,2026-06-08 19:55:41.728073+00:00,20260608_195523,241953000,36.40783166666667,28.24637166666667,0.0,242.9,9.0,1,PositionReport,89.0,SEAVEN CREST,Tanker,19
93,2026-06-08 19:55:42.150880+00:00,20260608_195523,271047044,36.60821833333333,26.67452,10.6,313.7,315.0,0,PositionReport,72.0,PARPALI,Cargo,19
94,2026-06-08 19:55:42.251096+00:00,20260608_195523,538011838,36.647475,27.136135000000003,0.1,256.0,323.0,1,PositionReport,70.0,IRIS I,Cargo,19
102,2026-06-08 19:55:44.521575+00:00,20260608_195523,271044329,36.58801,27.54412166666667,8.2,113.8,110.0,0,PositionReport,70.0,KILIC,Cargo,19
117,2026-06-08 19:55:47.621032+00:00,20260608_195523,241895000,36.89897166666666,27.295486666666665,8.5,267.7,268.0,0,PositionReport,70.0,BLUE CARRIER 2,Cargo,19
121,2026-06-08 19:55:49.083505+00:00,20260608_195523,271052890,36.76806666666666,26.735091666666666,13.4,160.7,160.0,0,PositionReport,70.0,MED BEYKOZ,Cargo,19
140,2026-06-08 19:55:54.782847+00:00,20260608_195523,271051573,36.72749666666667,27.69509,0.0,360.0,511.0,8,PositionReport,37.0,WHITE ISLAND,Pleasure Craft,19
143,2026-06-08 19:55:55.005894+00:00,20260608_195523,538072206,36.76919,28.127536666666668,0.0,360.0,162.0,0,PositionReport,,,Unknown,19
144,2026-06-08 19:55:56.239392+00:00,20260608_195523,319177600,37.02411666666667,27.436916666666665,0.0,62.8,63.0,5,PositionReport,37.0,STARLUST,Pleasure Craft,19
145,2026-06-08 19:55:56.284442+00:00,20260608_195523,538072107,36.82239833333333,28.31257,0.0,19.9,323.0,5,PositionReport,37.0,TURK'S,Pleasure Craft,19
154,2026-06-08 19:56:00.699635+00:00,20260608_195523,241895000,36.898965,27.29489833333333,7.8,268.3,269.0,0,PositionReport,70.0,BLUE CARRIER 2,Cargo,19
160,2026-06-08 19:56:01.060090+00:00,20260608_195523,241886000,36.4444,28.231211666666663,0.1,28.1,216.0,3,PositionReport,52.0,CAPTAIN DIMITRIS V,Tug,19
165,2026-06-08 19:56:01.793636+00:00,20260608_195523,357086000,36.34737166666666,26.900891666666663,11.0,302.9,303.0,0,PositionReport,70.0,AMIS WISDOM II,Cargo,19
169,2026-06-08 19:56:02.967325+00:00,20260608_195523,271043459,36.82676833333333,28.562603333333332,0.1,64.4,511.0,15,PositionReport,0.0,ADMIRAL,Unknown,19
178,2026-06-08 19:56:06.467316+00:00,20260608_195523,341608002,36.37566666666667,28.5449,10.8,109.0,110.0,0,PositionReport,70.0,BON,Cargo,19
183,2026-06-08 19:56:07.777413+00:00,20260608_195523,240563500,36.61421,27.13931333333333,0.0,318.9,65.0,0,PositionReport,60.0,OLYMPIOS ERMIS,Passenger,19
201,2026-06-08 19:56:16.731622+00:00,20260608_195523,271052008,36.51785666666667,27.04365333333333,10.2,286.3,288.0,0,PositionReport,80.0,T.BALAT,Tanker,19
211,2026-06-08 19:56:20.445055+00:00,20260608_195523,273333500,36.448575,28.396968333333334,8.0,294.0,294.0,0,PositionReport,70.0,KAPITAN VORONKOV,Cargo,19
220,2026-06-08 19:56:23.168683+00:00,20260608_195523,538072206,36.7692,28.12753,0.0,360.0,218.0,0,PositionReport,,,Unknown,19
221,2026-06-08 19:56:23.321724+00:00,20260608_195523,636015607,36.50455833333333,26.742471666666667,13.2,132.9,130.0,0,PositionReport,,,Unknown,19
235,2026-06-08 19:56:26.933552+00:00,20260608_195523,1193046,37.03301166666667,27.42881833333333,0.0,0.0,511.0,7,PositionReport,50.0,NAUTICAST,Pilot,19
251,2026-06-08 19:56:33.686200+00:00,20260608_195523,271051573,36.727473333333336,27.695081666666667,0.0,360.0,511.0,8,PositionReport,37.0,WHITE ISLAND,Pleasure Craft,19
269,2026-06-08 19:56:39.656561+00:00,20260608_195523,249010000,36.544625,28.13819,8.7,246.4,247.0,0,PositionReport,60.0,AROYA,Passenger,19
284,2026-06-08 19:56:45.190481+00:00,20260608_195523,368188000,37.02580833333333,27.427531666666667,0.0,84.4,170.0,1,PositionReport,37.0,SERENITY,Pleasure Craft,19
298,2026-06-08 19:56:49.048415+00:00,20260608_195523,271052890,36.7645,26.736651666666667,13.5,161.0,160.0,0,PositionReport,70.0,MED BEYKOZ,Cargo,19
306,2026-06-08 19:56:52.628655+00:00,20260608_195523,241216000,36.62756666666667,27.83758333333333,0.0,197.0,153.0,0,PositionReport,89.0,NAOUSSA,Tanker,19
310,2026-06-08 19:56:53.474902+00:00,20260608_195523,232056776,36.61375666666667,27.13921333333333,0.1,360.0,51.0,5,PositionReport,37.0,AIM,Pleasure Craft,19
314,2026-06-08 19:56:55.236841+00:00,20260608_195523,271001044,37.028945,27.429015,0.0,20.0,511.0,1,PositionReport,37.0,BLACK SEA,Pleasure Craft,19
317,2026-06-08 19:56:56.305824+00:00,20260608_195523,271040379,36.85084666666667,28.2775,0.0,16.1,511.0,5,PositionReport,37.0,CIPITOUBA II,Pleasure Craft,19
322,2026-06-08 19:56:57.428209+00:00,20260608_195523,232057452,37.03449333333333,27.424701666666667,0.1,360.0,511.0,5,PositionReport,98.0,THUNDERBIRD B,Other,19
331,2026-06-08 19:56:59.505455+00:00,20260608_195523,352003824,37.01482,27.450261666666663,0.0,360.0,254.0,13,PositionReport,37.0,SEVEN,Pleasure Craft,19
334,2026-06-08 19:57:00.134844+00:00,20260608_195523,511101443,37.03214833333333,27.42633333333333,0.0,176.3,511.0,9,PositionReport,60.0,SEA STAR KOS,Passenger,19
335,2026-06-08 19:57:00.479769+00:00,20260608_195523,319105300,36.68022166666666,27.748521666666665,10.8,62.1,60.0,0,PositionReport,37.0,MY ESCAPE,Pleasure Craft,19
344,2026-06-08 19:57:02.285079+00:00,20260608_195523,241886000,36.44444166666666,28.23118833333333,0.3,329.8,221.0,3,PositionReport,52.0,CAPTAIN DIMITRIS V,Tug,19
345,2026-06-08 19:57:03.347606+00:00,20260608_195523,538072206,36.76921,28.12754,0.0,360.0,162.0,0,PositionReport,,,Unknown,19
352,2026-06-08 19:57:06.425019+00:00,20260608_195523,341608002,36.37466666666667,28.54843333333333,10.8,109.2,109.0,0,PositionReport,70.0,BON,Cargo,19
367,2026-06-08 19:57:13.217452+00:00,20260608_195523,271043588,37.02881,27.4375,0.0,37.5,511.0,1,PositionReport,0.0,LOVE BOAT,Unknown,19
395,2026-06-08 19:57:22.292276+00:00,20260608_195523,305047300,36.865755,26.737903333333332,11.5,168.3,163.0,0,PositionReport,70.0,ADAM CROWN,Cargo,19
412,2026-06-08 19:57:28.187888+00:00,20260608_195523,240563500,36.614195,27.139333333333333,0.0,318.9,65.0,0,PositionReport,60.0,OLYMPIOS ERMIS,Passenger,19
421,2026-06-08 19:57:32.020451+00:00,20260608_195523,357086000,36.34985833333334,26.896091666666667,11.0,302.1,303.0,0,PositionReport,70.0,AMIS WISDOM II,Cargo,19
438,2026-06-08 19:57:37.452478+00:00,20260608_195523,248548000,36.66384,28.04104,0.0,360.0,16.0,1,PositionReport,36.0,ROXANE,Sailing Yacht,19
448,2026-06-08 19:57:39.648343+00:00,20260608_195523,249010000,36.54365166666666,28.13544166666667,8.7,246.5,247.0,0,PositionReport,60.0,AROYA,Passenger,19
471,2026-06-08 19:57:44.707385+00:00,20260608_195523,271044329,36.58624666666666,27.54940333333333,8.2,111.1,110.0,0,PositionReport,70.0,KILIC,Cargo,19
487,2026-06-08 19:57:49.004182+00:00,20260608_195523,271052890,36.76094833333333,26.738188333333333,13.5,160.0,160.0,0,PositionReport,70.0,MED BEYKOZ,Cargo,19
494,2026-06-08 19:57:51.279199+00:00,20260608_195523,305022400,36.28762666666667,26.96917333333333,9.8,312.5,315.0,0,PositionReport,,,Unknown,19
500,2026-06-08 19:57:52.524366+00:00,20260608_195523,241216000,36.62756666666667,27.83758333333333,0.0,190.0,154.0,0,PositionReport,89.0,NAOUSSA,Tanker,19
504,2026-06-08 19:57:53.507695+00:00,20260608_195523,271046339,37.03246,27.427983333333334,0.0,360.0,309.0,0,PositionReport,37.0,QUEEN OF SALMAKIS,Pleasure Craft,19
535,2026-06-08 19:57:59.854238+00:00,20260608_195523,511101443,37.032145,27.42632,0.0,176.3,511.0,9,PositionReport,60.0,SEA STAR KOS,Passenger,19
550,2026-06-08 19:58:03.067985+00:00,20260608_195523,271043459,36.826745,28.562595,0.1,65.4,511.0,15,PositionReport,0.0,ADMIRAL,Unknown,19
554,2026-06-08 19:58:04.061347+00:00,20260608_195523,271051573,36.72748333333333,27.69509833333333,0.0,360.0,511.0,8,PositionReport,37.0,WHITE ISLAND,Pleasure Craft,19
562,2026-06-08 19:58:06.351795+00:00,20260608_195523,341608002,36.37365,28.55198333333333,10.9,108.8,109.0,0,PositionReport,70.0,BON,Cargo,19
583,2026-06-08 19:58:13.352403+00:00,20260608_195523,352004546,36.342063333333336,28.772431666666662,7.4,109.8,116.0,0,PositionReport,,,Unknown,19
595,2026-06-08 19:58:17.083449+00:00,20260608_195523,271052008,36.51950333333333,27.03694,10.2,286.4,288.0,0,PositionReport,80.0,T.BALAT,Tanker,19
599,2026-06-08 19:58:17.694981+00:00,20260608_195523,538010371,36.51446833333333,26.77399666666667,9.8,315.2,316.0,0,PositionReport,80.0,NISSOS SERIFOS,Tanker,19
632,2026-06-08 19:58:28.924770+00:00,20260608_195523,667002547,36.44564,28.231988333333334,0.0,143.0,171.0,15,PositionReport,60.0,SEA STAR DIAGORAS,Passenger,19
666,2026-06-08 19:58:39.675747+00:00,20260608_195523,249010000,36.542655,28.13264,8.7,246.1,246.0,0,PositionReport,60.0,AROYA,Passenger,19
670,2026-06-08 19:58:41.637018+00:00,20260608_195523,271043588,37.02883333333333,27.437555,0.0,235.0,511.0,5,PositionReport,0.0,LOVE BOAT,Unknown,19
672,2026-06-08 19:58:42.268793+00:00,20260608_195523,240782800,36.39035333333334,27.788588333333333,9.4,254.2,511.0,15,PositionReport,36.0,OXYZEN,Sailing Yacht,19
674,2026-06-08 19:58:42.801999+00:00,20260608_195523,271043459,36.826728333333335,28.562555,0.0,0.0,511.0,15,PositionReport,0.0,ADMIRAL,Unknown,19
685,2026-06-08 19:58:45.238339+00:00,20260608_195523,538011838,36.64741,27.13608833333333,0.0,256.0,331.0,1,PositionReport,70.0,IRIS I,Cargo,19
716,2026-06-08 19:58:54.489593+00:00,20260608_195523,352004546,36.34151333333333,28.77405333333333,7.4,113.9,117.0,0,PositionReport,,,Unknown,19
763,2026-06-08 19:59:04.998827+00:00,20260608_195523,271051573,36.72748,27.695118333333333,0.0,360.0,511.0,8,PositionReport,37.0,WHITE ISLAND,Pleasure Craft,19
769,2026-06-08 19:59:06.017193+00:00,20260608_195523,248446000,37.014165000000006,27.45045333333333,0.0,172.3,264.0,5,PositionReport,37.0,ELEMENTS,Pleasure Craft,19
796,2026-06-08 19:59:14.825948+00:00,20260608_195523,271046339,37.03247,27.427983333333334,0.0,360.0,309.0,0,PositionReport,37.0,QUEEN OF SALMAKIS,Pleasure Craft,19
799,2026-06-08 19:59:15.697306+00:00,20260608_195523,511100115,37.024438333333336,27.437685,0.0,327.0,241.0,0,PositionReport,60.0,SEA STAR RHODES,Passenger,19
827,2026-06-08 19:59:23.704588+00:00,20260608_195523,305047300,36.85947166666666,26.739821666666668,11.5,166.2,161.0,0,PositionReport,70.0,ADAM CROWN,Cargo,19
829,2026-06-08 19:59:24.401227+00:00,20260608_195523,271044329,36.58479,27.55381,8.2,112.6,110.0,0,PositionReport,70.0,KILIC,Cargo,19
840,2026-06-08 19:59:27.797466+00:00,20260608_195523,319160400,36.70236,27.96194833333333,7.9,226.9,222.0,0,PositionReport,37.0,NEXUS,Pleasure Craft,19
845,2026-06-08 19:59:30.316661+00:00,20260608_195523,273333500,36.451455,28.388975,8.0,293.8,294.0,0,PositionReport,70.0,KAPITAN VORONKOV,Cargo,19
846,2026-06-08 19:59:30.372373+00:00,20260608_195523,271042480,37.03226666666667,27.426801666666663,0.0,0.0,511.0,5,PositionReport,69.0,GONUL,Passenger,19
877,2026-06-08 19:59:41.086347+00:00,20260608_195523,256003728,37.01582833333334,27.442308333333337,0.0,360.0,511.0,1,PositionReport,37.0,BUCKETLIST10,Pleasure Craft,19
888,2026-06-08 19:59:44.854222+00:00,20260608_195523,271044329,36.58449,27.55468,8.2,112.8,110.0,0,PositionReport,70.0,KILIC,Cargo,19
892,2026-06-08 19:59:46.194473+00:00,20260608_195523,271002446,37.02469666666666,27.43827333333333,0.1,0.0,511.0,8,PositionReport,60.0,AKCAKOCA,Passenger,19
896,2026-06-08 19:59:46.933610+00:00,20260608_195523,368188000,37.02581333333333,27.427515000000003,0.1,67.2,185.0,1,PositionReport,37.0,SERENITY,Pleasure Craft,19
899,2026-06-08 19:59:47.517233+00:00,20260608_195523,240563500,36.61420333333333,27.13931333333333,0.0,318.9,66.0,0,PositionReport,60.0,OLYMPIOS ERMIS,Passenger,19
904,2026-06-08 19:59:48.838590+00:00,20260608_195523,241895000,36.90013333333333,27.291371666666667,0.3,325.6,358.0,5,PositionReport,70.0,BLUE CARRIER 2,Cargo,19
906,2026-06-08 19:59:49.001739+00:00,20260608_195523,271052890,36.75383333333333,26.74139333333333,13.5,160.8,160.0,0,PositionReport,70.0,MED BEYKOZ,Cargo,19
915,2026-06-08 19:59:50.442311+00:00,20260608_195523,271044344,37.03209,27.427813333333333,0.0,36.0,303.0,5,PositionReport,51.0,KIYEM 6,SAR,19
919,2026-06-08 19:59:52.869813+00:00,20260608_195523,271001044,37.02896833333333,27.42905,0.0,223.0,511.0,1,PositionReport,37.0,BLACK SEA,Pleasure Craft,19
926,2026-06-08 19:59:54.091305+00:00,20260608_195523,636015607,36.49605666666666,26.75464,13.2,130.6,129.0,0,PositionReport,,,Unknown,19
927,2026-06-08 19:59:54.630590+00:00,20260608_195523,271040379,36.85084833333334,28.27749833333333,0.0,319.3,511.0,5,PositionReport,37.0,CIPITOUBA II,Pleasure Craft,19
947,2026-06-08 20:00:01.682610+00:00,20260608_195523,352003824,37.01482333333333,27.45027,0.0,360.0,261.0,13,PositionReport,37.0,SEVEN,Pleasure Craft,20
957,2026-06-08 20:00:05.115026+00:00,20260608_195523,271051573,36.72748333333333,27.69511333333333,0.0,360.0,511.0,8,PositionReport,37.0,WHITE ISLAND,Pleasure Craft,20
963,2026-06-08 20:00:07.850495+00:00,20260608_195523,240563500,36.61420833333333,27.139311666666668,0.0,318.9,66.0,0,PositionReport,60.0,OLYMPIOS ERMIS,Passenger,20
964,2026-06-08 20:00:08.646803+00:00,20260608_195523,271002446,37.024705,27.438271666666665,0.0,0.0,511.0,8,PositionReport,60.0,AKCAKOCA,Passenger,20
965,2026-06-08 20:00:09.322603+00:00,20260608_195523,256901000,36.60035833333333,26.597645,12.5,133.4,133.0,0,PositionReport,,,Unknown,20
968,2026-06-08 20:00:11.477245+00:00,20260608_195523,249010000,36.54117,28.128505,8.8,245.7,246.0,0,PositionReport,60.0,AROYA,Passenger,20
972,2026-06-08 20:00:12.391278+00:00,20260608_195523,373178000,37.178145,26.647105,15.5,180.6,181.0,0,PositionReport,,,Unknown,20
973,2026-06-08 20:00:12.624323+00:00,20260608_195523,319105300,36.68456333333334,27.758903333333333,10.5,63.3,61.0,0,PositionReport,37.0,MY ESCAPE,Pleasure Craft,20
1015,2026-06-08 20:00:23.645444+00:00,20260608_195523,305047300,36.85637333333333,26.740835,11.5,166.1,161.0,0,PositionReport,70.0,ADAM CROWN,Cargo,20
1025,2026-06-08 20:00:26.615184+00:00,20260608_195523,271052008,36.521638333333335,27.029936666666668,9.9,297.0,304.0,0,PositionReport,80.0,T.BALAT,Tanker,20
1049,2026-06-08 20:00:37.060558+00:00,20260608_195523,271044079,37.02429666666667,27.43867833333333,0.0,231.4,511.0,15,PositionReport,60.0,M/V ASIM KAPTAN,Passenger,20
1055,2026-06-08 20:00:38.467053+00:00,20260608_195523,271052907,37.01218,27.437126666666664,0.0,360.0,511.0,1,PositionReport,36.0,MEIRA,Sailing Yacht,20
1060,2026-06-08 20:00:40.749855+00:00,20260608_195523,248548000,36.66382,28.041066666666666,0.0,360.0,16.0,1,PositionReport,36.0,ROXANE,Sailing Yacht,20
1078,2026-06-08 20:00:46.080702+00:00,20260608_195523,271002446,37.02472,27.43827333333333,0.0,0.0,511.0,8,PositionReport,60.0,AKCAKOCA,Passenger,20
1082,2026-06-08 20:00:47.819735+00:00,20260608_195523,240563500,36.61421,27.13931,0.0,318.9,66.0,0,PositionReport,60.0,OLYMPIOS ERMIS,Passenger,20
1089,2026-06-08 20:00:48.900279+00:00,20260608_195523,271052890,36.75027666666666,26.742951666666663,13.5,160.1,160.0,0,PositionReport,70.0,MED BEYKOZ,Cargo,20
1102,2026-06-08 20:00:54.026518+00:00,20260608_195523,271053537,37.01288666666667,27.45039166666667,0.0,360.0,511.0,1,PositionReport,37.0,ILLUSION 2,Pleasure Craft,20
1114,2026-06-08 20:00:59.361846+00:00,20260608_195523,538072206,36.76919,28.12754,0.0,360.0,162.0,0,PositionReport,,,Unknown,20
1155,2026-06-08 20:01:11.312650+00:00,20260608_195523,271005006,36.84896333333334,28.280961666666663,0.0,265.4,511.0,5,PositionReport,69.0,MARMARIS EXPRESS,Passenger,20
1161,2026-06-08 20:01:13.211282+00:00,20260608_195523,241216000,36.62755,27.83748333333333,0.0,172.0,156.0,0,PositionReport,89.0,NAOUSSA,Tanker,20
1180,2026-06-08 20:01:20.426678+00:00,20260608_195523,511101443,37.03210666666666,27.426355,0.0,176.3,511.0,9,PositionReport,60.0,SEA STAR KOS,Passenger,20
1185,2026-06-08 20:01:21.695213+00:00,20260608_195523,229908000,36.76483333333333,28.122,0.1,293.0,128.0,0,PositionReport,,,Unknown,20
1188,2026-06-08 20:01:22.340336+00:00,20260608_195523,319105300,36.686130000000006,27.762685,10.4,63.2,61.0,0,PositionReport,37.0,MY ESCAPE,Pleasure Craft,20
1194,2026-06-08 20:01:23.730392+00:00,20260608_195523,305047300,36.853253333333335,26.74187,11.5,164.9,160.0,0,PositionReport,70.0,ADAM CROWN,Cargo,20
1198,2026-06-08 20:01:24.373975+00:00,20260608_195523,511100115,37.024436666666666,27.437686666666664,0.0,327.0,241.0,0,PositionReport,60.0,SEA STAR RHODES,Passenger,20
1205,2026-06-08 20:01:27.999880+00:00,20260608_195523,1193046,37.03301166666667,27.42881833333333,0.0,0.0,511.0,7,PositionReport,50.0,NAUTICAST,Pilot,20
1230,2026-06-08 20:01:35.078215+00:00,20260608_195523,241886000,36.44845,28.232806666666665,5.0,84.8,99.0,3,PositionReport,52.0,CAPTAIN DIMITRIS V,Tug,20
1234,2026-06-08 20:01:35.701682+00:00,20260608_195523,341608002,36.3702,28.56428333333333,10.9,109.1,109.0,0,PositionReport,70.0,BON,Cargo,20
1244,2026-06-08 20:01:39.736637+00:00,20260608_195523,249010000,36.53967333333333,28.124415,8.8,245.6,245.0,0,PositionReport,60.0,AROYA,Passenger,20
1246,2026-06-08 20:01:40.002908+00:00,20260608_195523,256003728,37.01582166666667,27.44232,0.0,360.0,511.0,1,PositionReport,37.0,BUCKETLIST10,Pleasure Craft,20
1253,2026-06-08 20:01:41.303941+00:00,20260608_195523,240782800,36.388515,27.77948,9.0,255.6,511.0,15,PositionReport,36.0,OXYZEN,Sailing Yacht,20
1255,2026-06-08 20:01:41.515270+00:00,20260608_195523,271043588,37.02881333333333,27.437545,0.0,209.3,511.0,5,PositionReport,0.0,LOVE BOAT,Unknown,20
1259,2026-06-08 20:01:42.257700+00:00,20260608_195523,241953000,36.40786166666667,28.246468333333333,0.0,242.9,2.0,1,PositionReport,89.0,SEAVEN CREST,Tanker,20
1260,2026-06-08 20:01:42.423186+00:00,20260608_195523,538011838,36.647396666666666,27.13609166666667,0.0,256.0,331.0,1,PositionReport,70.0,IRIS I,Cargo,20
1281,2026-06-08 20:01:47.613329+00:00,20260608_195523,240563500,36.61421666666667,27.139315,0.0,318.9,66.0,0,PositionReport,60.0,OLYMPIOS ERMIS,Passenger,20
1309,2026-06-08 20:01:55.351716+00:00,20260608_195523,319177600,37.02411666666667,27.436916666666665,0.0,62.9,63.0,5,PositionReport,37.0,STARLUST,Pleasure Craft,20
1311,2026-06-08 20:01:55.806164+00:00,20260608_195523,538072107,36.82237333333333,28.3126,0.0,19.9,323.0,5,PositionReport,37.0,TURK'S,Pleasure Craft,20
1334,2026-06-08 20:02:03.277038+00:00,20260608_195523,538072206,36.76919333333333,28.12755333333333,0.0,360.0,162.0,0,PositionReport,,,Unknown,20
1340,2026-06-08 20:02:05.014919+00:00,20260608_195523,271053578,37.03417666666667,27.427715,0.0,360.0,511.0,1,PositionReport,36.0,GITANE,Sailing Yacht,20
1341,2026-06-08 20:02:05.385147+00:00,20260608_195523,248446000,37.014165000000006,27.450451666666662,0.0,226.0,264.0,5,PositionReport,37.0,ELEMENTS,Pleasure Craft,20
1386,2026-06-08 20:02:20.221091+00:00,20260608_195523,511101443,37.03212666666666,27.42636,0.0,176.3,511.0,9,PositionReport,60.0,SEA STAR KOS,Passenger,20
1391,2026-06-08 20:02:21.561072+00:00,20260608_195523,229908000,36.76483333333333,28.122,0.1,187.0,128.0,0,PositionReport,,,Unknown,20
1399,2026-06-08 20:02:23.581817+00:00,20260608_195523,305047300,36.850155,26.742981666666665,11.5,162.3,160.0,0,PositionReport,70.0,ADAM CROWN,Cargo,20
1401,2026-06-08 20:02:24.318517+00:00,20260608_195523,511100115,37.02444666666667,27.437675,0.0,327.0,241.0,0,PositionReport,60.0,SEA STAR RHODES,Passenger,20
1411,2026-06-08 20:02:28.873242+00:00,20260608_195523,667002547,36.44565,28.231976666666664,0.0,143.0,170.0,15,PositionReport,60.0,SEA STAR DIAGORAS,Passenger,20
1416,2026-06-08 20:02:30.360972+00:00,20260608_195523,271042480,37.03227166666667,27.426806666666668,0.0,0.0,511.0,5,PositionReport,69.0,GONUL,Passenger,20
1447,2026-06-08 20:02:39.794421+00:00,20260608_195523,249010000,36.53866,28.12165666666667,8.8,245.5,246.0,0,PositionReport,60.0,AROYA,Passenger,20
1454,2026-06-08 20:02:41.381556+00:00,20260608_195523,240782800,36.38791333333334,27.776443333333336,9.3,256.4,511.0,15,PositionReport,36.0,OXYZEN,Sailing Yacht,20
1479,2026-06-08 20:02:47.600135+00:00,20260608_195523,240563500,36.61420833333333,27.139325,0.0,318.9,65.0,0,PositionReport,60.0,OLYMPIOS ERMIS,Passenger,20
1490,2026-06-08 20:02:50.330481+00:00,20260608_195523,271044344,37.03209833333334,27.42782,0.0,36.0,304.0,5,PositionReport,51.0,KIYEM 6,SAR,20
1494,2026-06-08 20:02:51.431340+00:00,20260608_195523,232056776,36.61373666666667,27.13919,0.0,360.0,51.0,5,PositionReport,37.0,AIM,Pleasure Craft,20
1526,2026-06-08 20:03:01.262111+00:00,20260608_195523,352003824,37.01482333333333,27.450265,0.0,360.0,253.0,13,PositionReport,37.0,SEVEN,Pleasure Craft,20
1543,2026-06-08 20:03:08.722755+00:00,20260608_195523,319160400,36.69656666666666,27.95484833333333,7.8,218.6,212.0,0,PositionReport,37.0,NEXUS,Pleasure Craft,20
1551,2026-06-08 20:03:11.278710+00:00,20260608_195523,271045885,37.015505,27.43953833333333,0.0,350.1,511.0,1,PositionReport,67.0,ARIELA,Passenger,20
1552,2026-06-08 20:03:11.730552+00:00,20260608_195523,271043459,36.82678333333333,28.56262333333333,0.0,49.9,511.0,15,PositionReport,0.0,ADMIRAL,Unknown,20
1560,2026-06-08 20:03:13.666839+00:00,20260608_195523,271051573,36.72745333333333,27.69511333333333,0.0,360.0,511.0,8,PositionReport,37.0,WHITE ISLAND,Pleasure Craft,20
1573,2026-06-08 20:03:18.576793+00:00,20260608_195523,271002451,36.84889833333333,28.28047,0.0,269.8,511.0,5,PositionReport,60.0,KARTEPE,Passenger,20
1586,2026-06-08 20:03:22.234004+00:00,20260608_195523,319105300,36.688815,27.769186666666663,10.5,62.7,60.0,0,PositionReport,37.0,MY ESCAPE,Pleasure Craft,20
1587,2026-06-08 20:03:22.543654+00:00,20260608_195523,241216000,36.62753333333333,27.83755,0.0,159.0,159.0,0,PositionReport,89.0,NAOUSSA,Tanker,20
1593,2026-06-08 20:03:23.772086+00:00,20260608_195523,271046339,37.03246333333333,27.428011666666663,0.0,360.0,309.0,0,PositionReport,37.0,QUEEN OF SALMAKIS,Pleasure Craft,20
1603,2026-06-08 20:03:25.097399+00:00,20260608_195523,511100115,37.02445166666666,27.437675,0.0,327.0,241.0,0,PositionReport,60.0,SEA STAR RHODES,Passenger,20
1606,2026-06-08 20:03:25.388802+00:00,20260608_195523,240663700,36.41666833333333,27.386713333333333,0.1,360.0,511.0,5,PositionReport,,,Unknown,20
1617,2026-06-08 20:03:27.806396+00:00,20260608_195523,1193046,37.03301166666667,27.42881833333333,0.0,0.0,511.0,7,PositionReport,50.0,NAUTICAST,Pilot,20
1622,2026-06-08 20:03:29.101834+00:00,20260608_195523,319160400,36.69599,27.95428666666667,7.8,218.2,212.0,0,PositionReport,37.0,NEXUS,Pleasure Craft,20
1623,2026-06-08 20:03:29.101939+00:00,20260608_195523,667002547,36.445636666666665,28.23197,0.0,143.0,170.0,15,PositionReport,60.0,SEA STAR DIAGORAS,Passenger,20
1649,2026-06-08 20:03:36.929968+00:00,20260608_195523,271044079,37.02429333333334,27.438651666666665,0.0,232.1,511.0,15,PositionReport,60.0,M/V ASIM KAPTAN,Passenger,20
1675,2026-06-08 20:03:43.385866+00:00,20260608_195523,538072206,36.76920666666667,28.127560000000003,0.0,360.0,162.0,0,PositionReport,,,Unknown,20
1687,2026-06-08 20:03:46.017837+00:00,20260608_195523,271002446,37.0247,27.43827,0.1,0.0,511.0,8,PositionReport,60.0,AKCAKOCA,Passenger,20
1698,2026-06-08 20:03:49.138976+00:00,20260608_195523,271052890,36.739558333333335,26.74761,13.6,161.6,160.0,0,PositionReport,70.0,MED BEYKOZ,Cargo,20
1719,2026-06-08 20:03:56.079765+00:00,20260608_195523,271052008,36.52794,27.021245,9.9,315.7,318.0,0,PositionReport,80.0,T.BALAT,Tanker,20
1754,2026-06-08 20:04:04.958861+00:00,20260608_195523,477238600,36.18423666666667,27.225495,14.0,314.8,314.0,0,PositionReport,79.0,SEAPOWER I,Cargo,20
1763,2026-06-08 20:04:08.962315+00:00,20260608_195523,319160400,36.69483,27.953195,7.8,217.0,211.0,0,PositionReport,37.0,NEXUS,Pleasure Craft,20
1778,2026-06-08 20:04:13.333242+00:00,20260608_195523,319039900,36.45095333333334,28.22681833333333,0.0,53.2,280.0,5,PositionReport,37.0,MEGAN,Pleasure Craft,20
1779,2026-06-08 20:04:13.510932+00:00,20260608_195523,271005006,36.84897166666666,28.280953333333333,0.0,265.4,511.0,5,PositionReport,69.0,MARMARIS EXPRESS,Passenger,20
1780,2026-06-08 20:04:13.738771+00:00,20260608_195523,271051573,36.72746333333334,27.695126666666667,0.0,360.0,511.0,8,PositionReport,37.0,WHITE ISLAND,Pleasure Craft,20
1797,2026-06-08 20:04:20.202612+00:00,20260608_195523,511101443,37.03211833333333,27.426348333333333,0.0,176.3,511.0,9,PositionReport,60.0,SEA STAR KOS,Passenger,20
1806,2026-06-08 20:04:22.338259+00:00,20260608_195523,241216000,36.62755,27.83758333333333,0.0,170.0,160.0,0,PositionReport,89.0,NAOUSSA,Tanker,20
1810,2026-06-08 20:04:22.982934+00:00,20260608_195523,538072206,36.76919333333333,28.12755333333333,0.0,360.0,162.0,0,PositionReport,,,Unknown,20
1812,2026-06-08 20:04:23.644532+00:00,20260608_195523,271046339,37.03248333333333,27.42802,0.0,360.0,309.0,0,PositionReport,37.0,QUEEN OF SALMAKIS,Pleasure Craft,20
1816,2026-06-08 20:04:25.087095+00:00,20260608_195523,511100115,37.02445,27.437671666666667,0.0,327.0,241.0,0,PositionReport,60.0,SEA STAR RHODES,Passenger,20
1821,2026-06-08 20:04:26.823549+00:00,20260608_195523,271044486,36.81819333333333,28.312003333333333,0.0,157.8,9.0,1,PositionReport,37.0,LA PASSION,Pleasure Craft,20
1829,2026-06-08 20:04:27.931912+00:00,20260608_195523,1193046,37.03301166666667,27.42881833333333,0.0,0.0,511.0,7,PositionReport,50.0,NAUTICAST,Pilot,20
1843,2026-06-08 20:04:32.868270+00:00,20260608_195523,325152200,37.01492,27.450426666666665,0.0,199.9,262.0,5,PositionReport,37.0,PACIFIC PEARL,Pleasure Craft,20
1845,2026-06-08 20:04:33.049050+00:00,20260608_195523,271043459,36.826773333333335,28.562585,0.0,27.3,511.0,15,PositionReport,0.0,ADMIRAL,Unknown,20
1854,2026-06-08 20:04:34.861033+00:00,20260608_195523,237176400,36.44526,28.22921333333333,0.0,328.9,84.0,0,PositionReport,,,Unknown,20
1857,2026-06-08 20:04:35.718862+00:00,20260608_195523,538011838,36.6474,27.13607333333333,0.0,256.0,328.0,1,PositionReport,70.0,IRIS I,Cargo,20
1862,2026-06-08 20:04:37.007966+00:00,20260608_195523,271044079,37.024285,27.438651666666665,0.0,241.9,511.0,15,PositionReport,60.0,M/V ASIM KAPTAN,Passenger,20
1878,2026-06-08 20:04:39.897368+00:00,20260608_195523,271043588,37.028805000000006,27.437563333333333,0.0,203.1,511.0,5,PositionReport,0.0,LOVE BOAT,Unknown,20
1879,2026-06-08 20:04:40.245125+00:00,20260608_195523,249010000,36.53662833333333,28.116081666666663,8.8,245.8,246.0,0,PositionReport,60.0,AROYA,Passenger,20
1888,2026-06-08 20:04:42.057232+00:00,20260608_195523,305047300,36.84295,26.744916666666665,11.5,169.1,166.0,0,PositionReport,70.0,ADAM CROWN,Cargo,20
1889,2026-06-08 20:04:42.117054+00:00,20260608_195523,241953000,36.40786666666667,28.246531666666662,0.0,242.9,359.0,1,PositionReport,89.0,SEAVEN CREST,Tanker,20
1894,2026-06-08 20:04:42.935314+00:00,20260608_195523,319160400,36.693846666666666,27.95227,7.8,217.1,211.0,0,PositionReport,37.0,NEXUS,Pleasure Craft,20
1908,2026-06-08 20:04:49.185000+00:00,20260608_195523,271052890,36.73595833333333,26.749166666666667,13.5,159.5,160.0,0,PositionReport,70.0,MED BEYKOZ,Cargo,20
1923,2026-06-08 20:04:53.890749+00:00,20260608_195523,271044329,36.57993666666667,27.568241666666665,8.2,111.7,110.0,0,PositionReport,70.0,KILIC,Cargo,20
1928,2026-06-08 20:04:55.050550+00:00,20260608_195523,538072107,36.82238333333333,28.312531666666665,0.0,19.9,323.0,5,PositionReport,37.0,TURK'S,Pleasure Craft,20
1931,2026-06-08 20:04:55.420803+00:00,20260608_195523,341776000,36.44786666666666,28.23807833333333,0.0,360.0,129.0,5,PositionReport,60.0,BLUE SAPPHIRE,Passenger,20
1939,2026-06-08 20:04:57.240044+00:00,20260608_195523,241846000,36.44871833333333,28.232701666666667,5.2,91.7,511.0,5,PositionReport,52.0,CAPTAIN DIMITRIS I,Tug,20
1962,2026-06-08 20:05:05.206139+00:00,20260608_195523,248446000,37.01416666666667,27.450451666666662,0.0,15.2,264.0,5,PositionReport,37.0,ELEMENTS,Pleasure Craft,20
1967,2026-06-08 20:05:06.713265+00:00,20260608_195523,249048000,36.774743333333326,26.71780333333333,18.1,355.1,354.0,0,PositionReport,,,Unknown,20
1983,2026-06-08 20:05:12.518375+00:00,20260608_195523,271043459,36.82680833333333,28.562606666666667,0.0,29.1,511.0,15,PositionReport,0.0,ADMIRAL,Unknown,20
2007,2026-06-08 20:05:20.165663+00:00,20260608_195523,511101443,37.03214166666667,27.42635166666667,0.0,176.3,511.0,9,PositionReport,60.0,SEA STAR KOS,Passenger,20
2015,2026-06-08 20:05:22.241878+00:00,20260608_195523,319105300,36.69150333333334,27.775595,10.5,62.1,61.0,0,PositionReport,37.0,MY ESCAPE,Pleasure Craft,20
2017,2026-06-08 20:05:22.466187+00:00,20260608_195523,241216000,36.62756666666667,27.8376,0.0,180.0,162.0,0,PositionReport,89.0,NAOUSSA,Tanker,20
2025,2026-06-08 20:05:25.031204+00:00,20260608_195523,511100115,37.02445166666666,27.437666666666665,0.0,327.0,241.0,0,PositionReport,60.0,SEA STAR RHODES,Passenger,20
2078,2026-06-08 20:05:40.198519+00:00,20260608_195523,249010000,36.535628333333335,28.113296666666667,8.8,246.1,246.0,0,PositionReport,60.0,AROYA,Passenger,20
2079,2026-06-08 20:05:40.378320+00:00,20260608_195523,256003728,37.01580333333333,27.44232333333333,0.0,360.0,511.0,1,PositionReport,37.0,BUCKETLIST10,Pleasure Craft,20
2095,2026-06-08 20:05:46.129188+00:00,20260608_195523,271002446,37.02473,27.43823666666667,0.0,0.0,511.0,8,PositionReport,60.0,AKCAKOCA,Passenger,20
2102,2026-06-08 20:05:47.611886+00:00,20260608_195523,240563500,36.61420833333333,27.139321666666667,0.0,318.9,66.0,0,PositionReport,60.0,OLYMPIOS ERMIS,Passenger,20
2110,2026-06-08 20:05:49.317177+00:00,20260608_195523,271052890,36.73238,26.75073666666667,13.5,162.3,162.0,0,PositionReport,70.0,MED BEYKOZ,Cargo,20
2113,2026-06-08 20:05:50.130257+00:00,20260608_195523,271044344,37.03210166666667,27.427811666666667,0.0,36.0,303.0,5,PositionReport,51.0,KIYEM 6,SAR,20
2115,2026-06-08 20:05:50.264108+00:00,20260608_195523,271040379,36.850836666666666,28.27751333333333,0.0,359.1,511.0,5,PositionReport,37.0,CIPITOUBA II,Pleasure Craft,20
2125,2026-06-08 20:05:53.724601+00:00,20260608_195523,271044329,36.57908666666666,27.57081,8.1,111.9,110.0,0,PositionReport,70.0,KILIC,Cargo,20
2128,2026-06-08 20:05:54.334712+00:00,20260608_195523,232057452,37.034525,27.424721666666667,0.0,360.0,511.0,5,PositionReport,98.0,THUNDERBIRD B,Other,20
2129,2026-06-08 20:05:54.366890+00:00,20260608_195523,319105300,36.692128333333336,27.777256666666663,10.4,72.9,72.0,0,PositionReport,37.0,MY ESCAPE,Pleasure Craft,20
2145,2026-06-08 20:05:58.903630+00:00,20260608_195523,373178000,37.15315833333333,26.646625,15.5,181.5,182.0,0,PositionReport,,,Unknown,20
2152,2026-06-08 20:06:00.826147+00:00,20260608_195523,241886000,36.447570000000006,28.23823,0.2,77.4,54.0,3,PositionReport,52.0,CAPTAIN DIMITRIS V,Tug,20
2153,2026-06-08 20:06:01.370925+00:00,20260608_195523,352003824,37.01482,27.45027,0.0,360.0,254.0,13,PositionReport,37.0,SEVEN,Pleasure Craft,20
2163,2026-06-08 20:06:03.175760+00:00,20260608_195523,271053578,37.03419,27.42772666666667,0.0,360.0,511.0,1,PositionReport,36.0,GITANE,Sailing Yacht,20
2173,2026-06-08 20:06:05.729373+00:00,20260608_195523,341608002,36.36566666666667,28.580383333333334,10.9,109.2,110.0,0,PositionReport,70.0,BON,Cargo,20
2197,2026-06-08 20:06:15.375604+00:00,20260608_195523,538072206,36.76920666666667,28.127526666666665,0.0,360.0,162.0,0,PositionReport,,,Unknown,20
2199,2026-06-08 20:06:15.662185+00:00,20260608_195523,271002446,37.02475166666667,27.43822833333333,0.0,0.0,511.0,8,PositionReport,60.0,AKCAKOCA,Passenger,20
2207,2026-06-08 20:06:18.781160+00:00,20260608_195523,319160400,36.69091333333333,27.950008333333336,7.6,202.6,194.0,0,PositionReport,37.0,NEXUS,Pleasure Craft,20
2215,2026-06-08 20:06:20.819714+00:00,20260608_195523,511101443,37.03213333333333,27.426346666666667,0.0,176.3,511.0,9,PositionReport,60.0,SEA STAR KOS,Passenger,20
2231,2026-06-08 20:06:27.739165+00:00,20260608_195523,1193046,37.03301166666667,27.42881833333333,0.0,0.0,511.0,7,PositionReport,50.0,NAUTICAST,Pilot,20
2246,2026-06-08 20:06:30.985534+00:00,20260608_195523,319160400,36.690505,27.94982666666667,7.7,199.4,192.0,0,PositionReport,37.0,NEXUS,Pleasure Craft,20
2247,2026-06-08 20:06:30.993001+00:00,20260608_195523,241886000,36.447555,28.238253333333333,0.1,121.8,48.0,3,PositionReport,52.0,CAPTAIN DIMITRIS V,Tug,20
2261,2026-06-08 20:06:36.991363+00:00,20260608_195523,241846000,36.4487,28.23505833333333,3.6,93.0,511.0,5,PositionReport,52.0,CAPTAIN DIMITRIS I,Tug,20
2265,2026-06-08 20:06:38.049833+00:00,20260608_195523,248548000,36.66382333333333,28.04106,0.0,360.0,17.0,1,PositionReport,36.0,ROXANE,Sailing Yacht,20
2273,2026-06-08 20:06:40.226837+00:00,20260608_195523,249010000,36.53463333333333,28.11051,8.8,246.1,246.0,0,PositionReport,60.0,AROYA,Passenger,20
2276,2026-06-08 20:06:40.707742+00:00,20260608_195523,271047044,36.63062333333333,26.64517833333333,10.6,313.1,315.0,0,PositionReport,72.0,PARPALI,Cargo,20
2284,2026-06-08 20:06:42.136093+00:00,20260608_195523,319105300,36.69273833333333,27.780145,10.4,76.4,74.0,0,PositionReport,37.0,MY ESCAPE,Pleasure Craft,20
2285,2026-06-08 20:06:42.456507+00:00,20260608_195523,241216000,36.62758333333333,27.837633333333333,0.0,187.0,163.0,0,PositionReport,89.0,NAOUSSA,Tanker,20
2294,2026-06-08 20:06:45.871837+00:00,20260608_195523,271002446,37.024766666666665,27.438221666666667,0.0,0.0,511.0,8,PositionReport,60.0,AKCAKOCA,Passenger,20
2315,2026-06-08 20:06:53.780340+00:00,20260608_195523,271044329,36.57821666666667,27.57341333333333,8.2,111.6,110.0,0,PositionReport,70.0,KILIC,Cargo,20
2321,2026-06-08 20:06:54.644641+00:00,20260608_195523,271053537,37.0129,27.450386666666667,0.0,360.0,511.0,1,PositionReport,37.0,ILLUSION 2,Pleasure Craft,20
2330,2026-06-08 20:06:57.087455+00:00,20260608_195523,240563500,36.614195,27.13933,0.0,318.9,67.0,0,PositionReport,60.0,OLYMPIOS ERMIS,Passenger,20
2332,2026-06-08 20:06:57.632797+00:00,20260608_195523,518998972,37.033683333333336,27.425461666666667,0.0,0.0,511.0,5,PositionReport,37.0,ELSEA,Pleasure Craft,20
2354,2026-06-08 20:07:02.169802+00:00,20260608_195523,305047300,36.83550666666667,26.74641666666667,11.5,172.0,168.0,0,PositionReport,70.0,ADAM CROWN,Cargo,20
2362,2026-06-08 20:07:05.873249+00:00,20260608_195523,341608002,36.36466666666667,28.58395,11.0,109.0,109.0,0,PositionReport,70.0,BON,Cargo,20
2374,2026-06-08 20:07:10.090746+00:00,20260608_195523,273333500,36.45871,28.36973833333333,8.0,294.9,295.0,0,PositionReport,70.0,KAPITAN VORONKOV,Cargo,20
2375,2026-06-08 20:07:10.180679+00:00,20260608_195523,271052890,36.727491666666666,26.752666666666663,13.5,162.2,162.0,0,PositionReport,70.0,MED BEYKOZ,Cargo,20
2380,2026-06-08 20:07:12.863542+00:00,20260608_195523,271005006,36.84899166666666,28.280943333333333,0.0,265.4,511.0,5,PositionReport,69.0,MARMARIS EXPRESS,Passenger,20
2384,2026-06-08 20:07:13.745051+00:00,20260608_195523,271051573,36.72746,27.69511333333333,0.0,360.0,511.0,8,PositionReport,37.0,WHITE ISLAND,Pleasure Craft,20
2390,2026-06-08 20:07:15.423606+00:00,20260608_195523,538072206,36.76921333333333,28.12754,0.0,360.0,162.0,0,PositionReport,,,Unknown,20
2405,2026-06-08 20:07:20.866009+00:00,20260608_195523,511101443,37.03213,27.426338333333334,0.0,176.3,511.0,9,PositionReport,60.0,SEA STAR KOS,Passenger,20
2428,2026-06-08 20:07:31.145528+00:00,20260608_195523,241886000,36.447541666666666,28.23824,0.2,294.1,39.0,3,PositionReport,52.0,CAPTAIN DIMITRIS V,Tug,20
2439,2026-06-08 20:07:33.357711+00:00,20260608_195523,325152200,37.01492,27.450426666666665,0.0,178.1,263.0,5,PositionReport,37.0,PACIFIC PEARL,Pleasure Craft,20
2446,2026-06-08 20:07:35.731477+00:00,20260608_195523,209874000,36.443936666666666,28.23689,0.0,142.7,143.0,5,PositionReport,70.0,THANOS,Cargo,20
2451,2026-06-08 20:07:37.018160+00:00,20260608_195523,1193046,37.03301166666667,27.42881833333333,0.0,0.0,511.0,7,PositionReport,50.0,NAUTICAST,Pilot,20
2459,2026-06-08 20:07:40.223081+00:00,20260608_195523,271043588,37.028823333333335,27.437561666666667,0.0,219.5,511.0,5,PositionReport,0.0,LOVE BOAT,Unknown,20
2468,2026-06-08 20:07:42.728725+00:00,20260608_195523,249048000,36.78784666666666,26.71696166666667,18.2,357.0,356.0,0,PositionReport,,,Unknown,20
2486,2026-06-08 20:07:47.791739+00:00,20260608_195523,667002547,36.44565,28.231936666666662,0.0,143.0,170.0,15,PositionReport,60.0,SEA STAR DIAGORAS,Passenger,20
2488,2026-06-08 20:07:48.790337+00:00,20260608_195523,319160400,36.68779666666667,27.94899666666667,7.6,192.6,188.0,0,PositionReport,37.0,NEXUS,Pleasure Craft,20
2506,2026-06-08 20:07:53.767711+00:00,20260608_195523,271044329,36.57732,27.576041666666665,8.2,112.6,110.0,0,PositionReport,70.0,KILIC,Cargo,20
2530,2026-06-08 20:08:02.282112+00:00,20260608_195523,319105300,36.69365666666667,27.78485,10.4,76.3,75.0,0,PositionReport,37.0,MY ESCAPE,Pleasure Craft,20
2536,2026-06-08 20:08:03.520139+00:00,20260608_195523,271053578,37.03420666666667,27.42772666666667,0.0,360.0,511.0,1,PositionReport,36.0,GITANE,Sailing Yacht,20
2556,2026-06-08 20:08:11.718727+00:00,20260608_195523,241886000,36.447496666666666,28.238108333333333,0.8,243.8,48.0,3,PositionReport,52.0,CAPTAIN DIMITRIS V,Tug,20
2561,2026-06-08 20:08:12.679170+00:00,20260608_195523,305047300,36.831806666666665,26.747051666666668,11.5,172.0,167.0,0,PositionReport,70.0,ADAM CROWN,Cargo,20
2571,2026-06-08 20:08:15.440778+00:00,20260608_195523,538072206,36.76922,28.127523333333333,0.0,360.0,162.0,0,PositionReport,,,Unknown,20
2580,2026-06-08 20:08:18.684501+00:00,20260608_195523,273333500,36.45979166666667,28.366856666666667,8.0,294.6,295.0,0,PositionReport,70.0,KAPITAN VORONKOV,Cargo,20
2612,2026-06-08 20:08:30.340191+00:00,20260608_195523,271042480,37.03227666666667,27.426806666666668,0.0,0.0,511.0,5,PositionReport,69.0,GONUL,Passenger,20
2617,2026-06-08 20:08:32.051477+00:00,20260608_195523,370610000,36.44774,28.23224,0.0,107.8,315.0,5,PositionReport,60.0,CROWN IRIS,Passenger,20
2632,2026-06-08 20:08:38.475431+00:00,20260608_195523,237176400,36.44524666666667,28.229216666666662,0.0,328.9,84.0,0,PositionReport,,,Unknown,20
2646,2026-06-08 20:08:43.116112+00:00,20260608_195523,249048000,36.79289833333333,26.716693333333332,18.2,357.6,356.0,0,PositionReport,,,Unknown,20
2657,2026-06-08 20:08:47.723016+00:00,20260608_195523,667002547,36.44565,28.231946666666666,0.0,143.0,170.0,15,PositionReport,60.0,SEA STAR DIAGORAS,Passenger,20
2659,2026-06-08 20:08:47.880638+00:00,20260608_195523,368188000,37.02576,27.42736833333333,0.1,256.5,158.0,1,PositionReport,37.0,SERENITY,Pleasure Craft,20
2662,2026-06-08 20:08:48.249845+00:00,20260608_195523,271040379,36.85085333333333,28.277515,0.0,9.2,511.0,5,PositionReport,37.0,CIPITOUBA II,Pleasure Craft,20
2674,2026-06-08 20:08:50.006001+00:00,20260608_195523,249010000,36.532475,28.10446166666667,8.9,246.2,246.0,0,PositionReport,60.0,AROYA,Passenger,20
2675,2026-06-08 20:08:50.331640+00:00,20260608_195523,271044344,37.03209666666667,27.42781666666667,0.0,36.0,303.0,5,PositionReport,51.0,KIYEM 6,SAR,20
2688,2026-06-08 20:08:53.343844+00:00,20260608_195523,241216000,36.62756666666667,27.837633333333333,0.0,173.0,167.0,0,PositionReport,89.0,NAOUSSA,Tanker,20
2689,2026-06-08 20:08:53.409759+00:00,20260608_195523,232056776,36.613753333333335,27.13921333333333,0.0,360.0,51.0,5,PositionReport,37.0,AIM,Pleasure Craft,20
2692,2026-06-08 20:08:53.701921+00:00,20260608_195523,271001044,37.02896166666667,27.429058333333334,0.1,217.0,511.0,1,PositionReport,37.0,BLACK SEA,Pleasure Craft,20
2721,2026-06-08 20:09:02.017660+00:00,20260608_195523,352003824,37.01481666666667,27.45027,0.0,360.0,254.0,13,PositionReport,37.0,SEVEN,Pleasure Craft,20
2722,2026-06-08 20:09:02.127380+00:00,20260608_195523,319105300,36.694336666666665,27.788376666666668,10.3,76.0,74.0,0,PositionReport,37.0,MY ESCAPE,Pleasure Craft,20
2733,2026-06-08 20:09:04.792448+00:00,20260608_195523,636015607,36.473955,26.78677833333333,13.3,130.5,129.0,0,PositionReport,,,Unknown,20
2753,2026-06-08 20:09:11.574201+00:00,20260608_195523,241886000,36.447363333333335,28.237915,0.1,217.2,43.0,3,PositionReport,52.0,CAPTAIN DIMITRIS V,Tug,20
2764,2026-06-08 20:09:16.111777+00:00,20260608_195523,341608002,36.3625,28.591666666666665,10.9,109.2,109.0,0,PositionReport,70.0,BON,Cargo,20
2766,2026-06-08 20:09:16.294765+00:00,20260608_195523,477238600,36.19867,27.20765833333333,14.1,314.9,313.0,0,PositionReport,79.0,SEAPOWER I,Cargo,20
2789,2026-06-08 20:09:19.975274+00:00,20260608_195523,271002451,36.84889666666666,28.280461666666667,0.0,269.8,511.0,5,PositionReport,60.0,KARTEPE,Passenger,20
2806,2026-06-08 20:09:23.537211+00:00,20260608_195523,271046339,37.03246666666666,27.428,0.0,360.0,309.0,0,PositionReport,37.0,QUEEN OF SALMAKIS,Pleasure Craft,20
2824,2026-06-08 20:09:27.800863+00:00,20260608_195523,538010371,36.536315,26.74737,9.9,314.9,316.0,0,PositionReport,80.0,NISSOS SERIFOS,Tanker,20
2837,2026-06-08 20:09:31.835599+00:00,20260608_195523,240782800,36.38395166666667,27.755561666666665,9.1,256.2,511.0,15,PositionReport,36.0,OXYZEN,Sailing Yacht,20
2846,2026-06-08 20:09:34.820115+00:00,20260608_195523,271047364,37.33388166666667,27.26160833333333,0.0,359.8,353.0,1,PositionReport,31.0,SEASTAR,Towing,20
2847,2026-06-08 20:09:35.351888+00:00,20260608_195523,538072206,36.7692,28.127523333333333,0.0,360.0,167.0,0,PositionReport,,,Unknown,20
2852,2026-06-08 20:09:37.036271+00:00,20260608_195523,1193046,37.03301166666667,27.42881833333333,0.0,0.0,511.0,7,PositionReport,50.0,NAUTICAST,Pilot,20
2872,2026-06-08 20:09:42.020887+00:00,20260608_195523,518999195,36.818171666666665,28.311015,0.0,297.3,7.0,0,PositionReport,37.0,QUEST R,Pleasure Craft,20
2886,2026-06-08 20:09:45.849271+00:00,20260608_195523,271002446,37.02469833333334,27.438258333333334,0.0,0.0,511.0,8,PositionReport,60.0,AKCAKOCA,Passenger,20
2902,2026-06-08 20:09:49.887473+00:00,20260608_195523,249010000,36.531475,28.10166,8.9,246.0,246.0,0,PositionReport,60.0,AROYA,Passenger,20
2913,2026-06-08 20:09:53.347165+00:00,20260608_195523,241216000,36.6276,27.83765,0.0,190.0,169.0,0,PositionReport,89.0,NAOUSSA,Tanker,20
2919,2026-06-08 20:09:55.328692+00:00,20260608_195523,538072206,36.76920666666667,28.127536666666668,0.0,360.0,162.0,0,PositionReport,,,Unknown,20
2926,2026-06-08 20:09:57.129659+00:00,20260608_195523,518998972,37.03367833333333,27.42547,0.0,0.0,511.0,5,PositionReport,37.0,ELSEA,Pleasure Craft,20
2939,2026-06-08 20:10:00.106862+00:00,20260608_195523,271052890,36.71720666666667,26.75666,13.5,162.2,162.0,0,PositionReport,70.0,MED BEYKOZ,Cargo,20
2947,2026-06-08 20:10:02.246274+00:00,20260608_195523,319105300,36.695013333333335,27.791876666666667,10.5,76.7,75.0,0,PositionReport,37.0,MY ESCAPE,Pleasure Craft,20
2956,2026-06-08 20:10:03.899882+00:00,20260608_195523,271043459,36.82677,28.562563333333333,0.2,50.1,511.0,15,PositionReport,0.0,ADMIRAL,Unknown,20
2979,2026-06-08 20:10:12.853065+00:00,20260608_195523,305047300,36.82546333333333,26.748446666666663,11.5,168.7,165.0,0,PositionReport,70.0,ADAM CROWN,Cargo,20
2981,2026-06-08 20:10:13.378138+00:00,20260608_195523,271043459,36.82677,28.56256833333333,0.0,53.8,511.0,15,PositionReport,0.0,ADMIRAL,Unknown,20
2983,2026-06-08 20:10:13.456455+00:00,20260608_195523,357086000,36.37301333333333,26.85709333333333,11.0,312.5,313.0,0,PositionReport,70.0,AMIS WISDOM II,Cargo,20
2992,2026-06-08 20:10:16.417401+00:00,20260608_195523,477238600,36.20144833333333,27.204161666666668,14.1,314.6,314.0,0,PositionReport,79.0,SEAPOWER I,Cargo,20
3022,2026-06-08 20:10:24.685125+00:00,20260608_195523,271051573,36.72745333333333,27.695105,0.0,360.0,511.0,8,PositionReport,37.0,WHITE ISLAND,Pleasure Craft,20
3050,2026-06-08 20:10:33.010761+00:00,20260608_195523,209874000,36.44397166666667,28.236831666666667,0.0,142.7,143.0,5,PositionReport,70.0,THANOS,Cargo,20
3056,2026-06-08 20:10:37.261490+00:00,20260608_195523,1193046,37.03301166666667,27.42881833333333,0.0,0.0,511.0,7,PositionReport,50.0,NAUTICAST,Pilot,20
3069,2026-06-08 20:10:41.404832+00:00,20260608_195523,511101443,37.03215,27.426336666666668,0.0,176.3,511.0,9,PositionReport,60.0,SEA STAR KOS,Passenger,20
3082,2026-06-08 20:10:45.863007+00:00,20260608_195523,271002446,37.02470666666667,27.43826333333333,0.1,0.0,511.0,8,PositionReport,60.0,AKCAKOCA,Passenger,20
3089,2026-06-08 20:10:47.656126+00:00,20260608_195523,667002547,36.44562833333334,28.231953333333333,0.0,143.0,170.0,15,PositionReport,60.0,SEA STAR DIAGORAS,Passenger,20
3094,2026-06-08 20:10:50.292209+00:00,20260608_195523,249010000,36.53047,28.098856666666663,8.9,246.1,246.0,0,PositionReport,60.0,AROYA,Passenger,20
3095,2026-06-08 20:10:50.488771+00:00,20260608_195523,305022400,36.312196666666665,26.93733,9.7,313.7,317.0,0,PositionReport,,,Unknown,20
3113,2026-06-08 20:10:54.613033+00:00,20260608_195523,538072107,36.82236833333333,28.312555,0.0,19.9,323.0,5,PositionReport,37.0,TURK'S,Pleasure Craft,20
3114,2026-06-08 20:10:54.809046+00:00,20260608_195523,341776000,36.44786833333333,28.238061666666667,0.0,360.0,129.0,5,PositionReport,60.0,BLUE SAPPHIRE,Passenger,20
3118,2026-06-08 20:10:55.375121+00:00,20260608_195523,249048000,36.80396833333334,26.71559333333333,18.1,353.4,352.0,0,PositionReport,,,Unknown,20
3128,2026-06-08 20:10:59.350857+00:00,20260608_195523,538072206,36.76920666666667,28.12753,0.0,360.0,218.0,0,PositionReport,,,Unknown,20
3131,2026-06-08 20:11:00.089409+00:00,20260608_195523,271052890,36.713611666666665,26.75807166666667,13.5,162.5,162.0,0,PositionReport,70.0,MED BEYKOZ,Cargo,20
3132,2026-06-08 20:11:00.151694+00:00,20260608_195523,273333500,36.46235833333333,28.360161666666663,8.0,294.9,295.0,0,PositionReport,70.0,KAPITAN VORONKOV,Cargo,20
3140,2026-06-08 20:11:01.955567+00:00,20260608_195523,240782800,36.382995,27.75102,9.1,254.1,511.0,15,PositionReport,36.0,OXYZEN,Sailing Yacht,20
3143,2026-06-08 20:11:02.112200+00:00,20260608_195523,319105300,36.69579333333333,27.795346666666667,10.4,73.0,73.0,0,PositionReport,37.0,MY ESCAPE,Pleasure Craft,20
3149,2026-06-08 20:11:02.795223+00:00,20260608_195523,241216000,36.62761666666667,27.83765,0.0,208.0,171.0,0,PositionReport,89.0,NAOUSSA,Tanker,20
3151,2026-06-08 20:11:03.922085+00:00,20260608_195523,271043459,36.82677666666667,28.562583333333336,0.0,0.0,511.0,15,PositionReport,0.0,ADMIRAL,Unknown,20
3171,2026-06-08 20:11:11.899249+00:00,20260608_195523,241886000,36.447381666666665,28.237986666666664,0.2,60.8,49.0,3,PositionReport,52.0,CAPTAIN DIMITRIS V,Tug,20
3219,2026-06-08 20:11:23.918265+00:00,20260608_195523,305047300,36.821705,26.749313333333337,11.5,170.1,167.0,0,PositionReport,70.0,ADAM CROWN,Cargo,20
3241,2026-06-08 20:11:30.138903+00:00,20260608_195523,271042480,37.032273333333336,27.426801666666663,0.0,0.0,511.0,5,PositionReport,69.0,GONUL,Passenger,20
3257,2026-06-08 20:11:34.973201+00:00,20260608_195523,511100115,37.02445,27.437665,0.0,58.6,241.0,0,PositionReport,60.0,SEA STAR RHODES,Passenger,20
3261,2026-06-08 20:11:36.295427+00:00,20260608_195523,271044079,37.02433,27.438640000000003,0.0,252.1,511.0,15,PositionReport,60.0,M/V ASIM KAPTAN,Passenger,20
3263,2026-06-08 20:11:37.034442+00:00,20260608_195523,1193046,37.03301166666667,27.42881833333333,0.0,0.0,511.0,7,PositionReport,50.0,NAUTICAST,Pilot,20
3269,2026-06-08 20:11:39.873502+00:00,20260608_195523,256003728,37.01580666666667,27.442295,0.0,360.0,511.0,1,PositionReport,37.0,BUCKETLIST10,Pleasure Craft,20
3274,2026-06-08 20:11:41.166546+00:00,20260608_195523,229908000,36.76490166666667,28.12199333333333,0.1,179.0,128.0,0,PositionReport,,,Unknown,20
3286,2026-06-08 20:11:46.200249+00:00,20260608_195523,271040379,36.85086,28.27752,0.0,16.8,511.0,5,PositionReport,37.0,CIPITOUBA II,Pleasure Craft,20
3292,2026-06-08 20:11:47.588940+00:00,20260608_195523,368188000,37.025785,27.427375,0.2,2.6,145.0,1,PositionReport,37.0,SERENITY,Pleasure Craft,20
3303,2026-06-08 20:11:50.157012+00:00,20260608_195523,271044344,37.03209666666667,27.427811666666667,0.0,36.0,303.0,5,PositionReport,51.0,KIYEM 6,SAR,20
3316,2026-06-08 20:11:54.478199+00:00,20260608_195523,271001044,37.02892,27.42900333333333,0.2,205.0,511.0,1,PositionReport,37.0,BLACK SEA,Pleasure Craft,20
3323,2026-06-08 20:11:57.302755+00:00,20260608_195523,232057452,37.034533333333336,27.42474,0.1,360.0,511.0,5,PositionReport,98.0,THUNDERBIRD B,Other,20
3346,2026-06-08 20:12:02.260877+00:00,20260608_195523,319105300,36.69662666666667,27.798808333333334,10.4,73.1,73.0,0,PositionReport,37.0,MY ESCAPE,Pleasure Craft,20
3349,2026-06-08 20:12:03.265608+00:00,20260608_195523,271053578,37.03418333333333,27.427703333333334,0.0,360.0,511.0,1,PositionReport,36.0,GITANE,Sailing Yacht,20
3352,2026-06-08 20:12:03.955173+00:00,20260608_195523,271043459,36.82678,28.562608333333333,0.0,0.0,511.0,15,PositionReport,0.0,ADMIRAL,Unknown,20
3385,2026-06-08 20:12:16.641804+00:00,20260608_195523,477238600,36.206935,27.19721666666667,14.1,313.8,314.0,0,PositionReport,79.0,SEAPOWER I,Cargo,20
3401,2026-06-08 20:12:21.645018+00:00,20260608_195523,241886000,36.44739666666667,28.23800333333333,0.2,244.8,61.0,3,PositionReport,52.0,CAPTAIN DIMITRIS V,Tug,20
3422,2026-06-08 20:12:24.994353+00:00,20260608_195523,271046339,37.03246333333333,27.42798,0.0,360.0,309.0,0,PositionReport,37.0,QUEEN OF SALMAKIS,Pleasure Craft,20
3424,2026-06-08 20:12:25.489140+00:00,20260608_195523,271002446,37.02473666666666,27.43828166666667,0.0,0.0,511.0,8,PositionReport,60.0,AKCAKOCA,Passenger,20
3446,2026-06-08 20:12:30.553770+00:00,20260608_195523,305022400,36.31536666666667,26.93328166666667,9.7,313.9,317.0,0,PositionReport,,,Unknown,20
3448,2026-06-08 20:12:31.208479+00:00,20260608_195523,511101443,37.032138333333336,27.426338333333334,0.0,176.3,511.0,9,PositionReport,60.0,SEA STAR KOS,Passenger,20
3463,2026-06-08 20:12:34.994446+00:00,20260608_195523,538072206,36.76920333333333,28.12755333333333,0.0,360.0,162.0,0,PositionReport,,,Unknown,20
3464,2026-06-08 20:12:35.801405+00:00,20260608_195523,271052907,37.0122,27.43714333333333,0.0,360.0,511.0,1,PositionReport,36.0,MEIRA,Sailing Yacht,20
3468,2026-06-08 20:12:37.182871+00:00,20260608_195523,319160400,36.67788166666666,27.945791666666665,7.5,195.7,190.0,0,PositionReport,37.0,NEXUS,Pleasure Craft,20
3478,2026-06-08 20:12:40.504636+00:00,20260608_195523,319105300,36.697105,27.80082666666667,10.4,73.7,72.0,0,PositionReport,37.0,MY ESCAPE,Pleasure Craft,20
3479,2026-06-08 20:12:40.596549+00:00,20260608_195523,248548000,36.663806666666666,28.04102333333333,0.0,360.0,18.0,1,PositionReport,36.0,ROXANE,Sailing Yacht,20
3499,2026-06-08 20:12:46.379597+00:00,20260608_195523,271002446,37.024745,27.43828166666667,0.0,0.0,511.0,8,PositionReport,60.0,AKCAKOCA,Passenger,20
3545,2026-06-08 20:13:00.632284+00:00,20260608_195523,271052890,36.70627,26.76085833333333,13.6,162.4,162.0,0,PositionReport,70.0,MED BEYKOZ,Cargo,20
3563,2026-06-08 20:13:06.107428+00:00,20260608_195523,271053578,37.03419,27.427698333333336,0.0,360.0,511.0,1,PositionReport,36.0,GITANE,Sailing Yacht,20
3584,2026-06-08 20:13:10.457591+00:00,20260608_195523,319105300,36.697498333333336,27.80252833333333,10.3,73.9,72.0,0,PositionReport,37.0,MY ESCAPE,Pleasure Craft,20
3585,2026-06-08 20:13:10.651554+00:00,20260608_195523,271052890,36.70566166666666,26.761078333333334,13.6,162.6,162.0,0,PositionReport,70.0,MED BEYKOZ,Cargo,20
3590,2026-06-08 20:13:12.230561+00:00,20260608_195523,271005006,36.84898833333333,28.280955,0.0,265.4,511.0,5,PositionReport,69.0,MARMARIS EXPRESS,Passenger,20
3595,2026-06-08 20:13:13.352916+00:00,20260608_195523,319039900,36.45095833333333,28.22681333333333,0.0,51.8,280.0,5,PositionReport,37.0,MEGAN,Pleasure Craft,20
3598,2026-06-08 20:13:13.878398+00:00,20260608_195523,241216000,36.62761666666667,27.83765,0.0,216.0,172.0,0,PositionReport,89.0,NAOUSSA,Tanker,20
3603,2026-06-08 20:13:15.339078+00:00,20260608_195523,538072206,36.76920333333333,28.12754,0.0,360.0,162.0,0,PositionReport,,,Unknown,20
3608,2026-06-08 20:13:16.602905+00:00,20260608_195523,477238600,36.209685,27.19372333333333,14.1,313.5,315.0,0,PositionReport,79.0,SEAPOWER I,Cargo,20
3633,2026-06-08 20:13:21.866182+00:00,20260608_195523,461000204,37.01431,27.450486666666663,0.0,128.0,262.0,5,PositionReport,37.0,WARDA,Pleasure Craft,20
3634,2026-06-08 20:13:22.043152+00:00,20260608_195523,229908000,36.76483333333333,28.122,0.1,267.0,129.0,0,PositionReport,,,Unknown,20
3639,2026-06-08 20:13:23.694221+00:00,20260608_195523,357086000,36.379555,26.848245,11.0,312.4,313.0,0,PositionReport,70.0,AMIS WISDOM II,Cargo,20
3643,2026-06-08 20:13:24.968474+00:00,20260608_195523,271046339,37.03244333333334,27.42802,0.0,360.0,309.0,0,PositionReport,37.0,QUEEN OF SALMAKIS,Pleasure Craft,20
3659,2026-06-08 20:13:31.347267+00:00,20260608_195523,511101443,37.03214,27.426336666666668,0.0,176.3,511.0,9,PositionReport,60.0,SEA STAR KOS,Passenger,20
3661,2026-06-08 20:13:31.560493+00:00,20260608_195523,249048000,36.81713166666667,26.713788333333333,18.2,355.0,354.0,0,PositionReport,,,Unknown,20
3666,2026-06-08 20:13:32.517989+00:00,20260608_195523,305047300,36.81487,26.75047,11.6,172.5,168.0,0,PositionReport,70.0,ADAM CROWN,Cargo,20
3678,2026-06-08 20:13:35.278152+00:00,20260608_195523,538072206,36.76920333333333,28.127536666666668,0.0,360.0,162.0,0,PositionReport,,,Unknown,20
3686,2026-06-08 20:13:38.075840+00:00,20260608_195523,1193046,37.03301166666667,27.42881833333333,0.0,0.0,511.0,7,PositionReport,50.0,NAUTICAST,Pilot,20
3687,2026-06-08 20:13:38.138111+00:00,20260608_195523,538010371,36.544520000000006,26.73746833333333,9.9,315.5,316.0,0,PositionReport,80.0,NISSOS SERIFOS,Tanker,20
3693,2026-06-08 20:13:39.556719+00:00,20260608_195523,256003728,37.01580166666667,27.442318333333333,0.0,360.0,511.0,1,PositionReport,37.0,BUCKETLIST10,Pleasure Craft,20
3715,2026-06-08 20:13:45.245113+00:00,20260608_195523,511100115,37.024435,27.43768333333333,0.0,58.6,241.0,0,PositionReport,60.0,SEA STAR RHODES,Passenger,20
3719,2026-06-08 20:13:46.842269+00:00,20260608_195523,240563500,36.61421833333333,27.13934,0.0,318.9,67.0,0,PositionReport,60.0,OLYMPIOS ERMIS,Passenger,20
3731,2026-06-08 20:13:50.089144+00:00,20260608_195523,249010000,36.52733,28.09049,8.9,244.0,244.0,0,PositionReport,60.0,AROYA,Passenger,20
3760,2026-06-08 20:13:58.399719+00:00,20260608_195523,538072107,36.82244,28.312565,0.0,19.9,323.0,5,PositionReport,37.0,TURK'S,Pleasure Craft,20
3775,2026-06-08 20:14:04.222199+00:00,20260608_195523,248446000,37.014165000000006,27.45045,0.0,120.8,264.0,5,PositionReport,37.0,ELEMENTS,Pleasure Craft,20
3790,2026-06-08 20:14:08.868984+00:00,20260608_195523,319160400,36.67476833333333,27.944671666666668,7.6,192.5,185.0,0,PositionReport,37.0,NEXUS,Pleasure Craft,20
3800,2026-06-08 20:14:12.374159+00:00,20260608_195523,241886000,36.447406666666666,28.23785,0.3,326.0,52.0,3,PositionReport,52.0,CAPTAIN DIMITRIS V,Tug,20
3801,2026-06-08 20:14:12.530170+00:00,20260608_195523,271043459,36.826765,28.562586666666668,0.0,36.9,511.0,15,PositionReport,0.0,ADMIRAL,Unknown,20
3806,2026-06-08 20:14:14.400255+00:00,20260608_195523,271044329,36.57184,27.59279,8.2,111.5,110.0,0,PositionReport,70.0,KILIC,Cargo,20
3811,2026-06-08 20:14:15.398330+00:00,20260608_195523,352003964,36.84014666666667,28.26489,0.0,298.2,39.0,1,PositionReport,37.0,AZUMI,Pleasure Craft,20
3826,2026-06-08 20:14:20.116447+00:00,20260608_195523,319105300,36.69844,27.806563333333333,10.3,74.3,72.0,0,PositionReport,37.0,MY ESCAPE,Pleasure Craft,20
3836,2026-06-08 20:14:22.729492+00:00,20260608_195523,237176400,36.44526333333333,28.229223333333334,0.0,328.9,84.0,0,PositionReport,,,Unknown,20
3842,2026-06-08 20:14:24.546065+00:00,20260608_195523,271051573,36.72746333333334,27.695085,0.0,360.0,511.0,8,PositionReport,37.0,WHITE ISLAND,Pleasure Craft,20
3855,2026-06-08 20:14:30.363530+00:00,20260608_195523,271042480,37.032273333333336,27.426796666666668,0.0,0.0,511.0,5,PositionReport,69.0,GONUL,Passenger,20
3861,2026-06-08 20:14:31.271124+00:00,20260608_195523,511101443,37.03214,27.42633333333333,0.0,176.3,511.0,9,PositionReport,60.0,SEA STAR KOS,Passenger,20
3865,2026-06-08 20:14:31.961730+00:00,20260608_195523,370610000,36.44772666666667,28.232206666666663,0.0,107.8,315.0,5,PositionReport,60.0,CROWN IRIS,Passenger,20
3897,2026-06-08 20:14:43.601609+00:00,20260608_195523,305047300,36.81106333333333,26.75121,11.5,170.4,165.0,0,PositionReport,70.0,ADAM CROWN,Cargo,20
3905,2026-06-08 20:14:46.639478+00:00,20260608_195523,538010371,36.5468,26.734728333333333,9.9,315.5,316.0,0,PositionReport,80.0,NISSOS SERIFOS,Tanker,20
3906,2026-06-08 20:14:46.691205+00:00,20260608_195523,271002446,37.02474,27.438291666666665,0.0,0.0,511.0,8,PositionReport,60.0,AKCAKOCA,Passenger,20
3918,2026-06-08 20:14:50.093006+00:00,20260608_195523,249010000,36.526230000000005,28.087721666666667,8.9,243.9,244.0,0,PositionReport,60.0,AROYA,Passenger,20
3919,2026-06-08 20:14:50.168656+00:00,20260608_195523,271044344,37.03208833333333,27.427813333333333,0.0,36.0,303.0,5,PositionReport,51.0,KIYEM 6,SAR,20
3936,2026-06-08 20:14:54.615382+00:00,20260608_195523,271001044,37.02887666666666,27.428956666666668,0.1,284.0,511.0,1,PositionReport,37.0,BLACK SEA,Pleasure Craft,20
3937,2026-06-08 20:14:54.763075+00:00,20260608_195523,511100115,37.02445333333333,27.437681666666663,0.0,58.6,241.0,0,PositionReport,60.0,SEA STAR RHODES,Passenger,20
3939,2026-06-08 20:14:56.259967+00:00,20260608_195523,232057452,37.03452833333333,27.42472,0.0,360.0,511.0,5,PositionReport,98.0,THUNDERBIRD B,Other,20
3948,2026-06-08 20:14:58.995743+00:00,20260608_195523,352003824,37.01482333333333,27.450265,0.0,360.0,264.0,13,PositionReport,37.0,SEVEN,Pleasure Craft,20
3957,2026-06-08 20:15:00.881730+00:00,20260608_195523,240782800,36.38005666666666,27.73897833333333,9.5,250.1,511.0,15,PositionReport,36.0,OXYZEN,Sailing Yacht,20
3982,2026-06-08 20:15:11.045191+00:00,20260608_195523,271052890,36.69843333333333,26.76388833333333,13.5,162.3,162.0,0,PositionReport,70.0,MED BEYKOZ,Cargo,20
3988,2026-06-08 20:15:12.464666+00:00,20260608_195523,241886000,36.447455,28.237818333333333,0.1,12.3,56.0,3,PositionReport,52.0,CAPTAIN DIMITRIS V,Tug,20
3998,2026-06-08 20:15:14.369348+00:00,20260608_195523,271044329,36.57099333333333,27.595455,8.3,111.9,110.0,0,PositionReport,70.0,KILIC,Cargo,20
4001,2026-06-08 20:15:15.084748+00:00,20260608_195523,538072206,36.76921333333333,28.12754,0.0,360.0,167.0,0,PositionReport,,,Unknown,20
4019,2026-06-08 20:15:20.359195+00:00,20260608_195523,271002451,36.848885,28.280455,0.0,269.8,511.0,5,PositionReport,60.0,KARTEPE,Passenger,20
4022,2026-06-08 20:15:20.649865+00:00,20260608_195523,319105300,36.699241666666666,27.810033333333333,10.4,73.6,72.0,0,PositionReport,37.0,MY ESCAPE,Pleasure Craft,20
4028,2026-06-08 20:15:22.259227+00:00,20260608_195523,229908000,36.764903333333336,28.121991666666663,0.1,159.0,129.0,0,PositionReport,,,Unknown,20
4033,2026-06-08 20:15:23.471857+00:00,20260608_195523,341776000,36.44788166666667,28.23805833333333,0.3,360.0,127.0,0,PositionReport,60.0,BLUE SAPPHIRE,Passenger,20
4038,2026-06-08 20:15:24.716502+00:00,20260608_195523,271051573,36.72745,27.69509333333333,0.0,360.0,511.0,8,PositionReport,37.0,WHITE ISLAND,Pleasure Craft,20
4050,2026-06-08 20:15:27.224061+00:00,20260608_195523,240563500,36.61420666666667,27.139325,0.0,318.9,66.0,0,PositionReport,60.0,OLYMPIOS ERMIS,Passenger,20
4092,2026-06-08 20:15:40.040150+00:00,20260608_195523,248548000,36.66381,28.04104333333333,0.0,360.0,17.0,1,PositionReport,36.0,ROXANE,Sailing Yacht,20
4093,2026-06-08 20:15:40.288182+00:00,20260608_195523,477238600,36.216166666666666,27.185398333333332,14.1,313.5,315.0,0,PositionReport,79.0,SEAPOWER I,Cargo,20
4107,2026-06-08 20:15:43.361409+00:00,20260608_195523,357086000,36.38443166666666,26.84172333333333,11.0,313.3,313.0,0,PositionReport,70.0,AMIS WISDOM II,Cargo,20
4122,2026-06-08 20:15:47.881697+00:00,20260608_195523,667002547,36.445645,28.231976666666664,0.0,143.0,171.0,15,PositionReport,60.0,SEA STAR DIAGORAS,Passenger,20
4154,2026-06-08 20:15:56.860131+00:00,20260608_195523,518998972,37.033681666666666,27.42545833333333,0.0,0.0,511.0,5,PositionReport,37.0,ELSEA,Pleasure Craft,20
4193,2026-06-08 20:16:10.750518+00:00,20260608_195523,271052890,36.694825,26.76533,13.5,162.2,162.0,0,PositionReport,70.0,MED BEYKOZ,Cargo,20
4196,2026-06-08 20:16:12.128281+00:00,20260608_195523,271005006,36.84898333333333,28.28095,0.0,265.4,511.0,5,PositionReport,69.0,MARMARIS EXPRESS,Passenger,20
4197,2026-06-08 20:16:12.539708+00:00,20260608_195523,271043459,36.82673666666667,28.562598333333334,0.0,46.9,511.0,15,PositionReport,0.0,ADMIRAL,Unknown,20
4203,2026-06-08 20:16:15.142683+00:00,20260608_195523,538072206,36.76920666666667,28.127526666666665,0.0,360.0,162.0,0,PositionReport,,,Unknown,20
4208,2026-06-08 20:16:17.281426+00:00,20260608_195523,538010371,36.54973833333334,26.731148333333334,9.9,315.3,316.0,0,PositionReport,80.0,NISSOS SERIFOS,Tanker,20
4209,2026-06-08 20:16:17.355202+00:00,20260608_195523,341608002,36.355583333333335,28.61678333333333,10.9,108.3,109.0,0,PositionReport,70.0,BON,Cargo,20
4231,2026-06-08 20:16:21.418598+00:00,20260608_195523,461000204,37.01431333333333,27.450486666666663,0.0,163.7,262.0,5,PositionReport,37.0,WARDA,Pleasure Craft,20
4246,2026-06-08 20:16:24.733956+00:00,20260608_195523,271051573,36.72745,27.69509333333333,0.0,360.0,511.0,8,PositionReport,37.0,WHITE ISLAND,Pleasure Craft,20
4267,2026-06-08 20:16:31.170444+00:00,20260608_195523,319105300,36.70016666666667,27.81408,10.4,74.4,72.0,0,PositionReport,37.0,MY ESCAPE,Pleasure Craft,20
4274,2026-06-08 20:16:34.105978+00:00,20260608_195523,209874000,36.443938333333335,28.236878333333333,0.0,142.7,143.0,5,PositionReport,70.0,THANOS,Cargo,20
4278,2026-06-08 20:16:35.893212+00:00,20260608_195523,271044079,37.02431333333333,27.43866166666667,0.0,254.1,511.0,15,PositionReport,60.0,M/V ASIM KAPTAN,Passenger,20
4289,2026-06-08 20:16:38.933338+00:00,20260608_195523,271043588,37.02881666666666,27.437563333333333,0.0,208.5,511.0,5,PositionReport,0.0,LOVE BOAT,Unknown,20
4293,2026-06-08 20:16:40.449369+00:00,20260608_195523,477238600,36.218945,27.181821666666668,14.1,313.6,314.0,0,PositionReport,79.0,SEAPOWER I,Cargo,20
4300,2026-06-08 20:16:42.112010+00:00,20260608_195523,241953000,36.407741666666666,28.246741666666665,0.0,242.9,345.0,1,PositionReport,89.0,SEAVEN CREST,Tanker,20
4319,2026-06-08 20:16:49.329309+00:00,20260608_195523,273363000,36.941071666666666,27.254166666666663,7.5,284.9,286.0,0,PositionReport,,,Unknown,20
4322,2026-06-08 20:16:51.139287+00:00,20260608_195523,511101443,37.03212333333333,27.42635,0.0,176.3,511.0,9,PositionReport,60.0,SEA STAR KOS,Passenger,20
4332,2026-06-08 20:16:54.570432+00:00,20260608_195523,249048000,36.83416166666667,26.712366666666664,18.3,355.8,355.0,0,PositionReport,,,Unknown,20
4336,2026-06-08 20:16:56.462771+00:00,20260608_195523,271002446,37.02467833333333,27.43828333333333,0.0,0.0,511.0,8,PositionReport,60.0,AKCAKOCA,Passenger,20
4353,2026-06-08 20:17:01.913604+00:00,20260608_195523,341776000,36.447875,28.237535,1.4,295.7,133.0,0,PositionReport,60.0,BLUE SAPPHIRE,Passenger,20
4362,2026-06-08 20:17:04.110883+00:00,20260608_195523,271046339,37.03246666666666,27.42806,0.0,360.0,309.0,0,PositionReport,37.0,QUEEN OF SALMAKIS,Pleasure Craft,20
4387,2026-06-08 20:17:10.461227+00:00,20260608_195523,271052890,36.69122,26.76672333333333,13.5,163.0,162.0,0,PositionReport,70.0,MED BEYKOZ,Cargo,20
4395,2026-06-08 20:17:12.358295+00:00,20260608_195523,241886000,36.447478333333336,28.237181666666668,1.6,291.6,86.0,3,PositionReport,52.0,CAPTAIN DIMITRIS V,Tug,20
4399,2026-06-08 20:17:13.698366+00:00,20260608_195523,271043459,36.826773333333335,28.56257,0.1,57.8,511.0,15,PositionReport,0.0,ADMIRAL,Unknown,20
4408,2026-06-08 20:17:15.285769+00:00,20260608_195523,511100115,37.02444,27.437675,0.0,58.6,241.0,0,PositionReport,60.0,SEA STAR RHODES,Passenger,20
4433,2026-06-08 20:17:23.402053+00:00,20260608_195523,538072206,36.76920666666667,28.12755333333333,0.0,360.0,162.0,0,PositionReport,,,Unknown,20
4439,2026-06-08 20:17:24.104726+00:00,20260608_195523,271044329,36.56916666666667,27.601196666666667,8.2,111.8,111.0,0,PositionReport,70.0,KILIC,Cargo,20
4444,2026-06-08 20:17:26.386380+00:00,20260608_195523,538010371,36.55204166666667,26.728355,9.9,315.4,316.0,0,PositionReport,80.0,NISSOS SERIFOS,Tanker,20
4457,2026-06-08 20:17:30.516359+00:00,20260608_195523,271042480,37.03226833333333,27.426795,0.0,0.0,511.0,5,PositionReport,69.0,GONUL,Passenger,20
4472,2026-06-08 20:17:34.071958+00:00,20260608_195523,271046339,37.03245,27.428065,0.0,360.0,309.0,0,PositionReport,37.0,QUEEN OF SALMAKIS,Pleasure Craft,20
4473,2026-06-08 20:17:34.399384+00:00,20260608_195523,271044329,36.56902,27.60164,8.1,111.6,111.0,0,PositionReport,70.0,KILIC,Cargo,20
4480,2026-06-08 20:17:35.823636+00:00,20260608_195523,271044079,37.024323333333335,27.438611666666667,0.0,249.5,511.0,15,PositionReport,60.0,M/V ASIM KAPTAN,Passenger,20
4493,2026-06-08 20:17:40.669247+00:00,20260608_195523,477238600,36.22164833333333,27.178306666666668,14.1,313.8,314.0,0,PositionReport,79.0,SEAPOWER I,Cargo,20
4503,2026-06-08 20:17:43.356421+00:00,20260608_195523,305047300,36.80158166666667,26.753611666666664,11.6,170.6,168.0,0,PositionReport,70.0,ADAM CROWN,Cargo,20
4514,2026-06-08 20:17:46.989211+00:00,20260608_195523,256901000,36.55774333333333,26.652356666666662,12.5,134.1,133.0,0,PositionReport,,,Unknown,20
4518,2026-06-08 20:17:47.851241+00:00,20260608_195523,667002547,36.445635,28.231976666666664,0.0,143.0,171.0,15,PositionReport,60.0,SEA STAR DIAGORAS,Passenger,20
4528,2026-06-08 20:17:50.135686+00:00,20260608_195523,271044344,37.032095,27.427825,0.0,36.0,303.0,5,PositionReport,51.0,KIYEM 6,SAR,20
4536,2026-06-08 20:17:52.248974+00:00,20260608_195523,232056776,36.61376666666667,27.139196666666667,0.0,360.0,51.0,5,PositionReport,37.0,AIM,Pleasure Craft,20
4559,2026-06-08 20:18:00.169326+00:00,20260608_195523,352003824,37.01481666666667,27.45027333333333,0.0,360.0,254.0,13,PositionReport,37.0,SEVEN,Pleasure Craft,20
4567,2026-06-08 20:18:03.417331+00:00,20260608_195523,538072206,36.76922,28.12754333333333,0.0,360.0,162.0,0,PositionReport,,,Unknown,20
4570,2026-06-08 20:18:04.337639+00:00,20260608_195523,271053578,37.03419333333333,27.427703333333334,0.1,360.0,511.0,1,PositionReport,36.0,GITANE,Sailing Yacht,20
4578,2026-06-08 20:18:06.575099+00:00,20260608_195523,271002446,37.02467166666667,27.43828,0.0,0.0,511.0,8,PositionReport,60.0,AKCAKOCA,Passenger,20
4579,2026-06-08 20:18:06.754351+00:00,20260608_195523,240563500,36.61420833333333,27.13933,0.0,318.9,66.0,0,PositionReport,60.0,OLYMPIOS ERMIS,Passenger,20
4584,2026-06-08 20:18:08.735012+00:00,20260608_195523,271045885,37.01546833333334,27.439451666666667,0.0,196.2,511.0,1,PositionReport,67.0,ARIELA,Passenger,20
4610,2026-06-08 20:18:20.293953+00:00,20260608_195523,249010000,36.52241,28.078045,8.9,244.8,245.0,0,PositionReport,60.0,AROYA,Passenger,20
4628,2026-06-08 20:18:26.491122+00:00,20260608_195523,538010371,36.55402333333333,26.72597,9.9,315.3,316.0,0,PositionReport,80.0,NISSOS SERIFOS,Tanker,20
4635,2026-06-08 20:18:29.289299+00:00,20260608_195523,271052890,36.686525,26.76853,13.4,163.3,162.0,0,PositionReport,70.0,MED BEYKOZ,Cargo,20
4655,2026-06-08 20:18:33.729758+00:00,20260608_195523,271051573,36.72743333333334,27.69510166666667,0.0,360.0,511.0,8,PositionReport,37.0,WHITE ISLAND,Pleasure Craft,20
4656,2026-06-08 20:18:34.304511+00:00,20260608_195523,271044329,36.56818,27.60429,8.2,110.8,110.0,0,PositionReport,70.0,KILIC,Cargo,20
4658,2026-06-08 20:18:34.609252+00:00,20260608_195523,271047364,37.33385666666666,27.261645,0.0,359.8,353.0,1,PositionReport,31.0,SEASTAR,Towing,20
4665,2026-06-08 20:18:36.495311+00:00,20260608_195523,241846000,36.44957333333333,28.23491166666667,4.9,343.0,511.0,5,PositionReport,52.0,CAPTAIN DIMITRIS I,Tug,20
4673,2026-06-08 20:18:39.064367+00:00,20260608_195523,273333500,36.46967666666667,28.341155,7.9,295.4,295.0,0,PositionReport,70.0,KAPITAN VORONKOV,Cargo,20
4679,2026-06-08 20:18:40.604834+00:00,20260608_195523,477238600,36.22428666666666,27.174846666666667,14.2,313.4,314.0,0,PositionReport,79.0,SEAPOWER I,Cargo,20
4685,2026-06-08 20:18:41.806425+00:00,20260608_195523,319105300,36.70194166666667,27.821900000000003,10.6,74.2,73.0,0,PositionReport,37.0,MY ESCAPE,Pleasure Craft,20
4694,2026-06-08 20:18:44.933565+00:00,20260608_195523,241886000,36.44770166666667,28.236575,0.4,138.7,351.0,3,PositionReport,52.0,CAPTAIN DIMITRIS V,Tug,20
4706,2026-06-08 20:18:49.182342+00:00,20260608_195523,667002547,36.445655,28.232026666666663,0.0,143.0,170.0,15,PositionReport,60.0,SEA STAR DIAGORAS,Passenger,20
4716,2026-06-08 20:18:52.531568+00:00,20260608_195523,305047300,36.79787,26.754295000000003,11.6,173.0,169.0,0,PositionReport,70.0,ADAM CROWN,Cargo,20
4723,2026-06-08 20:18:54.647405+00:00,20260608_195523,249048000,36.84435,26.711526666666668,18.3,356.5,355.0,0,PositionReport,,,Unknown,20
4752,2026-06-08 20:19:01.855988+00:00,20260608_195523,341776000,36.44847833333333,28.23644,2.0,314.9,136.0,0,PositionReport,60.0,BLUE SAPPHIRE,Passenger,20
4757,2026-06-08 20:19:02.902571+00:00,20260608_195523,305047300,36.79728166666666,26.75438833333333,11.6,172.9,170.0,0,PositionReport,70.0,ADAM CROWN,Cargo,20
4766,2026-06-08 20:19:06.489528+00:00,20260608_195523,271002446,37.02469666666666,27.43825,0.0,0.0,511.0,8,PositionReport,60.0,AKCAKOCA,Passenger,20
4767,2026-06-08 20:19:06.704614+00:00,20260608_195523,240563500,36.614195,27.139345,0.0,318.9,66.0,0,PositionReport,60.0,OLYMPIOS ERMIS,Passenger,20
4782,2026-06-08 20:19:11.595031+00:00,20260608_195523,305022400,36.327956666666665,26.917188333333332,9.7,313.7,316.0,0,PositionReport,,,Unknown,20
4793,2026-06-08 20:19:17.009499+00:00,20260608_195523,241846000,36.449985,28.23470166666667,2.2,344.8,511.0,5,PositionReport,52.0,CAPTAIN DIMITRIS I,Tug,20
4805,2026-06-08 20:19:19.188350+00:00,20260608_195523,232054157,36.68590833333334,28.037151666666663,0.0,282.3,25.0,5,PositionReport,37.0,NIMIR,Pleasure Craft,20
4817,2026-06-08 20:19:20.979862+00:00,20260608_195523,461000204,37.01431166666667,27.45048833333333,0.0,30.7,262.0,5,PositionReport,37.0,WARDA,Pleasure Craft,20
4821,2026-06-08 20:19:21.490820+00:00,20260608_195523,518999195,36.81816333333334,28.310985,0.0,317.5,7.0,0,PositionReport,37.0,QUEST R,Pleasure Craft,20
4842,2026-06-08 20:19:29.274421+00:00,20260608_195523,271052890,36.68295333333333,26.76991333333333,13.3,162.1,162.0,0,PositionReport,70.0,MED BEYKOZ,Cargo,20
4847,2026-06-08 20:19:30.959063+00:00,20260608_195523,511101443,37.03214,27.426316666666665,0.0,176.3,511.0,9,PositionReport,60.0,SEA STAR KOS,Passenger,20
4858,2026-06-08 20:19:33.447183+00:00,20260608_195523,241216000,36.6276,27.8376,0.1,197.0,169.0,0,PositionReport,89.0,NAOUSSA,Tanker,20
4862,2026-06-08 20:19:34.312836+00:00,20260608_195523,271044329,36.56733333333333,27.60693,8.2,111.1,110.0,0,PositionReport,70.0,KILIC,Cargo,20
4868,2026-06-08 20:19:34.994405+00:00,20260608_195523,538072206,36.76919,28.127526666666665,0.0,360.0,162.0,0,PositionReport,,,Unknown,20
4872,2026-06-08 20:19:35.894438+00:00,20260608_195523,271044079,37.02432833333333,27.43865333333333,0.0,210.7,511.0,15,PositionReport,60.0,M/V ASIM KAPTAN,Passenger,20
4874,2026-06-08 20:19:36.702349+00:00,20260608_195523,538071660,37.013515,27.450455,0.0,262.8,287.0,1,PositionReport,37.0,M/Y GOLDEN HORN,Pleasure Craft,20
4882,2026-06-08 20:19:39.205742+00:00,20260608_195523,538011838,36.6476,27.136311666666664,0.0,256.0,318.0,1,PositionReport,70.0,IRIS I,Cargo,20
4883,2026-06-08 20:19:39.386682+00:00,20260608_195523,271043588,37.028815,27.437571666666667,0.0,195.8,511.0,5,PositionReport,0.0,LOVE BOAT,Unknown,20
4886,2026-06-08 20:19:39.560740+00:00,20260608_195523,256003728,37.01580833333333,27.44233833333333,0.0,360.0,511.0,1,PositionReport,37.0,BUCKETLIST10,Pleasure Craft,20
4890,2026-06-08 20:19:40.437243+00:00,20260608_195523,477238600,36.22698666666667,27.171266666666668,14.2,312.8,314.0,0,PositionReport,79.0,SEAPOWER I,Cargo,20
4896,2026-06-08 20:19:41.819750+00:00,20260608_195523,319105300,36.70275,27.8254,10.5,73.4,73.0,0,PositionReport,37.0,MY ESCAPE,Pleasure Craft,20
4898,2026-06-08 20:19:42.024979+00:00,20260608_195523,241953000,36.40777,28.24673333333333,0.0,242.9,346.0,1,PositionReport,89.0,SEAVEN CREST,Tanker,20
4931,2026-06-08 20:19:49.005242+00:00,20260608_195523,667002547,36.445665,28.232045000000003,0.0,143.0,170.0,15,PositionReport,60.0,SEA STAR DIAGORAS,Passenger,20
4932,2026-06-08 20:19:49.197780+00:00,20260608_195523,273363000,36.94249,27.24687,7.2,289.0,291.0,0,PositionReport,,,Unknown,20
4936,2026-06-08 20:19:50.018571+00:00,20260608_195523,273333500,36.47081833333333,28.33822,7.9,295.5,296.0,0,PositionReport,70.0,KAPITAN VORONKOV,Cargo,20
4944,2026-06-08 20:19:52.022332+00:00,20260608_195523,240782800,36.37598166666667,27.724711666666668,9.1,253.8,511.0,15,PositionReport,36.0,OXYZEN,Sailing Yacht,20
4954,2026-06-08 20:19:54.526673+00:00,20260608_195523,249048000,36.84944333333333,26.71112833333333,18.4,356.1,355.0,0,PositionReport,,,Unknown,20
4956,2026-06-08 20:19:55.176855+00:00,20260608_195523,319177600,37.02411666666667,27.436916666666665,0.0,62.8,63.0,5,PositionReport,37.0,STARLUST,Pleasure Craft,20
4966,2026-06-08 20:19:58.028440+00:00,20260608_195523,538072107,36.82247666666667,28.312596666666664,0.0,19.9,323.0,5,PositionReport,37.0,TURK'S,Pleasure Craft,20
4982,2026-06-08 20:20:03.119969+00:00,20260608_195523,271053578,37.03419,27.42772666666667,0.0,360.0,511.0,1,PositionReport,36.0,GITANE,Sailing Yacht,20
4987,2026-06-08 20:20:04.504085+00:00,20260608_195523,241886000,36.448395,28.236806666666663,2.1,347.2,296.0,3,PositionReport,52.0,CAPTAIN DIMITRIS V,Tug,20
4988,2026-06-08 20:20:05.037107+00:00,20260608_195523,248446000,37.01416666666667,27.45044833333333,0.0,270.2,264.0,5,PositionReport,37.0,ELEMENTS,Pleasure Craft,20
4994,2026-06-08 20:20:06.704718+00:00,20260608_195523,240563500,36.61421,27.13933,0.0,318.9,66.0,0,PositionReport,60.0,OLYMPIOS ERMIS,Passenger,20
5001,2026-06-08 20:20:07.283214+00:00,20260608_195523,271002446,37.024728333333336,27.43823,0.0,0.0,511.0,8,PositionReport,60.0,AKCAKOCA,Passenger,20
5012,2026-06-08 20:20:11.432177+00:00,20260608_195523,305022400,36.32986,26.914721666666665,9.7,314.4,317.0,0,PositionReport,,,Unknown,20
5016,2026-06-08 20:20:13.559571+00:00,20260608_195523,271043459,36.826745,28.56259,0.0,63.6,511.0,15,PositionReport,0.0,ADMIRAL,Unknown,20
5024,2026-06-08 20:20:19.192985+00:00,20260608_195523,538072206,36.7692,28.12754,0.0,360.0,162.0,0,PositionReport,,,Unknown,20
5037,2026-06-08 20:20:23.059273+00:00,20260608_195523,305047300,36.79304833333333,26.755241666666667,11.5,166.0,164.0,0,PositionReport,70.0,ADAM CROWN,Cargo,20
5047,2026-06-08 20:20:27.743761+00:00,20260608_195523,538010371,36.55802833333333,26.72115,9.9,315.4,316.0,0,PositionReport,80.0,NISSOS SERIFOS,Tanker,20
5060,2026-06-08 20:20:31.499783+00:00,20260608_195523,370610000,36.447735,28.23223833333333,0.0,107.8,315.0,5,PositionReport,60.0,CROWN IRIS,Passenger,20
5068,2026-06-08 20:20:34.231036+00:00,20260608_195523,271044329,36.56648,27.60954333333333,8.1,111.2,110.0,0,PositionReport,70.0,KILIC,Cargo,20
5084,2026-06-08 20:20:38.061895+00:00,20260608_195523,1193046,37.03301166666667,27.42881833333333,0.0,0.0,511.0,7,PositionReport,50.0,NAUTICAST,Pilot,20
5086,2026-06-08 20:20:38.671954+00:00,20260608_195523,319160400,36.66081,27.94292,7.8,184.4,180.0,0,PositionReport,37.0,NEXUS,Pleasure Craft,20
5092,2026-06-08 20:20:41.195288+00:00,20260608_195523,518999195,36.818175,28.311001666666662,0.0,320.6,6.0,0,PositionReport,37.0,QUEST R,Pleasure Craft,20
5111,2026-06-08 20:20:46.465413+00:00,20260608_195523,368188000,37.02582333333333,27.427380000000003,0.2,229.4,150.0,1,PositionReport,37.0,SERENITY,Pleasure Craft,20
5125,2026-06-08 20:20:49.271644+00:00,20260608_195523,667002547,36.44567166666666,28.232035,0.0,143.0,171.0,15,PositionReport,60.0,SEA STAR DIAGORAS,Passenger,20
5137,2026-06-08 20:20:54.324964+00:00,20260608_195523,232056776,36.61373666666667,27.139196666666667,0.0,360.0,51.0,5,PositionReport,37.0,AIM,Pleasure Craft,20
5167,2026-06-08 20:21:02.506490+00:00,20260608_195523,352003824,37.01481666666667,27.450261666666663,0.0,360.0,254.0,13,PositionReport,37.0,SEVEN,Pleasure Craft,20
5177,2026-06-08 20:21:06.777465+00:00,20260608_195523,240563500,36.61421166666666,27.139341666666667,0.0,318.9,66.0,0,PositionReport,60.0,OLYMPIOS ERMIS,Passenger,20
5180,2026-06-08 20:21:07.253415+00:00,20260608_195523,271002446,37.02474166666666,27.43822833333333,0.0,0.0,511.0,8,PositionReport,60.0,AKCAKOCA,Passenger,20
5181,2026-06-08 20:21:07.483000+00:00,20260608_195523,249048000,36.855646666666665,26.710616666666667,18.4,355.9,355.0,0,PositionReport,,,Unknown,20
5188,2026-06-08 20:21:09.627052+00:00,20260608_195523,249010000,36.519425,28.07019833333333,8.9,244.6,245.0,0,PositionReport,60.0,AROYA,Passenger,20
5193,2026-06-08 20:21:11.070172+00:00,20260608_195523,271045885,37.015445,27.439446666666665,0.0,177.3,511.0,1,PositionReport,67.0,ARIELA,Passenger,20
5198,2026-06-08 20:21:12.865952+00:00,20260608_195523,341776000,36.44945833333334,28.23580833333333,1.4,340.0,113.0,0,PositionReport,60.0,BLUE SAPPHIRE,Passenger,20
5201,2026-06-08 20:21:15.015195+00:00,20260608_195523,511100115,37.02444166666667,27.437673333333333,0.0,58.6,241.0,0,PositionReport,60.0,SEA STAR RHODES,Passenger,20
5208,2026-06-08 20:21:18.383752+00:00,20260608_195523,273363000,36.94346,27.243315,7.3,287.7,294.0,0,PositionReport,,,Unknown,20
5222,2026-06-08 20:21:21.431510+00:00,20260608_195523,271047044,36.660538333333335,26.60579333333333,10.5,313.1,315.0,0,PositionReport,72.0,PARPALI,Cargo,20
5242,2026-06-08 20:21:26.841331+00:00,20260608_195523,241846000,36.450265,28.23357833333333,1.6,237.0,511.0,5,PositionReport,52.0,CAPTAIN DIMITRIS I,Tug,20
5268,2026-06-08 20:21:34.216927+00:00,20260608_195523,271044329,36.56567333333333,27.612155,8.1,111.9,111.0,0,PositionReport,70.0,KILIC,Cargo,20
5270,2026-06-08 20:21:34.415557+00:00,20260608_195523,271046339,37.03248333333333,27.428045,0.0,360.0,309.0,0,PositionReport,37.0,QUEEN OF SALMAKIS,Pleasure Craft,20
5277,2026-06-08 20:21:36.617808+00:00,20260608_195523,271052907,37.012123333333335,27.437166666666663,0.1,360.0,511.0,1,PositionReport,36.0,MEIRA,Sailing Yacht,20
5281,2026-06-08 20:21:36.948858+00:00,20260608_195523,271044079,37.024348333333336,27.438656666666667,0.1,226.3,511.0,15,PositionReport,60.0,M/V ASIM KAPTAN,Passenger,20
5286,2026-06-08 20:21:38.157108+00:00,20260608_195523,1193046,37.03301166666667,27.42881833333333,0.0,0.0,511.0,7,PositionReport,50.0,NAUTICAST,Pilot,20
5299,2026-06-08 20:21:40.926292+00:00,20260608_195523,248548000,36.66383666666666,28.04103,0.0,360.0,16.0,1,PositionReport,36.0,ROXANE,Sailing Yacht,20
5337,2026-06-08 20:21:52.840760+00:00,20260608_195523,477238600,36.23291666666667,27.16347833333333,14.1,312.9,314.0,0,PositionReport,79.0,SEAPOWER I,Cargo,20
5339,2026-06-08 20:21:53.055549+00:00,20260608_195523,241216000,36.62756666666667,27.83758333333333,0.1,199.0,166.0,0,PositionReport,89.0,NAOUSSA,Tanker,20
5343,2026-06-08 20:21:53.841982+00:00,20260608_195523,305047300,36.788315,26.75647833333333,11.6,169.2,166.0,0,PositionReport,70.0,ADAM CROWN,Cargo,20
5345,2026-06-08 20:21:54.533630+00:00,20260608_195523,271051573,36.72746,27.695085,0.0,360.0,511.0,8,PositionReport,37.0,WHITE ISLAND,Pleasure Craft,20
5353,2026-06-08 20:21:56.777793+00:00,20260608_195523,341608002,36.35031666666666,28.63685,10.8,108.1,110.0,0,PositionReport,70.0,BON,Cargo,20
5372,2026-06-08 20:22:01.480855+00:00,20260608_195523,229908000,36.76483333333333,28.122,0.1,280.0,128.0,0,PositionReport,,,Unknown,20
5376,2026-06-08 20:22:02.535565+00:00,20260608_195523,511101610,36.8196,28.300385,0.0,0.0,511.0,1,PositionReport,,,Unknown,20
5386,2026-06-08 20:22:07.410316+00:00,20260608_195523,271002446,37.024743333333326,27.438205,0.1,0.0,511.0,8,PositionReport,60.0,AKCAKOCA,Passenger,20
5387,2026-06-08 20:22:07.655844+00:00,20260608_195523,249048000,36.860753333333335,26.710286666666665,18.5,358.1,357.0,0,PositionReport,,,Unknown,20
5397,2026-06-08 20:22:13.262306+00:00,20260608_195523,319039900,36.45095833333333,28.226811666666663,0.0,269.6,280.0,5,PositionReport,37.0,MEGAN,Pleasure Craft,20
5410,2026-06-08 20:22:19.265828+00:00,20260608_195523,249010000,36.51817166666667,28.066945,8.9,244.3,244.0,0,PositionReport,60.0,AROYA,Passenger,20
5419,2026-06-08 20:22:21.269066+00:00,20260608_195523,240782800,36.374431666666666,27.71711,9.3,256.8,511.0,15,PositionReport,36.0,OXYZEN,Sailing Yacht,20
5443,2026-06-08 20:22:27.832980+00:00,20260608_195523,256901000,36.54640833333334,26.66671833333333,12.3,134.2,131.0,0,PositionReport,,,Unknown,20
5453,2026-06-08 20:22:30.491140+00:00,20260608_195523,271052890,36.67219833333333,26.7742,13.3,161.3,162.0,0,PositionReport,70.0,MED BEYKOZ,Cargo,20
5464,2026-06-08 20:22:34.574242+00:00,20260608_195523,209874000,36.44392166666667,28.236863333333336,0.0,142.7,143.0,5,PositionReport,70.0,THANOS,Cargo,20
5466,2026-06-08 20:22:35.453860+00:00,20260608_195523,538072206,36.76918333333333,28.12753,0.0,360.0,162.0,0,PositionReport,,,Unknown,20
5467,2026-06-08 20:22:36.073580+00:00,20260608_195523,271044486,36.81819,28.312,0.0,108.4,9.0,1,PositionReport,37.0,LA PASSION,Pleasure Craft,20
5469,2026-06-08 20:22:36.965069+00:00,20260608_195523,271044079,37.02431833333333,27.43867,0.0,222.6,511.0,15,PositionReport,60.0,M/V ASIM KAPTAN,Passenger,20
5476,2026-06-08 20:22:37.966670+00:00,20260608_195523,538010371,36.56239666666667,26.715945,9.9,315.8,316.0,0,PositionReport,80.0,NISSOS SERIFOS,Tanker,20
5481,2026-06-08 20:22:38.767067+00:00,20260608_195523,319160400,36.656475,27.942501666666665,7.7,184.6,181.0,0,PositionReport,37.0,NEXUS,Pleasure Craft,20
5492,2026-06-08 20:22:41.090593+00:00,20260608_195523,241886000,36.45070833333333,28.23653,2.5,354.2,178.0,3,PositionReport,52.0,CAPTAIN DIMITRIS V,Tug,20
5495,2026-06-08 20:22:41.573495+00:00,20260608_195523,271043588,37.02880833333334,27.437563333333333,0.0,0.0,511.0,5,PositionReport,0.0,LOVE BOAT,Unknown,20
5498,2026-06-08 20:22:42.180982+00:00,20260608_195523,241953000,36.4078,28.24671,0.0,242.9,347.0,1,PositionReport,89.0,SEAVEN CREST,Tanker,20
5500,2026-06-08 20:22:42.447823+00:00,20260608_195523,538011838,36.647621666666666,27.136326666666665,0.0,256.0,314.0,1,PositionReport,70.0,IRIS I,Cargo,20
5507,2026-06-08 20:22:44.413601+00:00,20260608_195523,271044329,36.56467666666666,27.615235,8.1,112.3,111.0,0,PositionReport,70.0,KILIC,Cargo,20
5524,2026-06-08 20:22:49.159889+00:00,20260608_195523,667002547,36.445685000000005,28.232011666666665,0.0,143.0,170.0,15,PositionReport,60.0,SEA STAR DIAGORAS,Passenger,20
5533,2026-06-08 20:22:52.129517+00:00,20260608_195523,341776000,36.45030833333333,28.235893333333333,1.4,20.2,68.0,0,PositionReport,60.0,BLUE SAPPHIRE,Passenger,20
5539,2026-06-08 20:22:53.741223+00:00,20260608_195523,271046339,37.03246,27.42806,0.0,360.0,309.0,0,PositionReport,37.0,QUEEN OF SALMAKIS,Pleasure Craft,20
5543,2026-06-08 20:22:54.736708+00:00,20260608_195523,271051573,36.72746666666667,27.695085,0.0,360.0,511.0,8,PositionReport,37.0,WHITE ISLAND,Pleasure Craft,20
5547,2026-06-08 20:22:55.497361+00:00,20260608_195523,538072206,36.76917666666667,28.12751666666667,0.0,360.0,162.0,0,PositionReport,,,Unknown,20
5555,2026-06-08 20:22:56.444975+00:00,20260608_195523,271052008,36.56690833333334,26.976096666666667,10.1,315.8,319.0,0,PositionReport,80.0,T.BALAT,Tanker,20
5556,2026-06-08 20:22:56.724613+00:00,20260608_195523,341608002,36.3494,28.64043333333333,10.8,107.7,109.0,0,PositionReport,70.0,BON,Cargo,20
5576,2026-06-08 20:23:03.239682+00:00,20260608_195523,357086000,36.40003,26.821395,11.1,313.3,313.0,0,PositionReport,70.0,AMIS WISDOM II,Cargo,20
5594,2026-06-08 20:23:06.761061+00:00,20260608_195523,240563500,36.614205,27.139331666666667,0.0,318.9,66.0,0,PositionReport,60.0,OLYMPIOS ERMIS,Passenger,20
5595,2026-06-08 20:23:07.246115+00:00,20260608_195523,271002446,37.02473333333333,27.438206666666662,0.1,0.0,511.0,8,PositionReport,60.0,AKCAKOCA,Passenger,20
5596,2026-06-08 20:23:07.723090+00:00,20260608_195523,249048000,36.86586666666667,26.71028,18.4,1.4,1.0,0,PositionReport,,,Unknown,20
5619,2026-06-08 20:23:14.982913+00:00,20260608_195523,511100115,37.024435,27.43767666666667,0.0,58.6,241.0,0,PositionReport,60.0,SEA STAR RHODES,Passenger,20
5634,2026-06-08 20:23:17.724996+00:00,20260608_195523,319105300,36.70563833333333,27.83787166666667,10.4,86.4,86.0,0,PositionReport,37.0,MY ESCAPE,Pleasure Craft,20
5649,2026-06-08 20:23:21.548659+00:00,20260608_195523,240782800,36.37391,27.714026666666665,9.0,258.5,511.0,15,PositionReport,36.0,OXYZEN,Sailing Yacht,20
5670,2026-06-08 20:23:30.616997+00:00,20260608_195523,271052890,36.66861333333333,26.775601666666667,13.4,162.5,163.0,0,PositionReport,70.0,MED BEYKOZ,Cargo,20
5672,2026-06-08 20:23:30.675243+00:00,20260608_195523,271042480,37.03227,27.42679833333333,0.0,0.0,511.0,5,PositionReport,69.0,GONUL,Passenger,20
5682,2026-06-08 20:23:34.478301+00:00,20260608_195523,271046339,37.03247,27.42804,0.2,360.0,309.0,0,PositionReport,37.0,QUEEN OF SALMAKIS,Pleasure Craft,20
5693,2026-06-08 20:23:37.972441+00:00,20260608_195523,538010371,36.56436,26.71356,10.0,315.6,316.0,0,PositionReport,80.0,NISSOS SERIFOS,Tanker,20
5694,2026-06-08 20:23:38.041039+00:00,20260608_195523,1193046,37.03301166666667,27.42881833333333,0.0,0.0,511.0,7,PositionReport,50.0,NAUTICAST,Pilot,20
5701,2026-06-08 20:23:40.455315+00:00,20260608_195523,511101443,37.03214666666667,27.42633333333333,0.0,176.3,511.0,9,PositionReport,60.0,SEA STAR KOS,Passenger,20
5703,2026-06-08 20:23:41.966153+00:00,20260608_195523,256003728,37.01581833333333,27.44233833333333,0.0,360.0,511.0,1,PositionReport,37.0,BUCKETLIST10,Pleasure Craft,20
5713,2026-06-08 20:23:44.436719+00:00,20260608_195523,271044329,36.56382333333333,27.617851666666663,8.1,111.5,110.0,0,PositionReport,70.0,KILIC,Cargo,20
5737,2026-06-08 20:23:51.944342+00:00,20260608_195523,305022400,36.33674666666666,26.90597,9.7,314.2,316.0,0,PositionReport,,,Unknown,20
5741,2026-06-08 20:23:52.854199+00:00,20260608_195523,477238600,36.238236666666666,27.156313333333333,14.1,312.1,315.0,0,PositionReport,79.0,SEAPOWER I,Cargo,20
5746,2026-06-08 20:23:53.625480+00:00,20260608_195523,271001044,37.02887166666667,27.42894833333333,0.1,17.0,511.0,1,PositionReport,37.0,BLACK SEA,Pleasure Craft,20
5748,2026-06-08 20:23:54.335591+00:00,20260608_195523,232057452,37.034531666666666,27.42471833333333,0.0,360.0,511.0,5,PositionReport,98.0,THUNDERBIRD B,Other,20
5749,2026-06-08 20:23:54.436933+00:00,20260608_195523,271051573,36.72746333333334,27.69509833333333,0.0,360.0,511.0,8,PositionReport,37.0,WHITE ISLAND,Pleasure Craft,20
5750,2026-06-08 20:23:55.496171+00:00,20260608_195523,271044329,36.56366,27.618331666666663,8.2,112.2,110.0,0,PositionReport,70.0,KILIC,Cargo,20
5765,2026-06-08 20:23:59.457177+00:00,20260608_195523,538072206,36.76919333333333,28.127523333333333,0.0,360.0,162.0,0,PositionReport,,,Unknown,20
5773,2026-06-08 20:24:02.261555+00:00,20260608_195523,352003824,37.01481666666667,27.450261666666663,0.1,360.0,254.0,13,PositionReport,37.0,SEVEN,Pleasure Craft,20
5778,2026-06-08 20:24:04.323626+00:00,20260608_195523,477238600,36.23868333333333,27.155731666666668,14.0,312.8,314.0,0,PositionReport,79.0,SEAPOWER I,Cargo,20
5783,2026-06-08 20:24:06.646680+00:00,20260608_195523,271045885,37.01545166666666,27.43941833333333,0.0,308.0,511.0,1,PositionReport,67.0,ARIELA,Passenger,20
5784,2026-06-08 20:24:06.761211+00:00,20260608_195523,240563500,36.61420333333333,27.139346666666665,0.0,318.9,66.0,0,PositionReport,60.0,OLYMPIOS ERMIS,Passenger,20
5789,2026-06-08 20:24:07.492914+00:00,20260608_195523,271002446,37.02473666666666,27.438235,0.0,0.0,511.0,8,PositionReport,60.0,AKCAKOCA,Passenger,20
5794,2026-06-08 20:24:08.955335+00:00,20260608_195523,249010000,36.516196666666666,28.06190666666667,9.0,244.0,244.0,0,PositionReport,60.0,AROYA,Passenger,20
5804,2026-06-08 20:24:14.930727+00:00,20260608_195523,511100115,37.024438333333336,27.43767,0.0,58.6,241.0,0,PositionReport,60.0,SEA STAR RHODES,Passenger,20
5813,2026-06-08 20:24:18.604588+00:00,20260608_195523,271002451,36.84890166666666,28.28047666666667,0.0,269.8,511.0,5,PositionReport,60.0,KARTEPE,Passenger,20
5819,2026-06-08 20:24:19.488640+00:00,20260608_195523,249048000,36.87201,26.71065,18.4,3.4,2.0,0,PositionReport,,,Unknown,20
5852,2026-06-08 20:24:30.524989+00:00,20260608_195523,271052890,36.66500833333334,26.77699,13.4,163.0,162.0,0,PositionReport,70.0,MED BEYKOZ,Cargo,20
5865,2026-06-08 20:24:35.930313+00:00,20260608_195523,271052907,37.01215,27.437101666666667,0.0,360.0,511.0,1,PositionReport,36.0,MEIRA,Sailing Yacht,20
5866,2026-06-08 20:24:36.875604+00:00,20260608_195523,237176400,36.44525333333333,28.22919333333333,0.0,328.9,84.0,0,PositionReport,,,Unknown,20
5874,2026-06-08 20:24:38.064129+00:00,20260608_195523,1193046,37.03301166666667,27.42881833333333,0.0,0.0,511.0,7,PositionReport,50.0,NAUTICAST,Pilot,20
5886,2026-06-08 20:24:40.379335+00:00,20260608_195523,248548000,36.66382,28.04104,0.0,360.0,18.0,1,PositionReport,36.0,ROXANE,Sailing Yacht,20
5889,2026-06-08 20:24:41.381742+00:00,20260608_195523,518999195,36.81815166666667,28.311005,0.0,316.9,6.0,0,PositionReport,37.0,QUEST R,Pleasure Craft,20
5892,2026-06-08 20:24:41.806648+00:00,20260608_195523,319105300,36.705675,27.84272,10.5,90.7,89.0,0,PositionReport,37.0,MY ESCAPE,Pleasure Craft,20
5931,2026-06-08 20:24:54.491504+00:00,20260608_195523,271051573,36.72745333333333,27.69506833333333,0.0,360.0,511.0,8,PositionReport,37.0,WHITE ISLAND,Pleasure Craft,20
5943,2026-06-08 20:24:58.555891+00:00,20260608_195523,667002547,36.44566,28.23196,0.0,143.0,170.0,15,PositionReport,60.0,SEA STAR DIAGORAS,Passenger,20
5964,2026-06-08 20:25:01.453804+00:00,20260608_195523,319105300,36.705666666666666,27.843915,10.6,90.3,90.0,0,PositionReport,37.0,MY ESCAPE,Pleasure Craft,20
5971,2026-06-08 20:25:02.830390+00:00,20260608_195523,341776000,36.451055,28.23675833333333,2.3,54.3,55.0,0,PositionReport,60.0,BLUE SAPPHIRE,Passenger,20
5976,2026-06-08 20:25:04.625567+00:00,20260608_195523,241846000,36.449443333333335,28.23389,2.8,278.0,511.0,5,PositionReport,52.0,CAPTAIN DIMITRIS I,Tug,20
5980,2026-06-08 20:25:05.406339+00:00,20260608_195523,271044329,36.56268,27.62138,8.1,112.5,110.0,0,PositionReport,70.0,KILIC,Cargo,20
5985,2026-06-08 20:25:07.068198+00:00,20260608_195523,240563500,36.61420333333333,27.13933666666667,0.0,318.9,67.0,0,PositionReport,60.0,OLYMPIOS ERMIS,Passenger,20
5999,2026-06-08 20:25:10.353089+00:00,20260608_195523,636024915,36.1892,27.35891,12.0,320.4,318.0,0,PositionReport,70.0,ATLANTIC B,Cargo,20
6001,2026-06-08 20:25:10.799649+00:00,20260608_195523,477238600,36.24162333333334,27.15175833333333,14.0,312.2,314.0,0,PositionReport,79.0,SEAPOWER I,Cargo,20
6002,2026-06-08 20:25:10.894794+00:00,20260608_195523,241886000,36.44966,28.236528333333336,4.6,204.2,21.0,3,PositionReport,52.0,CAPTAIN DIMITRIS V,Tug,20
6006,2026-06-08 20:25:12.403478+00:00,20260608_195523,271005006,36.84898,28.280945,0.0,265.4,511.0,5,PositionReport,69.0,MARMARIS EXPRESS,Passenger,20
6010,2026-06-08 20:25:15.111622+00:00,20260608_195523,511100115,37.02443166666667,27.437686666666664,0.0,58.6,241.0,0,PositionReport,60.0,SEA STAR RHODES,Passenger,20
6022,2026-06-08 20:25:19.146600+00:00,20260608_195523,232054157,36.685915,28.03716,0.0,282.3,26.0,5,PositionReport,37.0,NIMIR,Pleasure Craft,20
6032,2026-06-08 20:25:23.117025+00:00,20260608_195523,305047300,36.77725,26.759605,11.6,165.7,161.0,0,PositionReport,70.0,ADAM CROWN,Cargo,20
6040,2026-06-08 20:25:26.938420+00:00,20260608_195523,256901000,36.539455,26.676098333333336,12.3,131.9,131.0,0,PositionReport,,,Unknown,20
6055,2026-06-08 20:25:33.186579+00:00,20260608_195523,325152200,37.01491833333333,27.450423333333333,0.0,181.3,262.0,5,PositionReport,37.0,PACIFIC PEARL,Pleasure Craft,20
6075,2026-06-08 20:25:39.967383+00:00,20260608_195523,271052890,36.66088666666667,26.77863333333333,13.4,162.1,162.0,0,PositionReport,70.0,MED BEYKOZ,Cargo,20
6078,2026-06-08 20:25:40.658943+00:00,20260608_195523,511101443,37.03214333333334,27.426341666666666,0.0,176.3,511.0,9,PositionReport,60.0,SEA STAR KOS,Passenger,20
6079,2026-06-08 20:25:41.191554+00:00,20260608_195523,538011838,36.64758833333334,27.13631666666667,0.0,256.0,313.0,1,PositionReport,70.0,IRIS I,Cargo,20
6087,2026-06-08 20:25:42.681569+00:00,20260608_195523,271043459,36.826726666666666,28.562563333333333,0.0,69.9,511.0,15,PositionReport,0.0,ADMIRAL,Unknown,20
6117,2026-06-08 20:25:48.069681+00:00,20260608_195523,538010371,36.56869666666667,26.70843166666667,10.0,315.0,315.0,0,PositionReport,80.0,NISSOS SERIFOS,Tanker,20
6119,2026-06-08 20:25:48.473539+00:00,20260608_195523,319160400,36.649605,27.942005,7.8,183.3,180.0,0,PositionReport,37.0,NEXUS,Pleasure Craft,20
6121,2026-06-08 20:25:50.452247+00:00,20260608_195523,273333500,36.476655,28.323386666666668,7.9,295.4,295.0,0,PositionReport,70.0,KAPITAN VORONKOV,Cargo,20
6124,2026-06-08 20:25:51.382469+00:00,20260608_195523,305022400,36.34044666666667,26.901063333333333,9.7,313.5,317.0,0,PositionReport,,,Unknown,20
6136,2026-06-08 20:25:54.587379+00:00,20260608_195523,271051573,36.72745,27.69505666666667,0.0,360.0,511.0,8,PositionReport,37.0,WHITE ISLAND,Pleasure Craft,20
6140,2026-06-08 20:25:55.608835+00:00,20260608_195523,319177600,37.02413333333333,27.436916666666665,0.0,62.8,63.0,5,PositionReport,37.0,STARLUST,Pleasure Craft,20
6148,2026-06-08 20:25:58.206661+00:00,20260608_195523,538072107,36.82240166666666,28.312591666666663,0.0,19.9,323.0,5,PositionReport,37.0,TURK'S,Pleasure Craft,20
6154,2026-06-08 20:25:59.606954+00:00,20260608_195523,319254600,36.680715,27.38248833333333,0.0,239.4,280.0,1,PositionReport,37.0,HERCULES,Pleasure Craft,20
6159,2026-06-08 20:26:01.353503+00:00,20260608_195523,319105300,36.70563833333333,27.84759,10.6,90.7,90.0,0,PositionReport,37.0,MY ESCAPE,Pleasure Craft,20
6165,2026-06-08 20:26:03.013625+00:00,20260608_195523,341776000,36.451638333333335,28.23737833333333,2.9,40.6,43.0,0,PositionReport,60.0,BLUE SAPPHIRE,Passenger,20
6166,2026-06-08 20:26:04.679685+00:00,20260608_195523,271053578,37.03418333333333,27.42771,0.0,360.0,511.0,1,PositionReport,36.0,GITANE,Sailing Yacht,20
6167,2026-06-08 20:26:05.491017+00:00,20260608_195523,271044329,36.561863333333335,27.624016666666662,8.1,112.2,111.0,0,PositionReport,70.0,KILIC,Cargo,20
6182,2026-06-08 20:26:10.852890+00:00,20260608_195523,305022400,36.34099666666667,26.900355,9.7,313.7,317.0,0,PositionReport,,,Unknown,20
6184,2026-06-08 20:26:11.318043+00:00,20260608_195523,538072206,36.76921333333333,28.12754333333333,0.0,360.0,162.0,0,PositionReport,,,Unknown,20
6253,2026-06-08 20:26:31.736847+00:00,20260608_195523,341776000,36.451996666666666,28.23765833333333,3.1,36.3,35.0,0,PositionReport,60.0,BLUE SAPPHIRE,Passenger,20
6263,2026-06-08 20:26:34.935167+00:00,20260608_195523,241846000,36.449755,28.233461666666667,0.6,318.2,511.0,5,PositionReport,52.0,CAPTAIN DIMITRIS I,Tug,20
6281,2026-06-08 20:26:40.640884+00:00,20260608_195523,511101443,37.03213333333333,27.426341666666666,0.0,176.3,511.0,9,PositionReport,60.0,SEA STAR KOS,Passenger,20
6300,2026-06-08 20:26:47.156814+00:00,20260608_195523,1193046,37.03301166666667,27.42881833333333,0.0,0.0,511.0,7,PositionReport,50.0,NAUTICAST,Pilot,20
6306,2026-06-08 20:26:48.270920+00:00,20260608_195523,319160400,36.647421666666666,27.941851666666665,7.7,183.6,180.0,0,PositionReport,37.0,NEXUS,Pleasure Craft,20
6312,2026-06-08 20:26:49.326073+00:00,20260608_195523,636024915,36.19335333333333,27.354585,12.0,320.5,318.0,0,PositionReport,70.0,ATLANTIC B,Cargo,20
6314,2026-06-08 20:26:50.417829+00:00,20260608_195523,273333500,36.47762166666666,28.32092,7.9,295.8,296.0,0,PositionReport,70.0,KAPITAN VORONKOV,Cargo,20
6317,2026-06-08 20:26:51.622649+00:00,20260608_195523,305022400,36.342290000000006,26.898686666666663,9.7,313.1,317.0,0,PositionReport,,,Unknown,20
6322,2026-06-08 20:26:53.124513+00:00,20260608_195523,271001044,37.02888666666667,27.42896,0.1,171.0,511.0,1,PositionReport,37.0,BLACK SEA,Pleasure Craft,20
6327,2026-06-08 20:26:55.719323+00:00,20260608_195523,232057452,37.034535,27.424735,0.0,360.0,511.0,5,PositionReport,98.0,THUNDERBIRD B,Other,20
6337,2026-06-08 20:26:59.886427+00:00,20260608_195523,352003824,37.01482,27.45027,0.0,360.0,254.0,13,PositionReport,37.0,SEVEN,Pleasure Craft,20
6346,2026-06-08 20:27:03.046014+00:00,20260608_195523,341776000,36.452403333333336,28.237926666666667,3.3,30.0,26.0,0,PositionReport,60.0,BLUE SAPPHIRE,Passenger,20
6354,2026-06-08 20:27:05.400294+00:00,20260608_195523,271044329,36.56103666666667,27.626661666666667,8.1,111.5,110.0,0,PositionReport,70.0,KILIC,Cargo,20
6357,2026-06-08 20:27:06.993637+00:00,20260608_195523,240563500,36.614205,27.13932,0.0,318.9,66.0,0,PositionReport,60.0,OLYMPIOS ERMIS,Passenger,20
6368,2026-06-08 20:27:11.179869+00:00,20260608_195523,538072206,36.76923,28.12753,0.0,360.0,162.0,0,PositionReport,,,Unknown,20
6380,2026-06-08 20:27:14.605397+00:00,20260608_195523,511100115,37.02443,27.437673333333333,0.0,58.6,241.0,0,PositionReport,60.0,SEA STAR RHODES,Passenger,20
6392,2026-06-08 20:27:17.403211+00:00,20260608_195523,271002446,37.024715,27.43825,0.0,0.0,511.0,8,PositionReport,60.0,AKCAKOCA,Passenger,20
6395,2026-06-08 20:27:18.896915+00:00,20260608_195523,667002547,36.44567166666666,28.23195,0.0,143.0,170.0,15,PositionReport,60.0,SEA STAR DIAGORAS,Passenger,20
6397,2026-06-08 20:27:19.591748+00:00,20260608_195523,249048000,36.88741,26.711656666666663,18.5,2.9,2.0,0,PositionReport,,,Unknown,20
6400,2026-06-08 20:27:20.476353+00:00,20260608_195523,271002451,36.84889666666666,28.28047,0.0,269.8,511.0,5,PositionReport,60.0,KARTEPE,Passenger,20
6445,2026-06-08 20:27:32.392626+00:00,20260608_195523,271040379,36.85080333333334,28.277548333333336,0.0,165.6,511.0,5,PositionReport,37.0,CIPITOUBA II,Pleasure Craft,20
6465,2026-06-08 20:27:39.147258+00:00,20260608_195523,538072206,36.76922,28.12753,0.0,360.0,162.0,0,PositionReport,,,Unknown,20
6468,2026-06-08 20:27:40.525073+00:00,20260608_195523,271052890,36.653621666666666,26.781436666666664,13.4,162.6,162.0,0,PositionReport,70.0,MED BEYKOZ,Cargo,20
6470,2026-06-08 20:27:40.569565+00:00,20260608_195523,511101443,37.032135,27.426348333333333,0.0,176.3,511.0,9,PositionReport,60.0,SEA STAR KOS,Passenger,20
6477,2026-06-08 20:27:42.573762+00:00,20260608_195523,271043459,36.82672166666667,28.562583333333336,0.0,66.2,511.0,15,PositionReport,0.0,ADMIRAL,Unknown,20
6494,2026-06-08 20:27:45.020629+00:00,20260608_195523,271046339,37.03241,27.428076666666666,0.1,360.0,309.0,0,PositionReport,37.0,QUEEN OF SALMAKIS,Pleasure Craft,20
6498,2026-06-08 20:27:47.125091+00:00,20260608_195523,1193046,37.03301166666667,27.42881833333333,0.0,0.0,511.0,7,PositionReport,50.0,NAUTICAST,Pilot,20
6511,2026-06-08 20:27:51.654205+00:00,20260608_195523,305022400,36.34420333333333,26.89624833333333,9.7,314.5,316.0,0,PositionReport,,,Unknown,20
6513,2026-06-08 20:27:52.009349+00:00,20260608_195523,241886000,36.448141666666665,28.23453333333333,1.7,233.4,231.0,3,PositionReport,52.0,CAPTAIN DIMITRIS V,Tug,20
6524,2026-06-08 20:27:55.027633+00:00,20260608_195523,271051573,36.72745333333333,27.69504833333333,0.0,360.0,511.0,8,PositionReport,37.0,WHITE ISLAND,Pleasure Craft,20
6532,2026-06-08 20:27:57.312299+00:00,20260608_195523,518998972,37.03366666666667,27.42545833333333,0.0,0.0,511.0,5,PositionReport,37.0,ELSEA,Pleasure Craft,20
6538,2026-06-08 20:27:58.261243+00:00,20260608_195523,341776000,36.453195,28.238216666666663,3.3,15.0,8.0,0,PositionReport,60.0,BLUE SAPPHIRE,Passenger,20
6557,2026-06-08 20:28:02.765129+00:00,20260608_195523,271043459,36.82673333333333,28.56259,0.1,57.3,511.0,15,PositionReport,0.0,ADMIRAL,Unknown,20
6562,2026-06-08 20:28:04.601507+00:00,20260608_195523,241846000,36.44882166666666,28.232125,4.9,230.6,511.0,5,PositionReport,52.0,CAPTAIN DIMITRIS I,Tug,20
6564,2026-06-08 20:28:05.421207+00:00,20260608_195523,271044329,36.56017666666666,27.629285,8.1,111.4,110.0,0,PositionReport,70.0,KILIC,Cargo,20
6572,2026-06-08 20:28:06.850446+00:00,20260608_195523,240563500,36.61420833333333,27.139308333333336,0.0,318.9,65.0,0,PositionReport,60.0,OLYMPIOS ERMIS,Passenger,20
6576,2026-06-08 20:28:09.381909+00:00,20260608_195523,636024915,36.19683333333333,27.351026666666662,12.0,320.3,318.0,0,PositionReport,70.0,ATLANTIC B,Cargo,20
6586,2026-06-08 20:28:13.098251+00:00,20260608_195523,319039900,36.45096,28.22680833333333,0.0,81.6,280.0,5,PositionReport,37.0,MEGAN,Pleasure Craft,20
6597,2026-06-08 20:28:17.142510+00:00,20260608_195523,271044079,37.02436,27.438666666666663,0.0,221.4,511.0,15,PositionReport,60.0,M/V ASIM KAPTAN,Passenger,20
6598,2026-06-08 20:28:17.272292+00:00,20260608_195523,271002446,37.02471166666667,27.43826333333333,0.0,0.0,511.0,8,PositionReport,60.0,AKCAKOCA,Passenger,20
6604,2026-06-08 20:28:18.619846+00:00,20260608_195523,273333500,36.47904833333334,28.317321666666665,7.9,296.7,297.0,0,PositionReport,70.0,KAPITAN VORONKOV,Cargo,20
6613,2026-06-08 20:28:21.614525+00:00,20260608_195523,461000204,37.01431333333333,27.45049,0.0,245.6,262.0,5,PositionReport,37.0,WARDA,Pleasure Craft,20
6616,2026-06-08 20:28:22.607267+00:00,20260608_195523,357086000,36.41149666666667,26.806500000000003,11.1,315.8,317.0,0,PositionReport,70.0,AMIS WISDOM II,Cargo,20
6619,2026-06-08 20:28:23.291386+00:00,20260608_195523,305047300,36.76777333333334,26.762505,11.7,168.2,167.0,0,PositionReport,70.0,ADAM CROWN,Cargo,20
6637,2026-06-08 20:28:28.839549+00:00,20260608_195523,477238600,36.25029833333333,27.139958333333333,14.0,312.0,315.0,0,PositionReport,79.0,SEAPOWER I,Cargo,20
6644,2026-06-08 20:28:31.206445+00:00,20260608_195523,249048000,36.89358833333333,26.712045,18.5,3.1,2.0,0,PositionReport,,,Unknown,20
6649,2026-06-08 20:28:33.487656+00:00,20260608_195523,241216000,36.62753333333333,27.837466666666668,0.0,189.0,158.0,0,PositionReport,89.0,NAOUSSA,Tanker,20
6658,2026-06-08 20:28:36.090205+00:00,20260608_195523,341608002,36.344366666666666,28.6606,10.9,106.6,109.0,0,PositionReport,70.0,BON,Cargo,20
6662,2026-06-08 20:28:37.661646+00:00,20260608_195523,271044486,36.81819,28.312003333333333,0.0,278.7,9.0,1,PositionReport,37.0,LA PASSION,Pleasure Craft,20
6663,2026-06-08 20:28:37.995037+00:00,20260608_195523,319160400,36.64345,27.941536666666664,7.7,183.8,180.0,0,PositionReport,37.0,NEXUS,Pleasure Craft,20
6677,2026-06-08 20:28:41.318729+00:00,20260608_195523,271047044,36.674975,26.58633166666667,10.3,312.6,315.0,0,PositionReport,72.0,PARPALI,Cargo,20
6684,2026-06-08 20:28:42.489995+00:00,20260608_195523,271043588,37.028823333333335,27.43756833333333,0.0,226.3,511.0,5,PositionReport,0.0,LOVE BOAT,Unknown,20
6685,2026-06-08 20:28:42.490231+00:00,20260608_195523,241953000,36.407855000000005,28.24670833333333,0.0,242.9,349.0,1,PositionReport,89.0,SEAVEN CREST,Tanker,20
6686,2026-06-08 20:28:42.523829+00:00,20260608_195523,271043459,36.826745,28.56261333333333,0.0,57.8,511.0,15,PositionReport,0.0,ADMIRAL,Unknown,20
6709,2026-06-08 20:28:47.217156+00:00,20260608_195523,538072206,36.76920333333333,28.12752,0.0,360.0,162.0,0,PositionReport,,,Unknown,20
6721,2026-06-08 20:28:53.822286+00:00,20260608_195523,538072107,36.82241166666667,28.312603333333332,0.0,19.9,323.0,5,PositionReport,37.0,TURK'S,Pleasure Craft,20
6734,2026-06-08 20:28:56.754203+00:00,20260608_195523,538010371,36.574855,26.70087,9.9,314.6,315.0,0,PositionReport,80.0,NISSOS SERIFOS,Tanker,20
6739,2026-06-08 20:28:58.529653+00:00,20260608_195523,237176400,36.44524,28.229216666666662,0.0,328.9,84.0,0,PositionReport,,,Unknown,20
6749,2026-06-08 20:29:01.828634+00:00,20260608_195523,518999195,36.81818,28.31099333333333,0.0,322.4,6.0,0,PositionReport,37.0,QUEST R,Pleasure Craft,20
6751,2026-06-08 20:29:02.315729+00:00,20260608_195523,241886000,36.447986666666665,28.234271666666665,0.7,234.7,231.0,3,PositionReport,52.0,CAPTAIN DIMITRIS V,Tug,20
6754,2026-06-08 20:29:03.014361+00:00,20260608_195523,341776000,36.45424833333333,28.23815,3.9,352.3,346.0,0,PositionReport,60.0,BLUE SAPPHIRE,Passenger,20
6759,2026-06-08 20:29:04.697976+00:00,20260608_195523,241846000,36.447725,28.23121666666667,4.8,201.2,511.0,5,PositionReport,52.0,CAPTAIN DIMITRIS I,Tug,20
6763,2026-06-08 20:29:05.316303+00:00,20260608_195523,248446000,37.01416666666667,27.45045333333333,0.0,311.3,264.0,5,PositionReport,37.0,ELEMENTS,Pleasure Craft,20
6781,2026-06-08 20:29:10.930189+00:00,20260608_195523,305022400,36.34665333333333,26.893055,9.7,312.6,316.0,0,PositionReport,,,Unknown,20
6798,2026-06-08 20:29:17.223066+00:00,20260608_195523,271044079,37.02427,27.43861833333333,0.0,225.9,511.0,15,PositionReport,60.0,M/V ASIM KAPTAN,Passenger,20
6805,2026-06-08 20:29:18.871358+00:00,20260608_195523,667002547,36.44566833333333,28.23197333333333,0.0,143.0,170.0,15,PositionReport,60.0,SEA STAR DIAGORAS,Passenger,20
6811,2026-06-08 20:29:22.070730+00:00,20260608_195523,229908000,36.76483333333333,28.122,0.1,50.0,128.0,0,PositionReport,,,Unknown,20
6812,2026-06-08 20:29:22.070940+00:00,20260608_195523,319105300,36.70546,27.85986833333333,10.5,91.0,89.0,0,PositionReport,37.0,MY ESCAPE,Pleasure Craft,20
6816,2026-06-08 20:29:22.955125+00:00,20260608_195523,373178000,37.057495,26.67360833333333,15.1,172.0,172.0,0,PositionReport,,,Unknown,20
6819,2026-06-08 20:29:23.290881+00:00,20260608_195523,305047300,36.76456,26.7632,11.7,170.8,167.0,0,PositionReport,70.0,ADAM CROWN,Cargo,20
6833,2026-06-08 20:29:28.740514+00:00,20260608_195523,477238600,36.25288166666667,27.13638166666667,14.0,312.1,314.0,0,PositionReport,79.0,SEAPOWER I,Cargo,20
6839,2026-06-08 20:29:30.292001+00:00,20260608_195523,273333500,36.48019666666666,28.31442333333333,7.9,296.8,297.0,0,PositionReport,70.0,KAPITAN VORONKOV,Cargo,20
6868,2026-06-08 20:29:40.527167+00:00,20260608_195523,271052890,36.64649166666666,26.784251666666663,13.4,163.0,163.0,0,PositionReport,70.0,MED BEYKOZ,Cargo,20
6872,2026-06-08 20:29:41.209124+00:00,20260608_195523,271047044,36.676946666666666,26.583716666666664,10.4,312.8,315.0,0,PositionReport,72.0,PARPALI,Cargo,20
6876,2026-06-08 20:29:41.842310+00:00,20260608_195523,256003728,37.01580833333333,27.44227833333333,0.0,360.0,511.0,1,PositionReport,37.0,BUCKETLIST10,Pleasure Craft,20
6895,2026-06-08 20:29:44.909632+00:00,20260608_195523,271046339,37.032493333333335,27.428048333333333,0.0,360.0,309.0,0,PositionReport,37.0,QUEEN OF SALMAKIS,Pleasure Craft,20
6904,2026-06-08 20:29:47.753002+00:00,20260608_195523,1193046,37.03301166666667,27.42881833333333,0.0,0.0,511.0,7,PositionReport,50.0,NAUTICAST,Pilot,20
6916,2026-06-08 20:29:50.125064+00:00,20260608_195523,271044344,37.03209666666667,27.427821666666667,0.0,36.0,303.0,5,PositionReport,51.0,KIYEM 6,SAR,20
6920,2026-06-08 20:29:52.027000+00:00,20260608_195523,368188000,37.02581166666666,27.42738166666667,0.1,290.8,156.0,1,PositionReport,37.0,SERENITY,Pleasure Craft,20
6927,2026-06-08 20:29:54.337275+00:00,20260608_195523,232056776,36.61373,27.13921,0.3,360.0,52.0,5,PositionReport,37.0,AIM,Pleasure Craft,20
6929,2026-06-08 20:29:54.746423+00:00,20260608_195523,271051573,36.727446666666665,27.69505666666667,0.0,360.0,511.0,8,PositionReport,37.0,WHITE ISLAND,Pleasure Craft,20
6948,2026-06-08 20:30:01.088319+00:00,20260608_195523,352003824,37.01482333333333,27.450245,0.0,360.0,255.0,13,PositionReport,37.0,SEVEN,Pleasure Craft,20
6957,2026-06-08 20:30:05.072215+00:00,20260608_195523,271053578,37.03418,27.42767333333333,0.0,360.0,511.0,1,PositionReport,36.0,GITANE,Sailing Yacht,20
6967,2026-06-08 20:30:14.833591+00:00,20260608_195523,511100115,37.024456666666666,27.437663333333333,0.0,58.6,241.0,0,PositionReport,60.0,SEA STAR RHODES,Passenger,20
6968,2026-06-08 20:30:15.078226+00:00,20260608_195523,271044329,36.55828,27.634835,8.1,113.2,111.0,0,PositionReport,70.0,KILIC,Cargo,20
6985,2026-06-08 20:30:22.020893+00:00,20260608_195523,305022400,36.34887333333334,26.89015833333333,9.7,314.2,316.0,0,PositionReport,,,Unknown,20
6988,2026-06-08 20:30:23.029618+00:00,20260608_195523,373178000,37.05334333333334,26.67434833333333,15.1,171.9,173.0,0,PositionReport,,,Unknown,20
6989,2026-06-08 20:30:23.546152+00:00,20260608_195523,305047300,36.76135666666666,26.76392666666667,11.6,169.0,164.0,0,PositionReport,70.0,ADAM CROWN,Cargo,20
7000,2026-06-08 20:30:25.829764+00:00,20260608_195523,271002446,37.02470166666667,27.43825,0.1,0.0,511.0,8,PositionReport,60.0,AKCAKOCA,Passenger,20
7011,2026-06-08 20:30:28.831454+00:00,20260608_195523,477238600,36.255478333333336,27.132805,13.9,312.1,313.0,0,PositionReport,79.0,SEAPOWER I,Cargo,20
7016,2026-06-08 20:30:31.210676+00:00,20260608_195523,319105300,36.705375,27.86409,10.6,92.0,89.0,0,PositionReport,37.0,MY ESCAPE,Pleasure Craft,20
7030,2026-06-08 20:30:37.673958+00:00,20260608_195523,249048000,36.90441166666667,26.71278,18.5,3.3,2.0,0,PositionReport,,,Unknown,20
7031,2026-06-08 20:30:37.777383+00:00,20260608_195523,319160400,36.63912166666667,27.941591666666667,7.7,173.8,169.0,0,PositionReport,37.0,NEXUS,Pleasure Craft,20
7032,2026-06-08 20:30:37.953629+00:00,20260608_195523,248548000,36.66384,28.04104,0.0,360.0,17.0,1,PositionReport,36.0,ROXANE,Sailing Yacht,20
7035,2026-06-08 20:30:38.171614+00:00,20260608_195523,273363000,36.95073,27.2215,7.3,291.2,295.0,0,PositionReport,,,Unknown,20
7043,2026-06-08 20:30:40.668827+00:00,20260608_195523,229908000,36.764898333333335,28.122001666666662,0.0,316.0,128.0,0,PositionReport,,,Unknown,20
7066,2026-06-08 20:30:47.602340+00:00,20260608_195523,341608002,36.34248333333333,28.668466666666667,10.9,105.7,109.0,0,PositionReport,70.0,BON,Cargo,20
7082,2026-06-08 20:30:54.151820+00:00,20260608_195523,271053537,37.01289,27.450395,0.0,360.0,511.0,1,PositionReport,37.0,ILLUSION 2,Pleasure Craft,20
7087,2026-06-08 20:30:54.886665+00:00,20260608_195523,271051573,36.72746333333334,27.69503166666667,0.0,360.0,511.0,8,PositionReport,37.0,WHITE ISLAND,Pleasure Craft,20
7095,2026-06-08 20:30:57.398183+00:00,20260608_195523,518998972,37.033676666666665,27.42547833333333,0.0,0.0,511.0,5,PositionReport,37.0,ELSEA,Pleasure Craft,20
7128,2026-06-08 20:31:08.625513+00:00,20260608_195523,237176400,36.44529,28.22921333333333,0.0,328.9,84.0,0,PositionReport,,,Unknown,20
7129,2026-06-08 20:31:08.776937+00:00,20260608_195523,271052890,36.641215,26.786256666666667,13.4,162.4,162.0,0,PositionReport,70.0,MED BEYKOZ,Cargo,20
7132,2026-06-08 20:31:09.530256+00:00,20260608_195523,271005006,36.84899666666667,28.28095,0.0,265.4,511.0,5,PositionReport,69.0,MARMARIS EXPRESS,Passenger,20
7147,2026-06-08 20:31:13.677393+00:00,20260608_195523,341776000,36.45657666666667,28.236441666666668,5.4,320.4,315.0,0,PositionReport,60.0,BLUE SAPPHIRE,Passenger,20
7151,2026-06-08 20:31:14.735949+00:00,20260608_195523,511100115,37.024438333333336,27.437685,0.0,58.6,241.0,0,PositionReport,60.0,SEA STAR RHODES,Passenger,20
7159,2026-06-08 20:31:17.135050+00:00,20260608_195523,271044079,37.02433166666666,27.438625,0.0,233.5,511.0,15,PositionReport,60.0,M/V ASIM KAPTAN,Passenger,20
7164,2026-06-08 20:31:19.522825+00:00,20260608_195523,232054157,36.685905000000005,28.037171666666666,0.0,282.3,26.0,5,PositionReport,37.0,NIMIR,Pleasure Craft,20
7172,2026-06-08 20:31:21.414675+00:00,20260608_195523,461000204,37.01431,27.450491666666668,0.0,32.4,262.0,5,PositionReport,37.0,WARDA,Pleasure Craft,20
7185,2026-06-08 20:31:24.049792+00:00,20260608_195523,271044329,36.55724666666666,27.63783833333333,8.1,112.6,112.0,0,PositionReport,70.0,KILIC,Cargo,20
7196,2026-06-08 20:31:28.678350+00:00,20260608_195523,477238600,36.258055,27.129236666666667,13.9,311.6,313.0,0,PositionReport,79.0,SEAPOWER I,Cargo,20
7201,2026-06-08 20:31:30.402462+00:00,20260608_195523,249010000,36.50813166666667,28.04164,8.8,243.9,244.0,0,PositionReport,60.0,AROYA,Passenger,20
7205,2026-06-08 20:31:31.163542+00:00,20260608_195523,538072206,36.76920333333333,28.12754333333333,0.0,360.0,162.0,0,PositionReport,,,Unknown,20
7219,2026-06-08 20:31:36.860873+00:00,20260608_195523,538010371,36.579971666666665,26.69441833333333,9.8,313.7,314.0,0,PositionReport,80.0,NISSOS SERIFOS,Tanker,20
7224,2026-06-08 20:31:38.189127+00:00,20260608_195523,273363000,36.951458333333335,27.219158333333333,7.3,291.5,295.0,0,PositionReport,,,Unknown,20
7232,2026-06-08 20:31:39.677754+00:00,20260608_195523,271043588,37.028821666666666,27.437566666666665,0.0,217.6,511.0,5,PositionReport,0.0,LOVE BOAT,Unknown,20
7234,2026-06-08 20:31:40.494657+00:00,20260608_195523,518999195,36.81814666666666,28.31101,0.0,325.4,6.0,0,PositionReport,37.0,QUEST R,Pleasure Craft,20
7235,2026-06-08 20:31:41.157860+00:00,20260608_195523,271047044,36.68083166666667,26.57842,10.3,313.4,316.0,0,PositionReport,72.0,PARPALI,Cargo,20
7240,2026-06-08 20:31:41.769790+00:00,20260608_195523,241953000,36.40787,28.24674333333333,0.0,242.9,347.0,1,PositionReport,89.0,SEAVEN CREST,Tanker,20
7242,2026-06-08 20:31:42.130635+00:00,20260608_195523,256003728,37.01578,27.442291666666662,0.0,360.0,511.0,1,PositionReport,37.0,BUCKETLIST10,Pleasure Craft,20
7243,2026-06-08 20:31:42.364464+00:00,20260608_195523,240782800,36.36841,27.68890333333333,9.2,253.8,511.0,15,PositionReport,36.0,OXYZEN,Sailing Yacht,20
7246,2026-06-08 20:31:43.418747+00:00,20260608_195523,249048000,36.910075,26.71316333333333,18.5,2.8,2.0,0,PositionReport,,,Unknown,20
7263,2026-06-08 20:31:47.743229+00:00,20260608_195523,1193046,37.03301166666667,27.42881833333333,0.0,0.0,511.0,7,PositionReport,50.0,NAUTICAST,Pilot,20
7265,2026-06-08 20:31:49.281243+00:00,20260608_195523,636024915,36.206336666666665,27.341305,12.1,320.7,318.0,0,PositionReport,70.0,ATLANTIC B,Cargo,20
7272,2026-06-08 20:31:50.443189+00:00,20260608_195523,273333500,36.48249,28.308701666666664,7.9,296.9,297.0,0,PositionReport,70.0,KAPITAN VORONKOV,Cargo,20
7287,2026-06-08 20:31:53.390030+00:00,20260608_195523,271043459,36.82672166666667,28.562541666666668,0.0,50.9,511.0,15,PositionReport,0.0,ADMIRAL,Unknown,20
7299,2026-06-08 20:31:56.852200+00:00,20260608_195523,341608002,36.34153333333334,28.672633333333334,10.8,106.5,109.0,0,PositionReport,70.0,BON,Cargo,20
7302,2026-06-08 20:31:56.973108+00:00,20260608_195523,538072107,36.822465,28.31257,0.0,19.9,323.0,5,PositionReport,37.0,TURK'S,Pleasure Craft,20
7322,2026-06-08 20:32:04.886950+00:00,20260608_195523,248446000,37.014165000000006,27.450455,0.0,203.0,264.0,5,PositionReport,37.0,ELEMENTS,Pleasure Craft,20
7324,2026-06-08 20:32:05.123731+00:00,20260608_195523,271053578,37.034173333333335,27.42767333333333,0.0,360.0,511.0,1,PositionReport,36.0,GITANE,Sailing Yacht,20
7352,2026-06-08 20:32:14.687727+00:00,20260608_195523,511100115,37.024436666666666,27.437693333333332,0.0,58.6,241.0,0,PositionReport,60.0,SEA STAR RHODES,Passenger,20
7367,2026-06-08 20:32:21.373576+00:00,20260608_195523,319160400,36.63557166666667,27.94283666666667,7.7,154.3,149.0,0,PositionReport,37.0,NEXUS,Pleasure Craft,20
7370,2026-06-08 20:32:21.373945+00:00,20260608_195523,305022400,36.35257333333333,26.88538,9.7,313.0,316.0,0,PositionReport,,,Unknown,20
7378,2026-06-08 20:32:22.852217+00:00,20260608_195523,341776000,36.45795833333333,28.234908333333333,5.9,317.6,315.0,0,PositionReport,60.0,BLUE SAPPHIRE,Passenger,20
7384,2026-06-08 20:32:24.273791+00:00,20260608_195523,271044329,36.55639,27.64037,8.0,113.1,111.0,0,PositionReport,70.0,KILIC,Cargo,20
7391,2026-06-08 20:32:27.663630+00:00,20260608_195523,667002547,36.44568,28.231998333333333,0.0,143.0,170.0,15,PositionReport,60.0,SEA STAR DIAGORAS,Passenger,20
7407,2026-06-08 20:32:32.460230+00:00,20260608_195523,341776000,36.45815833333334,28.234706666666668,6.2,317.9,316.0,0,PositionReport,60.0,BLUE SAPPHIRE,Passenger,20
7410,2026-06-08 20:32:33.688678+00:00,20260608_195523,271051573,36.72746666666667,27.69501166666667,0.0,360.0,511.0,8,PositionReport,37.0,WHITE ISLAND,Pleasure Craft,20
7417,2026-06-08 20:32:37.197995+00:00,20260608_195523,271044079,37.02428666666666,27.43864333333333,0.0,226.7,511.0,15,PositionReport,60.0,M/V ASIM KAPTAN,Passenger,20
7419,2026-06-08 20:32:38.122600+00:00,20260608_195523,273363000,36.95222666666667,27.21680333333333,7.3,292.1,295.0,0,PositionReport,,,Unknown,20
7425,2026-06-08 20:32:39.172877+00:00,20260608_195523,538072206,36.76921333333333,28.127556666666667,0.0,360.0,162.0,0,PositionReport,,,Unknown,20
7430,2026-06-08 20:32:40.536894+00:00,20260608_195523,271047044,36.68284666666667,26.575816666666665,10.3,311.9,314.0,0,PositionReport,72.0,PARPALI,Cargo,20
7433,2026-06-08 20:32:40.894939+00:00,20260608_195523,271040379,36.8508,28.27757,0.0,258.6,511.0,5,PositionReport,37.0,CIPITOUBA II,Pleasure Craft,20
7434,2026-06-08 20:32:41.071355+00:00,20260608_195523,477238600,36.26113166666666,27.124948333333336,13.9,311.9,314.0,0,PositionReport,79.0,SEAPOWER I,Cargo,20
7445,2026-06-08 20:32:44.655738+00:00,20260608_195523,271046339,37.03250333333334,27.428,0.2,360.0,309.0,0,PositionReport,37.0,QUEEN OF SALMAKIS,Pleasure Craft,20
7447,2026-06-08 20:32:45.283114+00:00,20260608_195523,241846000,36.44450333333334,28.231168333333336,1.3,178.8,511.0,5,PositionReport,52.0,CAPTAIN DIMITRIS I,Tug,20
7451,2026-06-08 20:32:46.736167+00:00,20260608_195523,240563500,36.6142,27.139326666666665,0.0,318.9,66.0,0,PositionReport,60.0,OLYMPIOS ERMIS,Passenger,20
7452,2026-06-08 20:32:46.897911+00:00,20260608_195523,538010371,36.58218166666666,26.69157333333333,9.8,313.7,314.0,0,PositionReport,80.0,NISSOS SERIFOS,Tanker,20
7453,2026-06-08 20:32:47.431699+00:00,20260608_195523,368188000,37.02578166666667,27.427346666666665,0.0,224.7,162.0,1,PositionReport,37.0,SERENITY,Pleasure Craft,20
7465,2026-06-08 20:32:50.317806+00:00,20260608_195523,271044344,37.03209666666667,27.427823333333333,0.0,36.0,302.0,5,PositionReport,51.0,KIYEM 6,SAR,20
7474,2026-06-08 20:32:53.366103+00:00,20260608_195523,357086000,36.42188833333333,26.79502833333333,11.0,318.5,317.0,0,PositionReport,70.0,AMIS WISDOM II,Cargo,20
7476,2026-06-08 20:32:53.607537+00:00,20260608_195523,636015607,36.41635,26.87046666666667,13.3,131.5,130.0,0,PositionReport,,,Unknown,20
7485,2026-06-08 20:32:54.945479+00:00,20260608_195523,232057452,37.03454333333333,27.424725,0.0,360.0,511.0,5,PositionReport,98.0,THUNDERBIRD B,Other,20
7491,2026-06-08 20:32:56.905759+00:00,20260608_195523,341608002,36.34068333333333,28.67618333333333,10.7,106.4,109.0,0,PositionReport,70.0,BON,Cargo,20
7497,2026-06-08 20:32:58.819644+00:00,20260608_195523,373178000,37.04251333333333,26.67616333333333,15.1,172.6,174.0,0,PositionReport,,,Unknown,20
7498,2026-06-08 20:32:59.229084+00:00,20260608_195523,538072206,36.76921,28.127560000000003,0.0,360.0,162.0,0,PositionReport,,,Unknown,20
7499,2026-06-08 20:32:59.313671+00:00,20260608_195523,352003824,37.01481666666667,27.450265,0.0,360.0,255.0,13,PositionReport,37.0,SEVEN,Pleasure Craft,20
7504,2026-06-08 20:33:00.444477+00:00,20260608_195523,273333500,36.483646666666665,28.305875,7.8,296.4,296.0,0,PositionReport,70.0,KAPITAN VORONKOV,Cargo,20
7545,2026-06-08 20:33:14.754736+00:00,20260608_195523,511100115,37.02444166666667,27.43768333333333,0.0,58.6,241.0,0,PositionReport,60.0,SEA STAR RHODES,Passenger,20
7560,2026-06-08 20:33:18.761296+00:00,20260608_195523,271002451,36.84887666666667,28.280458333333332,0.0,269.8,511.0,5,PositionReport,60.0,KARTEPE,Passenger,20
7571,2026-06-08 20:33:22.925919+00:00,20260608_195523,240663700,36.41665666666667,27.386713333333333,0.0,360.0,511.0,5,PositionReport,,,Unknown,20
7576,2026-06-08 20:33:24.290306+00:00,20260608_195523,271044329,36.555483333333335,27.642945,8.0,112.5,111.0,0,PositionReport,70.0,KILIC,Cargo,20
7596,2026-06-08 20:33:31.114184+00:00,20260608_195523,305022400,36.35473666666667,26.88257666666667,9.7,314.2,316.0,0,PositionReport,,,Unknown,20
7617,2026-06-08 20:33:37.584998+00:00,20260608_195523,248548000,36.66382333333333,28.04104,0.0,360.0,18.0,1,PositionReport,36.0,ROXANE,Sailing Yacht,20
7632,2026-06-08 20:33:41.152967+00:00,20260608_195523,241886000,36.44780333333333,28.234075,0.1,144.2,228.0,3,PositionReport,52.0,CAPTAIN DIMITRIS V,Tug,20
7635,2026-06-08 20:33:41.550239+00:00,20260608_195523,319105300,36.70513,27.875725,10.5,97.3,96.0,0,PositionReport,37.0,MY ESCAPE,Pleasure Craft,20
7640,2026-06-08 20:33:42.788972+00:00,20260608_195523,237176400,36.445283333333336,28.229196666666667,0.0,328.9,84.0,0,PositionReport,,,Unknown,20
7642,2026-06-08 20:33:43.345196+00:00,20260608_195523,305047300,36.75079333333333,26.766993333333332,11.7,165.9,163.0,0,PositionReport,70.0,ADAM CROWN,Cargo,20
7651,2026-06-08 20:33:44.624878+00:00,20260608_195523,271046339,37.03246,27.428045,0.2,360.0,309.0,0,PositionReport,37.0,QUEEN OF SALMAKIS,Pleasure Craft,20
7662,2026-06-08 20:33:48.136282+00:00,20260608_195523,538010371,36.58410333333334,26.68909833333333,9.8,313.6,314.0,0,PositionReport,80.0,NISSOS SERIFOS,Tanker,20
7672,2026-06-08 20:33:51.374952+00:00,20260608_195523,271047044,36.68511,26.572661666666665,10.3,313.0,316.0,0,PositionReport,72.0,PARPALI,Cargo,20
7702,2026-06-08 20:33:57.010687+00:00,20260608_195523,518998972,37.033681666666666,27.425473333333333,0.0,0.0,511.0,5,PositionReport,37.0,ELSEA,Pleasure Craft,20
7711,2026-06-08 20:33:59.340036+00:00,20260608_195523,538072206,36.76916666666667,28.127546666666667,0.0,360.0,162.0,0,PositionReport,,,Unknown,20
7721,2026-06-08 20:34:02.647099+00:00,20260608_195523,271043459,36.826735,28.562573333333333,0.0,0.0,511.0,15,PositionReport,0.0,ADMIRAL,Unknown,20
7727,2026-06-08 20:34:04.908895+00:00,20260608_195523,241846000,36.4444,28.231266666666667,0.3,150.2,511.0,5,PositionReport,52.0,CAPTAIN DIMITRIS I,Tug,20
7740,2026-06-08 20:34:09.516540+00:00,20260608_195523,273333500,36.48473,28.303058333333336,7.8,295.6,296.0,0,PositionReport,70.0,KAPITAN VORONKOV,Cargo,20
7743,2026-06-08 20:34:11.128026+00:00,20260608_195523,538072206,36.769173333333335,28.12754333333333,0.0,360.0,162.0,0,PositionReport,,,Unknown,20
7750,2026-06-08 20:34:12.831370+00:00,20260608_195523,271005006,36.84898833333333,28.280955,0.0,265.4,511.0,5,PositionReport,69.0,MARMARIS EXPRESS,Passenger,20
7753,2026-06-08 20:34:13.576048+00:00,20260608_195523,271051573,36.72748,27.69502,0.0,360.0,511.0,8,PositionReport,37.0,WHITE ISLAND,Pleasure Craft,20
7769,2026-06-08 20:34:20.662457+00:00,20260608_195523,461000204,37.01431,27.45049,0.0,328.3,262.0,5,PositionReport,37.0,WARDA,Pleasure Craft,20
7780,2026-06-08 20:34:24.858199+00:00,20260608_195523,511100115,37.024438333333336,27.43768,0.0,58.6,241.0,0,PositionReport,60.0,SEA STAR RHODES,Passenger,20
7793,2026-06-08 20:34:30.211364+00:00,20260608_195523,249010000,36.504911666666665,28.033476666666665,8.8,244.3,244.0,0,PositionReport,60.0,AROYA,Passenger,20
7803,2026-06-08 20:34:33.249960+00:00,20260608_195523,325152200,37.01491833333333,27.450423333333333,0.0,295.7,262.0,5,PositionReport,37.0,PACIFIC PEARL,Pleasure Craft,20
7805,2026-06-08 20:34:33.962979+00:00,20260608_195523,209874000,36.443975,28.236843333333336,0.0,142.7,143.0,5,PositionReport,70.0,THANOS,Cargo,20
7813,2026-06-08 20:34:37.402972+00:00,20260608_195523,271044079,37.02422833333333,27.438646666666667,0.0,209.6,511.0,15,PositionReport,60.0,M/V ASIM KAPTAN,Passenger,20
7828,2026-06-08 20:34:40.898985+00:00,20260608_195523,511101443,37.03214,27.426341666666666,0.0,176.3,511.0,9,PositionReport,60.0,SEA STAR KOS,Passenger,20
7837,2026-06-08 20:34:43.430489+00:00,20260608_195523,305047300,36.74761166666666,26.767913333333336,11.7,167.1,164.0,0,PositionReport,70.0,ADAM CROWN,Cargo,20
7843,2026-06-08 20:34:44.721678+00:00,20260608_195523,271046339,37.03248,27.427983333333334,0.0,360.0,309.0,0,PositionReport,37.0,QUEEN OF SALMAKIS,Pleasure Craft,20
7846,2026-06-08 20:34:45.256693+00:00,20260608_195523,271044329,36.55428666666667,27.646408333333333,8.0,112.1,111.0,0,PositionReport,70.0,KILIC,Cargo,20
7856,2026-06-08 20:34:46.560229+00:00,20260608_195523,373178000,37.035025000000005,26.677371666666662,15.1,172.0,173.0,0,PositionReport,,,Unknown,20
7863,2026-06-08 20:34:48.191502+00:00,20260608_195523,538010371,36.586,26.686666666666667,9.8,313.5,314.0,0,PositionReport,80.0,NISSOS SERIFOS,Tanker,20
7864,2026-06-08 20:34:48.264834+00:00,20260608_195523,1193046,37.03301166666667,27.42881833333333,0.0,0.0,511.0,7,PositionReport,50.0,NAUTICAST,Pilot,20
7877,2026-06-08 20:34:52.297403+00:00,20260608_195523,241886000,36.44777333333333,28.23411,0.2,145.2,237.0,3,PositionReport,52.0,CAPTAIN DIMITRIS V,Tug,20
7882,2026-06-08 20:34:53.184739+00:00,20260608_195523,271046339,37.03248666666666,27.42796666666667,0.2,360.0,309.0,0,PositionReport,37.0,QUEEN OF SALMAKIS,Pleasure Craft,20
7889,2026-06-08 20:34:54.087876+00:00,20260608_195523,319160400,36.63182333333334,27.94158333333333,7.3,288.5,296.0,0,PositionReport,37.0,NEXUS,Pleasure Craft,20
7904,2026-06-08 20:34:56.806178+00:00,20260608_195523,341608002,36.33903333333333,28.68335,10.8,105.8,109.0,0,PositionReport,70.0,BON,Cargo,20
7919,2026-06-08 20:34:59.815633+00:00,20260608_195523,511101443,37.03214,27.42634,0.0,176.3,511.0,9,PositionReport,60.0,SEA STAR KOS,Passenger,20
7926,2026-06-08 20:35:02.664574+00:00,20260608_195523,271043459,36.826791666666665,28.56258833333333,0.0,0.0,511.0,15,PositionReport,0.0,ADMIRAL,Unknown,20
7954,2026-06-08 20:35:10.375530+00:00,20260608_195523,305022400,36.357843333333335,26.878533333333333,9.8,313.6,316.0,0,PositionReport,,,Unknown,20
7956,2026-06-08 20:35:11.228929+00:00,20260608_195523,538072206,36.76916333333334,28.127556666666667,0.0,360.0,162.0,0,PositionReport,,,Unknown,20
7982,2026-06-08 20:35:18.533129+00:00,20260608_195523,249048000,36.92836833333333,26.714386666666663,18.1,2.9,2.0,0,PositionReport,,,Unknown,20
7987,2026-06-08 20:35:21.543395+00:00,20260608_195523,518999195,36.818153333333335,28.311003333333336,0.0,289.9,6.0,0,PositionReport,37.0,QUEST R,Pleasure Craft,20
7995,2026-06-08 20:35:24.734989+00:00,20260608_195523,511100115,37.02441833333333,27.437661666666667,0.0,58.6,241.0,0,PositionReport,60.0,SEA STAR RHODES,Passenger,20
7998,2026-06-08 20:35:25.387197+00:00,20260608_195523,271044329,36.553716666666666,27.648108333333333,8.0,112.8,111.0,0,PositionReport,70.0,KILIC,Cargo,20
8000,2026-06-08 20:35:26.065307+00:00,20260608_195523,271002446,37.02468833333333,27.43826333333333,0.0,0.0,511.0,8,PositionReport,60.0,AKCAKOCA,Passenger,20
8008,2026-06-08 20:35:28.431648+00:00,20260608_195523,273363000,36.95439,27.210106666666665,7.1,295.2,300.0,0,PositionReport,,,Unknown,20
8009,2026-06-08 20:35:28.939105+00:00,20260608_195523,352004546,36.311598333333336,28.86167,7.7,112.6,118.0,0,PositionReport,,,Unknown,20
8018,2026-06-08 20:35:30.556959+00:00,20260608_195523,271042480,37.03226333333334,27.426796666666668,0.0,0.0,511.0,5,PositionReport,69.0,GONUL,Passenger,20
8042,2026-06-08 20:35:38.907299+00:00,20260608_195523,271040379,36.850775,28.277556666666666,0.0,326.6,511.0,5,PositionReport,37.0,CIPITOUBA II,Pleasure Craft,20
8051,2026-06-08 20:35:40.573265+00:00,20260608_195523,271047044,36.688743333333335,26.568021666666667,10.3,313.2,315.0,0,PositionReport,72.0,PARPALI,Cargo,20
8055,2026-06-08 20:35:41.413944+00:00,20260608_195523,511101443,37.03214333333334,27.426348333333333,0.0,176.3,511.0,9,PositionReport,60.0,SEA STAR KOS,Passenger,20
8069,2026-06-08 20:35:44.776965+00:00,20260608_195523,271046339,37.03248,27.428,0.1,360.0,309.0,0,PositionReport,37.0,QUEEN OF SALMAKIS,Pleasure Craft,20
8074,2026-06-08 20:35:47.662231+00:00,20260608_195523,240563500,36.614201666666666,27.139323333333333,0.0,318.9,67.0,0,PositionReport,60.0,OLYMPIOS ERMIS,Passenger,20
8078,2026-06-08 20:35:48.325234+00:00,20260608_195523,1193046,37.03301166666667,27.42881833333333,0.0,0.0,511.0,7,PositionReport,50.0,NAUTICAST,Pilot,20
8083,2026-06-08 20:35:50.238839+00:00,20260608_195523,271044344,37.03209666666667,27.42781666666667,0.0,36.0,302.0,5,PositionReport,51.0,KIYEM 6,SAR,20
8086,2026-06-08 20:35:51.384902+00:00,20260608_195523,368188000,37.02578333333334,27.427376666666664,0.2,62.1,144.0,1,PositionReport,37.0,SERENITY,Pleasure Craft,20
8098,2026-06-08 20:35:54.988097+00:00,20260608_195523,232057452,37.03454166666667,27.42471833333333,0.0,360.0,511.0,5,PositionReport,98.0,THUNDERBIRD B,Other,20
8101,2026-06-08 20:35:55.393296+00:00,20260608_195523,319160400,36.63274,27.939181666666663,7.3,282.4,265.0,0,PositionReport,37.0,NEXUS,Pleasure Craft,20
8103,2026-06-08 20:35:56.019561+00:00,20260608_195523,271044079,37.024295,27.438645,0.0,209.3,511.0,15,PositionReport,60.0,M/V ASIM KAPTAN,Passenger,20
8105,2026-06-08 20:35:56.734017+00:00,20260608_195523,538010371,36.58813,26.68389833333333,9.8,313.4,314.0,0,PositionReport,80.0,NISSOS SERIFOS,Tanker,20
8121,2026-06-08 20:36:00.566023+00:00,20260608_195523,352003824,37.01480333333333,27.450265,0.0,360.0,255.0,13,PositionReport,37.0,SEVEN,Pleasure Craft,20
8128,2026-06-08 20:36:02.480561+00:00,20260608_195523,271043459,36.826785,28.562606666666667,0.0,62.1,511.0,15,PositionReport,0.0,ADMIRAL,Unknown,20
8145,2026-06-08 20:36:10.045283+00:00,20260608_195523,636024915,36.217535,27.329935,12.0,320.0,318.0,0,PositionReport,70.0,ATLANTIC B,Cargo,20
8151,2026-06-08 20:36:11.158985+00:00,20260608_195523,538072206,36.76916666666667,28.12755333333333,0.0,360.0,162.0,0,PositionReport,,,Unknown,20
8172,2026-06-08 20:36:19.404750+00:00,20260608_195523,273333500,36.486825,28.297801666666665,7.8,296.0,296.0,0,PositionReport,70.0,KAPITAN VORONKOV,Cargo,20
8190,2026-06-08 20:36:24.813063+00:00,20260608_195523,511100115,37.02444166666667,27.437665,0.0,58.6,241.0,0,PositionReport,60.0,SEA STAR RHODES,Passenger,20
8195,2026-06-08 20:36:26.250804+00:00,20260608_195523,271002446,37.0247,27.43828,0.0,0.0,511.0,8,PositionReport,60.0,AKCAKOCA,Passenger,20
8209,2026-06-08 20:36:28.891927+00:00,20260608_195523,319160400,36.63257166666666,27.93779333333333,7.2,252.2,236.0,0,PositionReport,37.0,NEXUS,Pleasure Craft,20
8228,2026-06-08 20:36:36.966090+00:00,20260608_195523,271002446,37.024705,27.43828166666667,0.0,0.0,511.0,8,PositionReport,60.0,AKCAKOCA,Passenger,20
8236,2026-06-08 20:36:39.698669+00:00,20260608_195523,248548000,36.66381666666667,28.04105,0.0,360.0,17.0,1,PositionReport,36.0,ROXANE,Sailing Yacht,20
8240,2026-06-08 20:36:40.354293+00:00,20260608_195523,271052890,36.62132833333333,26.793695,13.4,163.8,162.0,0,PositionReport,70.0,MED BEYKOZ,Cargo,20
8245,2026-06-08 20:36:41.920073+00:00,20260608_195523,271047044,36.690711666666665,26.56535166666667,10.2,313.3,316.0,0,PositionReport,72.0,PARPALI,Cargo,20
8265,2026-06-08 20:36:47.962678+00:00,20260608_195523,240563500,36.61420666666667,27.139323333333333,0.0,318.9,67.0,0,PositionReport,60.0,OLYMPIOS ERMIS,Passenger,20
8283,2026-06-08 20:36:53.582957+00:00,20260608_195523,271053537,37.01289666666666,27.450386666666667,0.0,360.0,511.0,1,PositionReport,37.0,ILLUSION 2,Pleasure Craft,20
8288,2026-06-08 20:36:55.843422+00:00,20260608_195523,271044079,37.02428,27.438646666666667,0.0,228.7,511.0,15,PositionReport,60.0,M/V ASIM KAPTAN,Passenger,20
8294,2026-06-08 20:36:57.305198+00:00,20260608_195523,538010371,36.59003166666666,26.681431666666665,9.8,312.9,314.0,0,PositionReport,80.0,NISSOS SERIFOS,Tanker,20
8296,2026-06-08 20:36:57.613024+00:00,20260608_195523,249708000,36.78480833333333,27.15195333333333,0.0,64.6,2.0,1,PositionReport,,,Unknown,20
8317,2026-06-08 20:37:02.052975+00:00,20260608_195523,341776000,36.46468,28.226391666666665,8.6,305.1,302.0,0,PositionReport,60.0,BLUE SAPPHIRE,Passenger,20
8326,2026-06-08 20:37:03.809898+00:00,20260608_195523,305047300,36.74019333333333,26.77007833333333,11.7,166.2,163.0,0,PositionReport,70.0,ADAM CROWN,Cargo,20
8327,2026-06-08 20:37:04.349423+00:00,20260608_195523,319160400,36.63183833333333,27.93672,7.0,217.0,203.0,0,PositionReport,37.0,NEXUS,Pleasure Craft,20
8330,2026-06-08 20:37:04.877505+00:00,20260608_195523,477238600,36.27240166666666,27.10936333333333,13.7,311.7,313.0,0,PositionReport,79.0,SEAPOWER I,Cargo,20
8335,2026-06-08 20:37:06.572100+00:00,20260608_195523,271053578,37.03415666666667,27.42768166666667,0.0,360.0,511.0,1,PositionReport,36.0,GITANE,Sailing Yacht,20
8347,2026-06-08 20:37:10.664729+00:00,20260608_195523,271005006,36.84897,28.28096833333333,0.0,265.4,511.0,5,PositionReport,69.0,MARMARIS EXPRESS,Passenger,20
8370,2026-06-08 20:37:18.624151+00:00,20260608_195523,352004546,36.310005,28.86610166666667,7.7,113.6,116.0,0,PositionReport,,,Unknown,20
8374,2026-06-08 20:37:19.322020+00:00,20260608_195523,273333500,36.487820000000006,28.295336666666667,7.8,295.8,296.0,0,PositionReport,70.0,KAPITAN VORONKOV,Cargo,20
8383,2026-06-08 20:37:22.196824+00:00,20260608_195523,461000204,37.01431,27.450491666666668,0.0,324.4,262.0,5,PositionReport,37.0,WARDA,Pleasure Craft,20
8401,2026-06-08 20:37:28.310214+00:00,20260608_195523,667002547,36.445661666666666,28.23194833333333,0.0,143.0,170.0,15,PositionReport,60.0,SEA STAR DIAGORAS,Passenger,20
8403,2026-06-08 20:37:28.693158+00:00,20260608_195523,636024915,36.221005,27.326401666666666,12.0,320.4,318.0,0,PositionReport,70.0,ATLANTIC B,Cargo,20
8409,2026-06-08 20:37:29.874039+00:00,20260608_195523,249010000,36.50174833333333,28.025346666666668,8.8,244.7,244.0,0,PositionReport,60.0,AROYA,Passenger,20
8415,2026-06-08 20:37:32.892530+00:00,20260608_195523,325152200,37.01492,27.450423333333333,0.0,185.0,262.0,5,PositionReport,37.0,PACIFIC PEARL,Pleasure Craft,20
8429,2026-06-08 20:37:37.035334+00:00,20260608_195523,271002446,37.02472,27.43828166666667,0.0,0.0,511.0,8,PositionReport,60.0,AKCAKOCA,Passenger,20
8437,2026-06-08 20:37:39.212360+00:00,20260608_195523,538071660,37.013533333333335,27.450445,0.0,262.8,287.0,1,PositionReport,37.0,M/Y GOLDEN HORN,Pleasure Craft,20
8443,2026-06-08 20:37:40.327928+00:00,20260608_195523,271052890,36.617705,26.79506,13.4,162.5,162.0,0,PositionReport,70.0,MED BEYKOZ,Cargo,20
8447,2026-06-08 20:37:41.556424+00:00,20260608_195523,511101443,37.03214833333333,27.426336666666668,0.0,176.3,511.0,9,PositionReport,60.0,SEA STAR KOS,Passenger,20
8466,2026-06-08 20:37:44.681965+00:00,20260608_195523,271046339,37.03248333333333,27.428031666666666,0.0,360.0,309.0,0,PositionReport,37.0,QUEEN OF SALMAKIS,Pleasure Craft,20
8474,2026-06-08 20:37:46.588732+00:00,20260608_195523,373178000,37.022553333333335,26.67964333333333,15.1,172.4,173.0,0,PositionReport,,,Unknown,20
8528,2026-06-08 20:38:02.050868+00:00,20260608_195523,341776000,36.46594,28.223766666666663,9.0,298.3,295.0,0,PositionReport,60.0,BLUE SAPPHIRE,Passenger,20
8532,2026-06-08 20:38:03.848519+00:00,20260608_195523,305047300,36.73700333333333,26.77101,11.7,169.0,165.0,0,PositionReport,70.0,ADAM CROWN,Cargo,20
8534,2026-06-08 20:38:04.694752+00:00,20260608_195523,477238600,36.27496166666666,27.105786666666667,13.7,311.8,313.0,0,PositionReport,79.0,SEAPOWER I,Cargo,20
8536,2026-06-08 20:38:04.938839+00:00,20260608_195523,248446000,37.014165000000006,27.450456666666664,0.0,150.0,264.0,5,PositionReport,37.0,ELEMENTS,Pleasure Craft,20
8543,2026-06-08 20:38:07.418169+00:00,20260608_195523,249048000,36.942456666666665,26.715321666666668,18.0,3.4,2.0,0,PositionReport,,,Unknown,20
8544,2026-06-08 20:38:08.220011+00:00,20260608_195523,1193046,37.03301166666667,27.42881833333333,0.0,0.0,511.0,7,PositionReport,50.0,NAUTICAST,Pilot,20
8562,2026-06-08 20:38:12.155579+00:00,20260608_195523,341776000,36.466125000000005,28.2233,9.1,298.0,295.0,0,PositionReport,60.0,BLUE SAPPHIRE,Passenger,20
8579,2026-06-08 20:38:17.060649+00:00,20260608_195523,319160400,36.6294,27.93596,7.6,187.2,182.0,0,PositionReport,37.0,NEXUS,Pleasure Craft,20
8580,2026-06-08 20:38:17.288538+00:00,20260608_195523,271044079,37.02429833333333,27.438638333333333,0.0,241.6,511.0,15,PositionReport,60.0,M/V ASIM KAPTAN,Passenger,20
8602,2026-06-08 20:38:23.881852+00:00,20260608_195523,271051573,36.72748666666666,27.69504833333333,0.0,360.0,511.0,8,PositionReport,37.0,WHITE ISLAND,Pleasure Craft,20
8613,2026-06-08 20:38:28.537035+00:00,20260608_195523,667002547,36.44569166666667,28.232015,0.0,143.0,170.0,15,PositionReport,60.0,SEA STAR DIAGORAS,Passenger,20
8617,2026-06-08 20:38:29.834745+00:00,20260608_195523,249010000,36.50068666666667,28.022606666666665,8.8,244.3,244.0,0,PositionReport,60.0,AROYA,Passenger,20
8621,2026-06-08 20:38:30.162682+00:00,20260608_195523,636024915,36.22361833333333,27.323671666666662,12.0,320.2,318.0,0,PositionReport,70.0,ATLANTIC B,Cargo,20
8624,2026-06-08 20:38:30.587859+00:00,20260608_195523,271042480,37.03226166666666,27.426796666666668,0.0,0.0,511.0,5,PositionReport,69.0,GONUL,Passenger,20
8644,2026-06-08 20:38:36.919319+00:00,20260608_195523,319617000,36.81695666666667,28.27312333333333,0.0,28.1,115.0,1,PositionReport,37.0,LADY SURA,Pleasure Craft,20
8657,2026-06-08 20:38:41.520537+00:00,20260608_195523,511101443,37.03214333333334,27.426335,0.0,176.3,511.0,9,PositionReport,60.0,SEA STAR KOS,Passenger,20
8658,2026-06-08 20:38:41.650123+00:00,20260608_195523,319105300,36.69560333333333,27.88959333333333,10.7,134.4,132.0,0,PositionReport,37.0,MY ESCAPE,Pleasure Craft,20
8668,2026-06-08 20:38:43.716868+00:00,20260608_195523,271051573,36.72748666666666,27.69504833333333,0.0,360.0,511.0,8,PositionReport,37.0,WHITE ISLAND,Pleasure Craft,20
8679,2026-06-08 20:38:46.898768+00:00,20260608_195523,538072206,36.76919333333333,28.127556666666667,0.0,360.0,162.0,0,PositionReport,,,Unknown,20
8681,2026-06-08 20:38:47.249410+00:00,20260608_195523,373178000,37.01840333333334,26.68032,15.0,172.9,174.0,0,PositionReport,,,Unknown,20
8685,2026-06-08 20:38:47.743902+00:00,20260608_195523,240563500,36.61421,27.139323333333333,0.0,318.9,66.0,0,PositionReport,60.0,OLYMPIOS ERMIS,Passenger,20
8696,2026-06-08 20:38:50.145973+00:00,20260608_195523,271044344,37.03209833333334,27.427813333333333,0.0,36.0,302.0,5,PositionReport,51.0,KIYEM 6,SAR,20
8712,2026-06-08 20:38:53.268978+00:00,20260608_195523,271046339,37.032493333333335,27.427995,0.0,360.0,309.0,0,PositionReport,37.0,QUEEN OF SALMAKIS,Pleasure Craft,20
8713,2026-06-08 20:38:54.111108+00:00,20260608_195523,232056776,36.613733333333336,27.139196666666667,0.0,360.0,70.0,5,PositionReport,37.0,AIM,Pleasure Craft,20
8725,2026-06-08 20:38:55.642768+00:00,20260608_195523,232057452,37.03455,27.42471,0.1,360.0,511.0,5,PositionReport,98.0,THUNDERBIRD B,Other,20
8727,2026-06-08 20:38:57.181926+00:00,20260608_195523,538010371,36.59376833333333,26.676605,9.7,313.4,314.0,0,PositionReport,80.0,NISSOS SERIFOS,Tanker,20
8742,2026-06-08 20:39:02.104414+00:00,20260608_195523,341776000,36.46703333333333,28.22087,9.5,292.9,289.0,0,PositionReport,60.0,BLUE SAPPHIRE,Passenger,20
8744,2026-06-08 20:39:02.795698+00:00,20260608_195523,352003824,37.01480333333333,27.450256666666668,0.0,360.0,254.0,13,PositionReport,37.0,SEVEN,Pleasure Craft,20
8745,2026-06-08 20:39:03.011056+00:00,20260608_195523,241216000,36.627433333333336,27.837416666666662,0.1,200.0,142.0,0,PositionReport,89.0,NAOUSSA,Tanker,20
8757,2026-06-08 20:39:08.417234+00:00,20260608_195523,1193046,37.03301166666667,27.42881833333333,0.0,0.0,511.0,7,PositionReport,50.0,NAUTICAST,Pilot,20
8777,2026-06-08 20:39:13.451431+00:00,20260608_195523,271043459,36.82675833333334,28.56255,0.0,67.4,511.0,15,PositionReport,0.0,ADMIRAL,Unknown,20
8785,2026-06-08 20:39:15.709442+00:00,20260608_195523,477238600,36.27789666666667,27.10165333333333,13.7,311.2,315.0,0,PositionReport,79.0,SEAPOWER I,Cargo,20
8789,2026-06-08 20:39:18.971458+00:00,20260608_195523,271002451,36.848885,28.28046,0.0,269.8,511.0,5,PositionReport,60.0,KARTEPE,Passenger,20
8803,2026-06-08 20:39:23.786019+00:00,20260608_195523,271051573,36.72749666666667,27.695028333333333,0.0,360.0,511.0,8,PositionReport,37.0,WHITE ISLAND,Pleasure Craft,20
8814,2026-06-08 20:39:26.489628+00:00,20260608_195523,256901000,36.50708833333333,26.720213333333334,12.3,132.1,130.0,0,PositionReport,,,Unknown,20
8821,2026-06-08 20:39:28.151716+00:00,20260608_195523,273363000,36.95867333333333,27.20173,7.1,307.1,310.0,0,PositionReport,,,Unknown,20
8822,2026-06-08 20:39:28.673789+00:00,20260608_195523,271047364,37.333868333333335,27.26162,0.0,359.8,354.0,1,PositionReport,31.0,SEASTAR,Towing,20
8828,2026-06-08 20:39:30.972909+00:00,20260608_195523,273333500,36.48994166666667,28.29007333333333,7.8,296.0,296.0,0,PositionReport,70.0,KAPITAN VORONKOV,Cargo,20
8864,2026-06-08 20:39:39.990813+00:00,20260608_195523,636024915,36.22664333333333,27.320598333333333,12.0,320.1,318.0,0,PositionReport,70.0,ATLANTIC B,Cargo,20
8894,2026-06-08 20:39:48.993367+00:00,20260608_195523,241895000,36.89954,27.29151,0.0,231.6,33.0,5,PositionReport,70.0,BLUE CARRIER 2,Cargo,20
8904,2026-06-08 20:39:50.687494+00:00,20260608_195523,636024915,36.227075,27.320148333333336,12.0,320.0,318.0,0,PositionReport,70.0,ATLANTIC B,Cargo,20
8926,2026-06-08 20:39:55.011808+00:00,20260608_195523,271046339,37.03245,27.428,0.0,360.0,309.0,0,PositionReport,37.0,QUEEN OF SALMAKIS,Pleasure Craft,20
8947,2026-06-08 20:39:59.231678+00:00,20260608_195523,373178000,37.01344,26.681123333333336,15.0,172.2,173.0,0,PositionReport,,,Unknown,20
8951,2026-06-08 20:40:00.454400+00:00,20260608_195523,271047044,36.69732,26.55681333333333,10.3,312.6,315.0,0,PositionReport,72.0,PARPALI,Cargo,20
8963,2026-06-08 20:40:02.164761+00:00,20260608_195523,341776000,36.467755,28.217676666666662,9.7,281.4,277.0,0,PositionReport,60.0,BLUE SAPPHIRE,Passenger,20
8966,2026-06-08 20:40:03.001360+00:00,20260608_195523,241216000,36.627433333333336,27.83738333333333,0.1,189.0,138.0,0,PositionReport,89.0,NAOUSSA,Tanker,20
8993,2026-06-08 20:40:12.770297+00:00,20260608_195523,271005006,36.84899833333333,28.280953333333333,0.0,265.4,511.0,5,PositionReport,69.0,MARMARIS EXPRESS,Passenger,20
8996,2026-06-08 20:40:13.775985+00:00,20260608_195523,319039900,36.45095833333333,28.22680833333333,0.0,249.0,280.0,5,PositionReport,37.0,MEGAN,Pleasure Craft,20
9001,2026-06-08 20:40:15.297147+00:00,20260608_195523,538072206,36.76921333333333,28.127556666666667,0.0,360.0,162.0,0,PositionReport,,,Unknown,20
9002,2026-06-08 20:40:15.599383+00:00,20260608_195523,477238600,36.28046333333334,27.098088333333333,13.7,311.5,314.0,0,PositionReport,79.0,SEAPOWER I,Cargo,20
9035,2026-06-08 20:40:26.529595+00:00,20260608_195523,256901000,36.504755,26.723365,12.3,132.0,130.0,0,PositionReport,,,Unknown,20
9040,2026-06-08 20:40:28.490355+00:00,20260608_195523,667002547,36.44565,28.23197833333333,0.0,143.0,170.0,15,PositionReport,60.0,SEA STAR DIAGORAS,Passenger,20
9046,2026-06-08 20:40:30.534816+00:00,20260608_195523,273333500,36.49090833333333,28.287641666666666,7.8,296.3,296.0,0,PositionReport,70.0,KAPITAN VORONKOV,Cargo,20
9058,2026-06-08 20:40:33.172327+00:00,20260608_195523,325152200,37.01491833333333,27.450421666666667,0.0,183.2,262.0,5,PositionReport,37.0,PACIFIC PEARL,Pleasure Craft,20
9062,2026-06-08 20:40:34.192275+00:00,20260608_195523,271043459,36.826745,28.562586666666668,0.0,58.6,511.0,15,PositionReport,0.0,ADMIRAL,Unknown,20
9069,2026-06-08 20:40:36.985292+00:00,20260608_195523,271044079,37.0243,27.438656666666667,0.0,237.4,511.0,15,PositionReport,60.0,M/V ASIM KAPTAN,Passenger,20
9072,2026-06-08 20:40:38.659673+00:00,20260608_195523,319160400,36.62435,27.935686666666665,7.6,179.4,175.0,0,PositionReport,37.0,NEXUS,Pleasure Craft,20
9085,2026-06-08 20:40:41.967619+00:00,20260608_195523,538011838,36.64741333333333,27.13605,0.0,256.0,328.0,1,PositionReport,70.0,IRIS I,Cargo,20
9091,2026-06-08 20:40:44.608541+00:00,20260608_195523,271044329,36.54912333333333,27.66174833333333,8.1,112.0,111.0,0,PositionReport,70.0,KILIC,Cargo,20
9101,2026-06-08 20:40:47.840849+00:00,20260608_195523,240563500,36.61421333333333,27.139315,0.0,318.9,67.0,0,PositionReport,60.0,OLYMPIOS ERMIS,Passenger,20
9113,2026-06-08 20:40:50.805796+00:00,20260608_195523,319105300,36.691091666666665,27.89529333333333,10.6,134.5,131.0,0,PositionReport,37.0,MY ESCAPE,Pleasure Craft,20
9114,2026-06-08 20:40:50.848705+00:00,20260608_195523,271052890,36.60620166666667,26.79921833333333,13.5,164.4,162.0,0,PositionReport,70.0,MED BEYKOZ,Cargo,20
9124,2026-06-08 20:40:54.709723+00:00,20260608_195523,538072107,36.82237,28.31259,0.0,19.9,323.0,5,PositionReport,37.0,TURK'S,Pleasure Craft,20
9126,2026-06-08 20:40:55.057352+00:00,20260608_195523,271046339,37.03244,27.427986666666666,0.0,360.0,309.0,0,PositionReport,37.0,QUEEN OF SALMAKIS,Pleasure Craft,20
9141,2026-06-08 20:40:59.096907+00:00,20260608_195523,538072206,36.769223333333336,28.127560000000003,0.0,360.0,162.0,0,PositionReport,,,Unknown,20
9148,2026-06-08 20:41:01.061095+00:00,20260608_195523,319160400,36.62357,27.935728333333333,7.6,176.0,170.0,0,PositionReport,37.0,NEXUS,Pleasure Craft,20
9153,2026-06-08 20:41:02.075204+00:00,20260608_195523,341776000,36.468176666666665,28.214276666666667,10.1,277.1,274.0,0,PositionReport,60.0,BLUE SAPPHIRE,Passenger,20
9160,2026-06-08 20:41:03.821160+00:00,20260608_195523,305047300,36.72734666666667,26.77321333333333,11.7,170.6,166.0,0,PositionReport,70.0,ADAM CROWN,Cargo,20
9166,2026-06-08 20:41:04.856876+00:00,20260608_195523,271046339,37.03246,27.428003333333333,0.1,360.0,309.0,0,PositionReport,37.0,QUEEN OF SALMAKIS,Pleasure Craft,20
9173,2026-06-08 20:41:07.033724+00:00,20260608_195523,341608002,36.33348333333333,28.705233333333336,10.8,108.4,112.0,0,PositionReport,70.0,BON,Cargo,20
9210,2026-06-08 20:41:17.497450+00:00,20260608_195523,1193046,37.03301166666667,27.42881833333333,0.0,0.0,511.0,7,PositionReport,50.0,NAUTICAST,Pilot,20
9223,2026-06-08 20:41:23.837515+00:00,20260608_195523,271051573,36.727473333333336,27.695016666666668,0.0,360.0,511.0,8,PositionReport,37.0,WHITE ISLAND,Pleasure Craft,20
9227,2026-06-08 20:41:25.158974+00:00,20260608_195523,511100115,37.02445333333333,27.437661666666667,0.0,58.6,241.0,0,PositionReport,60.0,SEA STAR RHODES,Passenger,20
9234,2026-06-08 20:41:26.780698+00:00,20260608_195523,538010371,36.59846166666667,26.670571666666667,9.7,313.7,314.0,0,PositionReport,80.0,NISSOS SERIFOS,Tanker,20
9243,2026-06-08 20:41:31.148964+00:00,20260608_195523,271042480,37.03226333333334,27.4268,0.0,0.0,511.0,5,PositionReport,69.0,GONUL,Passenger,20
9248,2026-06-08 20:41:33.692972+00:00,20260608_195523,271044329,36.54835333333333,27.663891666666665,8.0,113.5,112.0,0,PositionReport,70.0,KILIC,Cargo,20
9249,2026-06-08 20:41:33.969926+00:00,20260608_195523,636015607,36.39478333333333,26.900115000000003,13.2,131.8,129.0,0,PositionReport,,,Unknown,20
9250,2026-06-08 20:41:34.299935+00:00,20260608_195523,271043459,36.826751666666674,28.562598333333334,0.0,49.6,511.0,15,PositionReport,0.0,ADMIRAL,Unknown,20
9257,2026-06-08 20:41:36.933167+00:00,20260608_195523,271044079,37.02428833333333,27.438615,0.0,229.3,511.0,15,PositionReport,60.0,M/V ASIM KAPTAN,Passenger,20
9259,2026-06-08 20:41:37.631233+00:00,20260608_195523,667002547,36.44564833333333,28.23197333333333,0.0,143.0,170.0,15,PositionReport,60.0,SEA STAR DIAGORAS,Passenger,20
9262,2026-06-08 20:41:38.713398+00:00,20260608_195523,249010000,36.49727833333333,28.014053333333333,8.8,243.5,243.0,0,PositionReport,60.0,AROYA,Passenger,20
9265,2026-06-08 20:41:39.987264+00:00,20260608_195523,256003728,37.0158,27.442296666666667,0.0,360.0,511.0,1,PositionReport,37.0,BUCKETLIST10,Pleasure Craft,20
9279,2026-06-08 20:41:44.604477+00:00,20260608_195523,271044329,36.54822333333333,27.664311666666663,8.0,112.9,112.0,0,PositionReport,70.0,KILIC,Cargo,20
9298,2026-06-08 20:41:49.930842+00:00,20260608_195523,368188000,37.025780000000005,27.427496666666663,0.0,248.7,167.0,1,PositionReport,37.0,SERENITY,Pleasure Craft,20
9301,2026-06-08 20:41:50.852215+00:00,20260608_195523,319105300,36.68900666666666,27.897928333333333,10.6,134.4,131.0,0,PositionReport,37.0,MY ESCAPE,Pleasure Craft,20
9308,2026-06-08 20:41:52.176175+00:00,20260608_195523,271001044,37.02892166666666,27.42899833333333,0.1,180.0,511.0,1,PositionReport,37.0,BLACK SEA,Pleasure Craft,20
9317,2026-06-08 20:41:54.631317+00:00,20260608_195523,232056776,36.613733333333336,27.139196666666667,0.1,360.0,70.0,5,PositionReport,37.0,AIM,Pleasure Craft,20
9319,2026-06-08 20:41:54.961565+00:00,20260608_195523,271046339,37.03247666666667,27.42802333333333,0.0,360.0,309.0,0,PositionReport,37.0,QUEEN OF SALMAKIS,Pleasure Craft,20
9321,2026-06-08 20:41:55.161850+00:00,20260608_195523,477238600,36.28472,27.09217,13.8,311.2,314.0,0,PositionReport,79.0,SEAPOWER I,Cargo,20
9322,2026-06-08 20:41:55.244469+00:00,20260608_195523,232057452,37.03454833333333,27.424705,0.0,360.0,511.0,5,PositionReport,98.0,THUNDERBIRD B,Other,20
9339,2026-06-08 20:41:59.005348+00:00,20260608_195523,538072206,36.769223333333336,28.127556666666667,0.0,360.0,162.0,0,PositionReport,,,Unknown,20
9342,2026-06-08 20:41:59.833887+00:00,20260608_195523,352003824,37.014813333333336,27.450256666666668,0.0,360.0,264.0,13,PositionReport,37.0,SEVEN,Pleasure Craft,20
9344,2026-06-08 20:42:00.011136+00:00,20260608_195523,271052890,36.60205666666666,26.800698333333333,13.5,164.2,163.0,0,PositionReport,70.0,MED BEYKOZ,Cargo,20
9366,2026-06-08 20:42:05.710862+00:00,20260608_195523,271045885,37.01543,27.43942666666667,0.0,36.2,511.0,1,PositionReport,67.0,ARIELA,Passenger,20
9370,2026-06-08 20:42:06.555404+00:00,20260608_195523,240563500,36.61421666666667,27.13932833333333,0.0,318.9,66.0,0,PositionReport,60.0,OLYMPIOS ERMIS,Passenger,20
9371,2026-06-08 20:42:07.241452+00:00,20260608_195523,341608002,36.33255,28.70876666666667,10.7,108.5,113.0,0,PositionReport,70.0,BON,Cargo,20
9390,2026-06-08 20:42:12.635450+00:00,20260608_195523,305047300,36.72367,26.774146666666663,11.6,164.4,161.0,0,PositionReport,70.0,ADAM CROWN,Cargo,20
9400,2026-06-08 20:42:17.522753+00:00,20260608_195523,1193046,37.03301166666667,27.42881833333333,0.0,0.0,511.0,7,PositionReport,50.0,NAUTICAST,Pilot,20
9415,2026-06-08 20:42:23.494083+00:00,20260608_195523,241216000,36.6274,27.8374,0.0,164.0,134.0,0,PositionReport,89.0,NAOUSSA,Tanker,20
9417,2026-06-08 20:42:23.729563+00:00,20260608_195523,636015607,36.392805,26.902895,13.2,131.6,129.0,0,PositionReport,,,Unknown,20
9423,2026-06-08 20:42:25.122347+00:00,20260608_195523,511100115,37.024435,27.43765833333333,0.0,58.6,241.0,0,PositionReport,60.0,SEA STAR RHODES,Passenger,20
9425,2026-06-08 20:42:25.342181+00:00,20260608_195523,477238600,36.286005,27.0904,13.7,311.1,314.0,0,PositionReport,79.0,SEAPOWER I,Cargo,20
9443,2026-06-08 20:42:30.530220+00:00,20260608_195523,273333500,36.49285333333333,28.28278333333333,7.8,297.2,297.0,0,PositionReport,70.0,KAPITAN VORONKOV,Cargo,20
9450,2026-06-08 20:42:34.187701+00:00,20260608_195523,271043459,36.826746666666665,28.562575,0.0,49.3,511.0,15,PositionReport,0.0,ADMIRAL,Unknown,20
9452,2026-06-08 20:42:35.323530+00:00,20260608_195523,373178000,37.00265666666667,26.683238333333332,15.1,169.2,170.0,0,PositionReport,,,Unknown,20
9457,2026-06-08 20:42:36.597990+00:00,20260608_195523,271002446,37.02469,27.43826333333333,0.0,0.0,511.0,8,PositionReport,60.0,AKCAKOCA,Passenger,20
9460,2026-06-08 20:42:37.641948+00:00,20260608_195523,667002547,36.44565,28.23195833333333,0.0,143.0,171.0,15,PositionReport,60.0,SEA STAR DIAGORAS,Passenger,20
9462,2026-06-08 20:42:37.955425+00:00,20260608_195523,538010371,36.600725,26.66766,9.7,313.6,314.0,0,PositionReport,80.0,NISSOS SERIFOS,Tanker,20
9465,2026-06-08 20:42:38.780920+00:00,20260608_195523,249010000,36.496185,28.01134,8.8,243.6,243.0,0,PositionReport,60.0,AROYA,Passenger,20
9507,2026-06-08 20:42:50.985340+00:00,20260608_195523,511101443,37.032158333333335,27.42635,0.0,176.3,511.0,9,PositionReport,60.0,SEA STAR KOS,Passenger,20
9533,2026-06-08 20:42:56.692884+00:00,20260608_195523,240563500,36.61420833333333,27.139333333333333,0.0,318.9,66.0,0,PositionReport,60.0,OLYMPIOS ERMIS,Passenger,20
9542,2026-06-08 20:42:59.493477+00:00,20260608_195523,636024915,36.235171666666666,27.311826666666665,12.0,319.9,318.0,0,PositionReport,70.0,ATLANTIC B,Cargo,20
9559,2026-06-08 20:43:03.168680+00:00,20260608_195523,341776000,36.46886,28.206993333333333,10.8,276.1,274.0,0,PositionReport,60.0,BLUE SAPPHIRE,Passenger,20
9566,2026-06-08 20:43:05.975367+00:00,20260608_195523,271053578,37.034173333333335,27.427715,0.0,360.0,511.0,1,PositionReport,36.0,GITANE,Sailing Yacht,20
9567,2026-06-08 20:43:06.349996+00:00,20260608_195523,240563500,36.614205,27.13933,0.0,318.9,67.0,0,PositionReport,60.0,OLYMPIOS ERMIS,Passenger,20
9575,2026-06-08 20:43:08.367414+00:00,20260608_195523,319160400,36.61909166666667,27.936606666666663,7.6,171.6,168.0,0,PositionReport,37.0,NEXUS,Pleasure Craft,20
9600,2026-06-08 20:43:16.983365+00:00,20260608_195523,341608002,36.3314,28.712866666666667,10.8,108.9,113.0,0,PositionReport,70.0,BON,Cargo,20
9601,2026-06-08 20:43:17.419792+00:00,20260608_195523,1193046,37.03301166666667,27.42881833333333,0.0,0.0,511.0,7,PositionReport,50.0,NAUTICAST,Pilot,20
9624,2026-06-08 20:43:24.691664+00:00,20260608_195523,271051573,36.72748333333333,27.695036666666667,0.0,360.0,511.0,8,PositionReport,37.0,WHITE ISLAND,Pleasure Craft,20
9626,2026-06-08 20:43:25.131627+00:00,20260608_195523,477238600,36.288515,27.086916666666664,13.8,311.0,314.0,0,PositionReport,79.0,SEAPOWER I,Cargo,20
9640,2026-06-08 20:43:30.554609+00:00,20260608_195523,273333500,36.493813333333335,28.280356666666663,7.8,297.0,297.0,0,PositionReport,70.0,KAPITAN VORONKOV,Cargo,20
9650,2026-06-08 20:43:33.522052+00:00,20260608_195523,325152200,37.01492,27.45042,0.0,176.5,262.0,5,PositionReport,37.0,PACIFIC PEARL,Pleasure Craft,20
9664,2026-06-08 20:43:38.236731+00:00,20260608_195523,538071660,37.01353833333334,27.450445,0.0,262.8,287.0,1,PositionReport,37.0,M/Y GOLDEN HORN,Pleasure Craft,20
9667,2026-06-08 20:43:39.651394+00:00,20260608_195523,271043588,37.028835,27.437545,0.0,0.0,511.0,5,PositionReport,0.0,LOVE BOAT,Unknown,20
9674,2026-06-08 20:43:41.601404+00:00,20260608_195523,271047044,36.704605,26.547263333333333,10.3,314.3,316.0,0,PositionReport,72.0,PARPALI,Cargo,20
9677,2026-06-08 20:43:42.199762+00:00,20260608_195523,241953000,36.40781666666667,28.246921666666665,0.0,242.9,332.0,1,PositionReport,89.0,SEAVEN CREST,Tanker,20
9680,2026-06-08 20:43:43.121439+00:00,20260608_195523,256003728,37.015798333333336,27.442273333333333,0.0,360.0,511.0,1,PositionReport,37.0,BUCKETLIST10,Pleasure Craft,20
9685,2026-06-08 20:43:44.514465+00:00,20260608_195523,271044329,36.54642666666667,27.669466666666665,8.0,112.9,111.0,0,PositionReport,70.0,KILIC,Cargo,20
9694,2026-06-08 20:43:47.448544+00:00,20260608_195523,667002547,36.445661666666666,28.231996666666664,0.0,143.0,170.0,15,PositionReport,60.0,SEA STAR DIAGORAS,Passenger,20
9707,2026-06-08 20:43:51.269034+00:00,20260608_195523,511101443,37.03216,27.426325,0.0,176.3,511.0,9,PositionReport,60.0,SEA STAR KOS,Passenger,20
9727,2026-06-08 20:43:55.046458+00:00,20260608_195523,271046339,37.03248,27.428036666666667,0.0,360.0,309.0,0,PositionReport,37.0,QUEEN OF SALMAKIS,Pleasure Craft,20
9730,2026-06-08 20:43:55.469593+00:00,20260608_195523,319177600,37.02411666666667,27.436916666666665,0.0,62.8,63.0,5,PositionReport,37.0,STARLUST,Pleasure Craft,20
9737,2026-06-08 20:43:57.108445+00:00,20260608_195523,271040379,36.85080333333334,28.277518333333333,0.0,70.3,511.0,5,PositionReport,37.0,CIPITOUBA II,Pleasure Craft,20
9746,2026-06-08 20:43:59.367820+00:00,20260608_195523,636024915,36.23769,27.309181666666667,11.9,319.9,318.0,0,PositionReport,70.0,ATLANTIC B,Cargo,20
9749,2026-06-08 20:44:00.045159+00:00,20260608_195523,271052890,36.594818333333336,26.803328333333333,13.5,163.1,161.0,0,PositionReport,70.0,MED BEYKOZ,Cargo,20
9792,2026-06-08 20:44:13.962170+00:00,20260608_195523,305047300,36.71731666666667,26.776128333333336,11.7,166.7,161.0,0,PositionReport,70.0,ADAM CROWN,Cargo,20
9800,2026-06-08 20:44:16.841117+00:00,20260608_195523,341608002,36.33043333333333,28.716416666666664,10.8,108.2,113.0,0,PositionReport,70.0,BON,Cargo,20
9802,2026-06-08 20:44:17.432416+00:00,20260608_195523,1193046,37.03301166666667,27.42881833333333,0.0,0.0,511.0,7,PositionReport,50.0,NAUTICAST,Pilot,20
9805,2026-06-08 20:44:17.715351+00:00,20260608_195523,319160400,36.616681666666665,27.937056666666667,7.5,171.1,167.0,0,PositionReport,37.0,NEXUS,Pleasure Craft,20
9824,2026-06-08 20:44:23.475639+00:00,20260608_195523,341776000,36.46922833333333,28.20200833333333,11.1,274.6,273.0,0,PositionReport,60.0,BLUE SAPPHIRE,Passenger,20
9831,2026-06-08 20:44:25.321717+00:00,20260608_195523,477238600,36.29111833333333,27.08330833333333,13.7,310.9,315.0,0,PositionReport,79.0,SEAPOWER I,Cargo,20
9847,2026-06-08 20:44:30.359122+00:00,20260608_195523,273333500,36.49479166666666,28.27793666666667,7.8,297.0,297.0,0,PositionReport,70.0,KAPITAN VORONKOV,Cargo,20
9850,2026-06-08 20:44:30.581220+00:00,20260608_195523,271042480,37.03225666666666,27.426805,0.0,0.0,511.0,5,PositionReport,69.0,GONUL,Passenger,20
9864,2026-06-08 20:44:34.266660+00:00,20260608_195523,271043459,36.82673833333333,28.562575,0.0,31.5,511.0,15,PositionReport,0.0,ADMIRAL,Unknown,20
9875,2026-06-08 20:44:36.749605+00:00,20260608_195523,271002446,37.02473,27.438285,0.0,0.0,511.0,8,PositionReport,60.0,AKCAKOCA,Passenger,20
9876,2026-06-08 20:44:37.063483+00:00,20260608_195523,271044079,37.024301666666666,27.438636666666664,0.0,254.4,511.0,15,PositionReport,60.0,M/V ASIM KAPTAN,Passenger,20
9877,2026-06-08 20:44:37.343830+00:00,20260608_195523,341608002,36.33011666666666,28.7176,10.8,107.6,113.0,0,PositionReport,70.0,BON,Cargo,20
9891,2026-06-08 20:44:44.631889+00:00,20260608_195523,271044329,36.54556,27.67204333333333,8.0,111.5,111.0,0,PositionReport,70.0,KILIC,Cargo,20
9918,2026-06-08 20:44:51.616099+00:00,20260608_195523,232056776,36.61375,27.139181666666666,0.0,360.0,51.0,5,PositionReport,37.0,AIM,Pleasure Craft,20
9931,2026-06-08 20:44:53.978822+00:00,20260608_195523,232057452,37.03453833333333,27.42472833333333,0.1,360.0,511.0,5,PositionReport,98.0,THUNDERBIRD B,Other,20
9934,2026-06-08 20:44:55.078626+00:00,20260608_195523,271046339,37.03254333333334,27.42802333333333,0.1,360.0,309.0,0,PositionReport,37.0,QUEEN OF SALMAKIS,Pleasure Craft,20
9947,2026-06-08 20:44:57.675743+00:00,20260608_195523,667002547,36.44567166666666,28.23199,0.0,143.0,170.0,15,PositionReport,60.0,SEA STAR DIAGORAS,Passenger,20
9952,2026-06-08 20:44:58.821393+00:00,20260608_195523,373178000,36.99281166666666,26.68560833333333,15.1,169.8,171.0,0,PositionReport,,,Unknown,20
9953,2026-06-08 20:44:59.381894+00:00,20260608_195523,538072206,36.76920333333333,28.127560000000003,0.0,360.0,162.0,0,PositionReport,,,Unknown,20
9956,2026-06-08 20:44:59.889629+00:00,20260608_195523,271052890,36.59120333333333,26.804693333333333,13.5,163.7,163.0,0,PositionReport,70.0,MED BEYKOZ,Cargo,20
9979,2026-06-08 20:45:09.505425+00:00,20260608_195523,636024915,36.24073,27.306046666666667,11.9,319.6,318.0,0,PositionReport,70.0,ATLANTIC B,Cargo,20
9997,2026-06-08 20:45:16.834074+00:00,20260608_195523,341608002,36.3295,28.719966666666668,10.8,108.2,113.0,0,PositionReport,70.0,BON,Cargo,20
10007,2026-06-08 20:45:19.597086+00:00,20260608_195523,271002451,36.84888,28.28046833333333,0.0,269.8,511.0,5,PositionReport,60.0,KARTEPE,Passenger,20
10026,2026-06-08 20:45:23.282702+00:00,20260608_195523,241216000,36.62735,27.837516666666662,0.0,194.0,135.0,0,PositionReport,89.0,NAOUSSA,Tanker,20
10035,2026-06-08 20:45:25.075200+00:00,20260608_195523,271051573,36.72748666666666,27.695045,0.0,360.0,511.0,8,PositionReport,37.0,WHITE ISLAND,Pleasure Craft,20
10038,2026-06-08 20:45:25.450405+00:00,20260608_195523,477238600,36.29363166666667,27.079771666666662,13.7,311.1,315.0,0,PositionReport,79.0,SEAPOWER I,Cargo,20
10065,2026-06-08 20:45:34.380639+00:00,20260608_195523,271043459,36.82677,28.562586666666668,0.0,23.4,511.0,15,PositionReport,0.0,ADMIRAL,Unknown,20
10067,2026-06-08 20:45:34.947596+00:00,20260608_195523,636015607,36.384800000000006,26.91371666666667,13.3,133.0,131.0,0,PositionReport,,,Unknown,20
10071,2026-06-08 20:45:36.935182+00:00,20260608_195523,271044079,37.024323333333335,27.43865,0.0,251.9,511.0,15,PositionReport,60.0,M/V ASIM KAPTAN,Passenger,20
10073,2026-06-08 20:45:37.344662+00:00,20260608_195523,248548000,36.66378666666667,28.04103333333333,0.0,360.0,15.0,1,PositionReport,36.0,ROXANE,Sailing Yacht,20
10075,2026-06-08 20:45:37.697952+00:00,20260608_195523,271002446,37.02476333333333,27.43828,0.0,0.0,511.0,8,PositionReport,60.0,AKCAKOCA,Passenger,20
10077,2026-06-08 20:45:38.008959+00:00,20260608_195523,538010371,36.60631166666667,26.66043833333333,9.7,313.8,314.0,0,PositionReport,80.0,NISSOS SERIFOS,Tanker,20
10080,2026-06-08 20:45:38.703952+00:00,20260608_195523,271052907,37.01215,27.437085000000003,0.0,360.0,511.0,1,PositionReport,36.0,MEIRA,Sailing Yacht,20
10082,2026-06-08 20:45:39.080904+00:00,20260608_195523,538072206,36.7692,28.127560000000003,0.1,360.0,218.0,0,PositionReport,,,Unknown,20
10088,2026-06-08 20:45:40.546494+00:00,20260608_195523,241886000,36.448303333333335,28.23274333333333,2.7,282.6,282.0,3,PositionReport,52.0,CAPTAIN DIMITRIS V,Tug,20
10103,2026-06-08 20:45:44.549829+00:00,20260608_195523,271044329,36.544716666666666,27.67459833333333,8.1,112.3,111.0,0,PositionReport,70.0,KILIC,Cargo,20
10119,2026-06-08 20:45:49.833751+00:00,20260608_195523,241895000,36.89958666666666,27.29154,0.0,231.6,33.0,5,PositionReport,70.0,BLUE CARRIER 2,Cargo,20
10122,2026-06-08 20:45:50.431272+00:00,20260608_195523,273333500,36.49611,28.274715,7.8,296.1,296.0,0,PositionReport,70.0,KAPITAN VORONKOV,Cargo,20
10128,2026-06-08 20:45:52.500027+00:00,20260608_195523,271043459,36.826773333333335,28.562608333333333,0.0,28.2,511.0,15,PositionReport,0.0,ADMIRAL,Unknown,20
10155,2026-06-08 20:46:00.041333+00:00,20260608_195523,271052890,36.58754666666667,26.80594166666667,13.5,164.3,162.0,0,PositionReport,70.0,MED BEYKOZ,Cargo,20
10165,2026-06-08 20:46:01.540856+00:00,20260608_195523,319105300,36.68031833333334,27.908971666666663,10.7,134.1,132.0,0,PositionReport,37.0,MY ESCAPE,Pleasure Craft,20
10167,2026-06-08 20:46:03.105987+00:00,20260608_195523,511101610,36.81960166666667,28.300373333333333,0.0,0.0,511.0,1,PositionReport,,,Unknown,20
10201,2026-06-08 20:46:14.018221+00:00,20260608_195523,305047300,36.71099666666667,26.778216666666665,11.7,164.7,162.0,0,PositionReport,70.0,ADAM CROWN,Cargo,20
10230,2026-06-08 20:46:23.561526+00:00,20260608_195523,241216000,36.62735,27.837533333333333,0.0,212.0,135.0,0,PositionReport,89.0,NAOUSSA,Tanker,20
10236,2026-06-08 20:46:24.629406+00:00,20260608_195523,511100115,37.02446333333333,27.437681666666663,0.0,58.6,241.0,0,PositionReport,60.0,SEA STAR RHODES,Passenger,20
10241,2026-06-08 20:46:25.447013+00:00,20260608_195523,477238600,36.296145,27.07624666666667,13.7,311.5,314.0,0,PositionReport,79.0,SEAPOWER I,Cargo,20
10250,2026-06-08 20:46:28.089439+00:00,20260608_195523,1193046,37.03301166666667,27.42881833333333,0.0,0.0,511.0,7,PositionReport,50.0,NAUTICAST,Pilot,20
10272,2026-06-08 20:46:34.320001+00:00,20260608_195523,271043459,36.826800000000006,28.562575,0.0,46.2,511.0,15,PositionReport,0.0,ADMIRAL,Unknown,20
10277,2026-06-08 20:46:36.101905+00:00,20260608_195523,209874000,36.44392666666667,28.236865,0.0,142.7,143.0,5,PositionReport,70.0,THANOS,Cargo,20
10284,2026-06-08 20:46:37.744239+00:00,20260608_195523,538010371,36.608185000000006,26.65804333333333,9.7,314.1,314.0,0,PositionReport,80.0,NISSOS SERIFOS,Tanker,20
10285,2026-06-08 20:46:37.784509+00:00,20260608_195523,271002446,37.02476166666667,27.438266666666667,0.0,0.0,511.0,8,PositionReport,60.0,AKCAKOCA,Passenger,20
10289,2026-06-08 20:46:39.729539+00:00,20260608_195523,249010000,36.49154333333333,27.99946,10.6,244.5,244.0,0,PositionReport,60.0,AROYA,Passenger,20
10291,2026-06-08 20:46:40.046046+00:00,20260608_195523,636024915,36.24454833333333,27.30203333333333,11.9,319.3,318.0,0,PositionReport,70.0,ATLANTIC B,Cargo,20
10295,2026-06-08 20:46:40.775012+00:00,20260608_195523,538011838,36.647385,27.13600166666667,0.0,256.0,336.0,1,PositionReport,70.0,IRIS I,Cargo,20
10326,2026-06-08 20:46:51.332946+00:00,20260608_195523,511101443,37.03216,27.426326666666668,0.0,176.3,511.0,9,PositionReport,60.0,SEA STAR KOS,Passenger,20
10337,2026-06-08 20:46:54.641756+00:00,20260608_195523,271046339,37.03249666666667,27.42806833333333,0.0,360.0,309.0,0,PositionReport,37.0,QUEEN OF SALMAKIS,Pleasure Craft,20
10343,2026-06-08 20:46:55.203907+00:00,20260608_195523,271040379,36.85078833333333,28.27754333333333,0.0,330.8,511.0,5,PositionReport,37.0,CIPITOUBA II,Pleasure Craft,20
10344,2026-06-08 20:46:55.590035+00:00,20260608_195523,538072107,36.822375,28.312615,0.0,19.9,323.0,5,PositionReport,37.0,TURK'S,Pleasure Craft,20
10366,2026-06-08 20:47:01.458598+00:00,20260608_195523,271047044,36.71118166666667,26.538676666666667,10.2,314.0,316.0,0,PositionReport,72.0,PARPALI,Cargo,20
10368,2026-06-08 20:47:01.703437+00:00,20260608_195523,319105300,36.67824333333333,27.91163833333333,10.7,134.2,132.0,0,PositionReport,37.0,MY ESCAPE,Pleasure Craft,20
10374,2026-06-08 20:47:04.881408+00:00,20260608_195523,271046339,37.03248333333333,27.428085,0.2,360.0,309.0,0,PositionReport,37.0,QUEEN OF SALMAKIS,Pleasure Craft,20
10414,2026-06-08 20:47:16.799758+00:00,20260608_195523,341608002,36.32768333333333,28.72705,10.8,107.1,112.0,0,PositionReport,70.0,BON,Cargo,20
10431,2026-06-08 20:47:22.819053+00:00,20260608_195523,538072206,36.76921333333333,28.127556666666667,0.0,360.0,162.0,0,PositionReport,,,Unknown,20
10432,2026-06-08 20:47:22.920565+00:00,20260608_195523,373178000,36.982965,26.68821,15.0,164.7,165.0,0,PositionReport,,,Unknown,20
10436,2026-06-08 20:47:24.645028+00:00,20260608_195523,477238600,36.29862666666667,27.072733333333336,13.7,312.1,313.0,0,PositionReport,79.0,SEAPOWER I,Cargo,20
10437,2026-06-08 20:47:24.706565+00:00,20260608_195523,511100115,37.02444333333334,27.43769,0.0,58.6,241.0,0,PositionReport,60.0,SEA STAR RHODES,Passenger,20
10445,2026-06-08 20:47:27.465620+00:00,20260608_195523,240563500,36.61421,27.139331666666667,0.0,318.9,66.0,0,PositionReport,60.0,OLYMPIOS ERMIS,Passenger,20
10467,2026-06-08 20:47:33.285552+00:00,20260608_195523,241216000,36.62733333333333,27.837533333333333,0.0,222.0,135.0,0,PositionReport,89.0,NAOUSSA,Tanker,20
10478,2026-06-08 20:47:37.658516+00:00,20260608_195523,271002446,37.02475166666667,27.43823666666667,0.0,0.0,511.0,8,PositionReport,60.0,AKCAKOCA,Passenger,20
10483,2026-06-08 20:47:39.781942+00:00,20260608_195523,249010000,36.490235,27.996068333333334,11.2,244.4,244.0,0,PositionReport,60.0,AROYA,Passenger,20
10515,2026-06-08 20:47:50.226925+00:00,20260608_195523,271044344,37.03210166666667,27.427805,0.0,36.0,303.0,5,PositionReport,51.0,KIYEM 6,SAR,20
10518,2026-06-08 20:47:51.183466+00:00,20260608_195523,511101443,37.03216166666667,27.426341666666666,0.0,176.3,511.0,9,PositionReport,60.0,SEA STAR KOS,Passenger,20
10522,2026-06-08 20:47:52.343020+00:00,20260608_195523,271001044,37.028915,27.429005,0.1,49.0,511.0,1,PositionReport,37.0,BLACK SEA,Pleasure Craft,20
10555,2026-06-08 20:48:00.390995+00:00,20260608_195523,273333500,36.49822666666667,28.269505,7.8,296.1,296.0,0,PositionReport,70.0,KAPITAN VORONKOV,Cargo,20
10562,2026-06-08 20:48:01.403459+00:00,20260608_195523,352003824,37.01481666666667,27.450265,0.0,360.0,260.0,13,PositionReport,37.0,SEVEN,Pleasure Craft,20
10569,2026-06-08 20:48:03.311589+00:00,20260608_195523,538072206,36.76922666666667,28.12755333333333,0.0,360.0,218.0,0,PositionReport,,,Unknown,20
10570,2026-06-08 20:48:03.311795+00:00,20260608_195523,341776000,36.470145,28.187791666666666,11.2,274.6,273.0,0,PositionReport,60.0,BLUE SAPPHIRE,Passenger,20
10572,2026-06-08 20:48:03.537376+00:00,20260608_195523,271053578,37.034173333333335,27.427703333333334,0.0,360.0,511.0,1,PositionReport,36.0,GITANE,Sailing Yacht,20
10585,2026-06-08 20:48:10.681002+00:00,20260608_195523,271047044,36.71341833333334,26.535671666666666,10.2,312.1,316.0,0,PositionReport,72.0,PARPALI,Cargo,20
10586,2026-06-08 20:48:10.951656+00:00,20260608_195523,319105300,36.67555,27.914293333333333,10.6,158.7,156.0,0,PositionReport,37.0,MY ESCAPE,Pleasure Craft,20
10600,2026-06-08 20:48:16.841297+00:00,20260608_195523,341608002,36.326800000000006,28.730566666666668,10.8,107.5,113.0,0,PositionReport,70.0,BON,Cargo,20
10621,2026-06-08 20:48:24.556173+00:00,20260608_195523,319105300,36.67508,27.914505,10.7,161.9,158.0,0,PositionReport,37.0,MY ESCAPE,Pleasure Craft,20
10622,2026-06-08 20:48:24.598444+00:00,20260608_195523,477238600,36.30117833333334,27.06921333333333,13.6,311.5,313.0,0,PositionReport,79.0,SEAPOWER I,Cargo,20
10624,2026-06-08 20:48:24.673941+00:00,20260608_195523,511100115,37.02443333333333,27.43769,0.0,58.6,241.0,0,PositionReport,60.0,SEA STAR RHODES,Passenger,20
10625,2026-06-08 20:48:24.976323+00:00,20260608_195523,271051573,36.72748666666666,27.695045,0.0,360.0,511.0,8,PositionReport,37.0,WHITE ISLAND,Pleasure Craft,20
10633,2026-06-08 20:48:26.674633+00:00,20260608_195523,240563500,36.614215,27.139326666666665,0.0,318.9,67.0,0,PositionReport,60.0,OLYMPIOS ERMIS,Passenger,20
10634,2026-06-08 20:48:27.139574+00:00,20260608_195523,271002446,37.02473833333333,27.438225,0.0,0.0,511.0,8,PositionReport,60.0,AKCAKOCA,Passenger,20
10636,2026-06-08 20:48:27.893415+00:00,20260608_195523,241886000,36.4474,28.231175,1.7,170.4,149.0,3,PositionReport,52.0,CAPTAIN DIMITRIS V,Tug,20
10638,2026-06-08 20:48:28.269696+00:00,20260608_195523,1193046,37.03301166666667,27.42881833333333,0.0,0.0,511.0,7,PositionReport,50.0,NAUTICAST,Pilot,20
10652,2026-06-08 20:48:31.825894+00:00,20260608_195523,636019197,36.695365,26.500321666666665,15.8,137.0,135.0,0,PositionReport,,,Unknown,20
10658,2026-06-08 20:48:34.153439+00:00,20260608_195523,271043459,36.82671833333333,28.562573333333333,0.2,60.0,511.0,15,PositionReport,0.0,ADMIRAL,Unknown,20
10659,2026-06-08 20:48:34.480988+00:00,20260608_195523,477238600,36.30159,27.068618333333333,13.7,310.9,315.0,0,PositionReport,79.0,SEAPOWER I,Cargo,20
10660,2026-06-08 20:48:34.678394+00:00,20260608_195523,271047364,37.33386166666666,27.261645,0.0,359.8,354.0,1,PositionReport,31.0,SEASTAR,Towing,20
10667,2026-06-08 20:48:37.686059+00:00,20260608_195523,538010371,36.6119,26.653276666666667,9.7,313.9,314.0,0,PositionReport,80.0,NISSOS SERIFOS,Tanker,20
10673,2026-06-08 20:48:39.490088+00:00,20260608_195523,248548000,36.66381,28.04102,0.0,360.0,15.0,1,PositionReport,36.0,ROXANE,Sailing Yacht,20
10674,2026-06-08 20:48:39.877550+00:00,20260608_195523,249010000,36.488855,27.992516666666667,11.7,244.1,244.0,0,PositionReport,60.0,AROYA,Passenger,20
10687,2026-06-08 20:48:43.977110+00:00,20260608_195523,636019197,36.694725,26.501061666666665,15.8,137.0,135.0,0,PositionReport,,,Unknown,20
10692,2026-06-08 20:48:45.148473+00:00,20260608_195523,271044329,36.54204333333333,27.68244333333333,8.2,112.7,112.0,0,PositionReport,70.0,KILIC,Cargo,20
10734,2026-06-08 20:48:56.870523+00:00,20260608_195523,271053537,37.012883333333335,27.45039166666667,0.0,360.0,511.0,1,PositionReport,37.0,ILLUSION 2,Pleasure Craft,20
10735,2026-06-08 20:48:57.295851+00:00,20260608_195523,271044079,37.02427166666666,27.43866,0.0,262.5,511.0,15,PositionReport,60.0,M/V ASIM KAPTAN,Passenger,20
10739,2026-06-08 20:48:57.702703+00:00,20260608_195523,518998972,37.03368666666667,27.42548,0.0,0.0,511.0,5,PositionReport,37.0,ELSEA,Pleasure Craft,20
10743,2026-06-08 20:48:58.572653+00:00,20260608_195523,249708000,36.78477833333333,27.15198333333333,0.0,64.6,3.0,1,PositionReport,,,Unknown,20
10749,2026-06-08 20:49:00.042769+00:00,20260608_195523,273333500,36.499205,28.267081666666662,7.8,296.0,296.0,0,PositionReport,70.0,KAPITAN VORONKOV,Cargo,20
10750,2026-06-08 20:49:00.226715+00:00,20260608_195523,271052890,36.57663166666667,26.809796666666667,13.5,163.6,162.0,0,PositionReport,70.0,MED BEYKOZ,Cargo,20
10751,2026-06-08 20:49:00.304305+00:00,20260608_195523,241895000,36.900015,27.291481666666662,0.6,348.5,10.0,0,PositionReport,70.0,BLUE CARRIER 2,Cargo,20
10764,2026-06-08 20:49:03.023961+00:00,20260608_195523,341776000,36.470395,28.183941666666662,11.2,274.7,273.0,0,PositionReport,60.0,BLUE SAPPHIRE,Passenger,20
10780,2026-06-08 20:49:08.963063+00:00,20260608_195523,667002547,36.445665,28.231963333333333,0.0,143.0,170.0,15,PositionReport,60.0,SEA STAR DIAGORAS,Passenger,20
10790,2026-06-08 20:49:13.165361+00:00,20260608_195523,241216000,36.627316666666665,27.83748333333333,0.0,232.0,134.0,0,PositionReport,89.0,NAOUSSA,Tanker,20
10792,2026-06-08 20:49:13.768860+00:00,20260608_195523,319039900,36.45095333333334,28.22681833333333,0.0,149.8,280.0,5,PositionReport,37.0,MEGAN,Pleasure Craft,20
10793,2026-06-08 20:49:13.905319+00:00,20260608_195523,271046339,37.03248,27.428031666666666,0.0,360.0,309.0,0,PositionReport,37.0,QUEEN OF SALMAKIS,Pleasure Craft,20
10808,2026-06-08 20:49:18.882620+00:00,20260608_195523,273363000,36.970553333333335,27.182536666666667,7.2,308.4,310.0,0,PositionReport,,,Unknown,20
10813,2026-06-08 20:49:20.640464+00:00,20260608_195523,271052890,36.57535166666666,26.810281666666665,13.5,163.8,163.0,0,PositionReport,70.0,MED BEYKOZ,Cargo,20
10819,2026-06-08 20:49:22.187418+00:00,20260608_195523,461000204,37.01431166666667,27.45049,0.0,276.5,262.0,5,PositionReport,37.0,WARDA,Pleasure Craft,20
10823,2026-06-08 20:49:23.369632+00:00,20260608_195523,305047300,36.70099833333334,26.78151,11.7,166.3,163.0,0,PositionReport,70.0,ADAM CROWN,Cargo,20
10831,2026-06-08 20:49:27.727004+00:00,20260608_195523,319160400,36.60583166666667,27.939075,7.6,171.0,167.0,0,PositionReport,37.0,NEXUS,Pleasure Craft,20
10855,2026-06-08 20:49:33.261197+00:00,20260608_195523,325152200,37.014925,27.45041833333333,0.0,200.3,262.0,5,PositionReport,37.0,PACIFIC PEARL,Pleasure Craft,20
10856,2026-06-08 20:49:34.242615+00:00,20260608_195523,511100115,37.02442833333334,27.437695,0.0,58.6,241.0,0,PositionReport,60.0,SEA STAR RHODES,Passenger,20
10858,2026-06-08 20:49:34.550191+00:00,20260608_195523,209874000,36.443920000000006,28.236845,0.0,142.7,143.0,5,PositionReport,70.0,THANOS,Cargo,20
10859,2026-06-08 20:49:34.641875+00:00,20260608_195523,477238600,36.30411333333333,27.065095,13.6,310.7,315.0,0,PositionReport,79.0,SEAPOWER I,Cargo,20
10870,2026-06-08 20:49:37.051756+00:00,20260608_195523,341608002,36.3256,28.735316666666662,10.8,107.6,113.0,0,PositionReport,70.0,BON,Cargo,20
10879,2026-06-08 20:49:39.659872+00:00,20260608_195523,249010000,36.48741333333333,27.988835,12.0,244.0,243.0,0,PositionReport,60.0,AROYA,Passenger,20
10880,2026-06-08 20:49:40.002923+00:00,20260608_195523,256003728,37.01580166666667,27.442305,0.0,360.0,511.0,1,PositionReport,37.0,BUCKETLIST10,Pleasure Craft,20
10881,2026-06-08 20:49:40.118341+00:00,20260608_195523,538011838,36.647376666666666,27.136033333333334,0.0,256.0,333.0,1,PositionReport,70.0,IRIS I,Cargo,20
10891,2026-06-08 20:49:42.476711+00:00,20260608_195523,241953000,36.40785666666667,28.246876666666665,0.0,242.9,334.0,1,PositionReport,89.0,SEAVEN CREST,Tanker,20
10910,2026-06-08 20:49:47.272336+00:00,20260608_195523,373178000,36.97342166666667,26.692318333333333,15.0,158.0,159.0,0,PositionReport,,,Unknown,20
10912,2026-06-08 20:49:47.381514+00:00,20260608_195523,271002446,37.02469666666666,27.438261666666666,0.1,0.0,511.0,8,PositionReport,60.0,AKCAKOCA,Passenger,20
10918,2026-06-08 20:49:48.967057+00:00,20260608_195523,636024915,36.252478333333336,27.29359833333333,12.0,319.3,318.0,0,PositionReport,70.0,ATLANTIC B,Cargo,20
10925,2026-06-08 20:49:49.895868+00:00,20260608_195523,636019197,36.69119,26.50514833333333,15.8,137.3,136.0,0,PositionReport,,,Unknown,20
10933,2026-06-08 20:49:51.414493+00:00,20260608_195523,511101443,37.03214666666667,27.42633,0.0,176.3,511.0,9,PositionReport,60.0,SEA STAR KOS,Passenger,20
10935,2026-06-08 20:49:52.296218+00:00,20260608_195523,241886000,36.447185,28.231395000000003,0.3,118.3,113.0,3,PositionReport,52.0,CAPTAIN DIMITRIS V,Tug,20
10937,2026-06-08 20:49:52.942199+00:00,20260608_195523,271040379,36.85077666666667,28.27753833333333,0.0,359.5,511.0,5,PositionReport,37.0,CIPITOUBA II,Pleasure Craft,20
10943,2026-06-08 20:49:54.481758+00:00,20260608_195523,636015607,36.37365166666667,26.92811833333333,13.3,133.7,131.0,0,PositionReport,,,Unknown,20
10950,2026-06-08 20:49:56.048851+00:00,20260608_195523,538072107,36.82237166666666,28.3126,0.0,19.9,323.0,5,PositionReport,37.0,TURK'S,Pleasure Craft,20
10953,2026-06-08 20:49:56.513680+00:00,20260608_195523,271044079,37.02431166666667,27.438671666666668,0.0,288.4,511.0,15,PositionReport,60.0,M/V ASIM KAPTAN,Passenger,20
10954,2026-06-08 20:49:56.522939+00:00,20260608_195523,240563500,36.61420833333333,27.139321666666667,0.0,318.9,68.0,0,PositionReport,60.0,OLYMPIOS ERMIS,Passenger,20
10964,2026-06-08 20:50:00.292092+00:00,20260608_195523,273333500,36.50018,28.26466,7.8,296.5,297.0,0,PositionReport,70.0,KAPITAN VORONKOV,Cargo,20
10972,2026-06-08 20:50:02.848450+00:00,20260608_195523,341776000,36.470645,28.180075,11.2,274.4,273.0,0,PositionReport,60.0,BLUE SAPPHIRE,Passenger,20
10975,2026-06-08 20:50:03.274465+00:00,20260608_195523,538072206,36.76923666666666,28.12756333333333,0.0,360.0,162.0,0,PositionReport,,,Unknown,20
11002,2026-06-08 20:50:13.190883+00:00,20260608_195523,241216000,36.6273,27.837466666666668,0.0,229.0,132.0,0,PositionReport,89.0,NAOUSSA,Tanker,20
11003,2026-06-08 20:50:13.445767+00:00,20260608_195523,271046339,37.03247,27.42800833333333,0.0,360.0,309.0,0,PositionReport,37.0,QUEEN OF SALMAKIS,Pleasure Craft,20
11037,2026-06-08 20:50:24.829253+00:00,20260608_195523,271051573,36.72748666666666,27.695045,0.1,360.0,511.0,8,PositionReport,37.0,WHITE ISLAND,Pleasure Craft,20
11044,2026-06-08 20:50:28.755908+00:00,20260608_195523,273363000,36.97196,27.180236666666666,7.1,307.7,310.0,0,PositionReport,,,Unknown,20
11050,2026-06-08 20:50:31.425123+00:00,20260608_195523,370610000,36.44773,28.232275,0.0,107.8,315.0,5,PositionReport,60.0,CROWN IRIS,Passenger,20
11057,2026-06-08 20:50:33.884758+00:00,20260608_195523,511100115,37.02442666666666,27.437681666666663,0.0,58.6,241.0,0,PositionReport,60.0,SEA STAR RHODES,Passenger,20
11066,2026-06-08 20:50:36.880216+00:00,20260608_195523,341608002,36.32468333333334,28.738916666666668,10.8,106.9,113.0,0,PositionReport,70.0,BON,Cargo,20
11071,2026-06-08 20:50:38.768960+00:00,20260608_195523,319617000,36.81696833333333,28.27313333333333,0.0,28.1,107.0,1,PositionReport,37.0,LADY SURA,Pleasure Craft,20
11091,2026-06-08 20:50:44.965033+00:00,20260608_195523,271044329,36.54026,27.687675,8.1,112.2,111.0,0,PositionReport,70.0,KILIC,Cargo,20
11094,2026-06-08 20:50:46.192439+00:00,20260608_195523,368188000,37.02581,27.427455,0.1,241.3,173.0,1,PositionReport,37.0,SERENITY,Pleasure Craft,20
11134,2026-06-08 20:50:56.301945+00:00,20260608_195523,636019197,36.68760666666667,26.509298333333334,15.8,137.0,136.0,0,PositionReport,,,Unknown,20
11136,2026-06-08 20:50:56.556186+00:00,20260608_195523,232057452,37.03454833333333,27.424716666666665,0.0,360.0,511.0,5,PositionReport,98.0,THUNDERBIRD B,Other,20
11140,2026-06-08 20:50:58.087512+00:00,20260608_195523,240563500,36.61421166666666,27.139321666666667,0.0,318.9,67.0,0,PositionReport,60.0,OLYMPIOS ERMIS,Passenger,20
11142,2026-06-08 20:50:59.908922+00:00,20260608_195523,352003824,37.01481666666667,27.45027,0.0,360.0,254.0,13,PositionReport,37.0,SEVEN,Pleasure Craft,20
11149,2026-06-08 20:51:03.070368+00:00,20260608_195523,341776000,36.470895000000006,28.176191666666668,11.3,274.5,273.0,0,PositionReport,60.0,BLUE SAPPHIRE,Passenger,20
11171,2026-06-08 20:51:09.881115+00:00,20260608_195523,273333500,36.50131833333333,28.26184333333333,7.8,296.1,296.0,0,PositionReport,70.0,KAPITAN VORONKOV,Cargo,20
11179,2026-06-08 20:51:11.305963+00:00,20260608_195523,538072206,36.76922,28.127526666666665,0.0,360.0,218.0,0,PositionReport,,,Unknown,20
11187,2026-06-08 20:51:13.347813+00:00,20260608_195523,271046339,37.03248333333333,27.427995,0.0,360.0,309.0,0,PositionReport,37.0,QUEEN OF SALMAKIS,Pleasure Craft,20
11188,2026-06-08 20:51:13.396148+00:00,20260608_195523,636015607,36.37023166666667,26.932506666666665,13.3,134.0,132.0,0,PositionReport,,,Unknown,20
11206,2026-06-08 20:51:18.985277+00:00,20260608_195523,667002547,36.44564666666667,28.23196,0.0,143.0,170.0,15,PositionReport,60.0,SEA STAR DIAGORAS,Passenger,20
11211,2026-06-08 20:51:19.885064+00:00,20260608_195523,271002451,36.848905,28.28047833333333,0.0,269.8,511.0,5,PositionReport,60.0,KARTEPE,Passenger,20
11216,2026-06-08 20:51:22.013403+00:00,20260608_195523,319105300,36.66655833333333,27.91768833333333,10.7,163.8,161.0,0,PositionReport,37.0,MY ESCAPE,Pleasure Craft,20
11242,2026-06-08 20:51:28.111282+00:00,20260608_195523,1193046,37.03301166666667,27.42881833333333,0.0,0.0,511.0,7,PositionReport,50.0,NAUTICAST,Pilot,20
11244,2026-06-08 20:51:28.618250+00:00,20260608_195523,319160400,36.60159333333333,27.939885,7.5,170.6,167.0,0,PositionReport,37.0,NEXUS,Pleasure Craft,20
11250,2026-06-08 20:51:29.931461+00:00,20260608_195523,271052890,36.56756166666666,26.81304833333333,13.5,164.2,162.0,0,PositionReport,70.0,MED BEYKOZ,Cargo,20
11266,2026-06-08 20:51:34.404629+00:00,20260608_195523,477238600,36.30911,27.058081666666663,13.6,311.0,314.0,0,PositionReport,79.0,SEAPOWER I,Cargo,20
11281,2026-06-08 20:51:39.022178+00:00,20260608_195523,271052907,37.01211,27.437121666666663,0.0,360.0,511.0,1,PositionReport,36.0,MEIRA,Sailing Yacht,20
11300,2026-06-08 20:51:45.166072+00:00,20260608_195523,271044329,36.53937,27.690275,8.2,113.0,111.0,0,PositionReport,70.0,KILIC,Cargo,20
11304,2026-06-08 20:51:46.576061+00:00,20260608_195523,373178000,36.96578333333333,26.696385000000003,15.1,157.1,158.0,0,PositionReport,,,Unknown,20
11308,2026-06-08 20:51:47.304487+00:00,20260608_195523,271002446,37.02467666666666,27.43832,0.2,0.0,511.0,8,PositionReport,60.0,AKCAKOCA,Passenger,20
11312,2026-06-08 20:51:47.895948+00:00,20260608_195523,273363000,36.97358,27.17761833333333,7.2,308.4,310.0,0,PositionReport,,,Unknown,20
11314,2026-06-08 20:51:48.820124+00:00,20260608_195523,636024915,36.257595,27.288146666666663,12.0,319.4,318.0,0,PositionReport,70.0,ATLANTIC B,Cargo,20
11326,2026-06-08 20:51:51.236331+00:00,20260608_195523,538072206,36.76921,28.127523333333333,0.0,360.0,162.0,0,PositionReport,,,Unknown,20
11353,2026-06-08 20:51:57.114910+00:00,20260608_195523,518998972,37.03368666666667,27.42547666666667,0.0,0.0,511.0,5,PositionReport,37.0,ELSEA,Pleasure Craft,20
11358,2026-06-08 20:51:58.353467+00:00,20260608_195523,538010371,36.6182,26.64522,9.7,313.6,314.0,0,PositionReport,80.0,NISSOS SERIFOS,Tanker,20
11367,2026-06-08 20:51:59.848829+00:00,20260608_195523,249708000,36.78469166666666,27.15198333333333,0.0,64.6,2.0,1,PositionReport,,,Unknown,20
11371,2026-06-08 20:52:00.256318+00:00,20260608_195523,511101443,37.03217333333334,27.42632833333333,0.0,176.3,511.0,9,PositionReport,60.0,SEA STAR KOS,Passenger,20
11376,2026-06-08 20:52:00.597006+00:00,20260608_195523,271040379,36.850805,28.277518333333333,0.0,111.0,511.0,5,PositionReport,37.0,CIPITOUBA II,Pleasure Craft,20
11382,2026-06-08 20:52:02.719562+00:00,20260608_195523,341776000,36.47112833333333,28.172308333333334,11.3,274.4,273.0,0,PositionReport,60.0,BLUE SAPPHIRE,Passenger,20
11384,2026-06-08 20:52:02.971977+00:00,20260608_195523,271043459,36.82678666666666,28.56259,0.1,62.2,511.0,15,PositionReport,0.0,ADMIRAL,Unknown,20
11401,2026-06-08 20:52:09.724756+00:00,20260608_195523,273333500,36.50231,28.259426666666663,7.7,296.9,297.0,0,PositionReport,70.0,KAPITAN VORONKOV,Cargo,20
11420,2026-06-08 20:52:17.144781+00:00,20260608_195523,240563500,36.614205,27.13932,0.0,318.9,66.0,0,PositionReport,60.0,OLYMPIOS ERMIS,Passenger,20
11422,2026-06-08 20:52:17.890822+00:00,20260608_195523,319160400,36.59987666666667,27.94023,7.6,171.0,167.0,0,PositionReport,37.0,NEXUS,Pleasure Craft,20
11437,2026-06-08 20:52:21.951842+00:00,20260608_195523,319105300,36.66371,27.918713333333336,10.6,164.3,161.0,0,PositionReport,37.0,MY ESCAPE,Pleasure Craft,20
11440,2026-06-08 20:52:22.737937+00:00,20260608_195523,241216000,36.62726666666666,27.837366666666664,0.0,259.0,127.0,0,PositionReport,89.0,NAOUSSA,Tanker,20
11442,2026-06-08 20:52:23.288902+00:00,20260608_195523,538072206,36.76920666666667,28.127536666666668,0.0,360.0,218.0,0,PositionReport,,,Unknown,20
11443,2026-06-08 20:52:23.289126+00:00,20260608_195523,636015607,36.36719833333333,26.93638,13.3,133.9,132.0,0,PositionReport,,,Unknown,20
11460,2026-06-08 20:52:28.823757+00:00,20260608_195523,319160400,36.59949166666667,27.94030833333333,7.6,170.8,167.0,0,PositionReport,37.0,NEXUS,Pleasure Craft,20
11468,2026-06-08 20:52:29.768959+00:00,20260608_195523,271044486,36.81819333333333,28.312003333333333,0.0,130.7,9.0,1,PositionReport,37.0,LA PASSION,Pleasure Craft,20
11469,2026-06-08 20:52:29.783678+00:00,20260608_195523,271052890,36.56392833333334,26.814331666666664,13.5,163.5,162.0,0,PositionReport,70.0,MED BEYKOZ,Cargo,20
11480,2026-06-08 20:52:33.196324+00:00,20260608_195523,325152200,37.014925,27.45041833333333,0.0,157.7,262.0,5,PositionReport,37.0,PACIFIC PEARL,Pleasure Craft,20
11483,2026-06-08 20:52:33.901557+00:00,20260608_195523,271043459,36.82672,28.56259333333333,0.0,91.0,511.0,15,PositionReport,0.0,ADMIRAL,Unknown,20
11489,2026-06-08 20:52:35.718460+00:00,20260608_195523,538011838,36.64735833333334,27.136045000000003,0.0,256.0,329.0,1,PositionReport,70.0,IRIS I,Cargo,20
11510,2026-06-08 20:52:40.467047+00:00,20260608_195523,241886000,36.44712666666667,28.231456666666663,0.2,168.7,35.0,3,PositionReport,52.0,CAPTAIN DIMITRIS V,Tug,20
11517,2026-06-08 20:52:42.391986+00:00,20260608_195523,241953000,36.40790333333334,28.246896666666665,0.0,242.9,333.0,1,PositionReport,89.0,SEAVEN CREST,Tanker,20
11521,2026-06-08 20:52:43.231765+00:00,20260608_195523,273333500,36.502696666666665,28.258035,7.6,284.8,285.0,0,PositionReport,70.0,KAPITAN VORONKOV,Cargo,20
11532,2026-06-08 20:52:45.226468+00:00,20260608_195523,271044329,36.53848,27.69287166666667,8.1,112.6,111.0,0,PositionReport,70.0,KILIC,Cargo,20
11544,2026-06-08 20:52:49.013821+00:00,20260608_195523,636024915,36.260095,27.28547,11.9,318.8,318.0,0,PositionReport,70.0,ATLANTIC B,Cargo,20
11546,2026-06-08 20:52:50.280505+00:00,20260608_195523,249010000,36.48251333333334,27.97649833333333,13.0,243.8,243.0,0,PositionReport,60.0,AROYA,Passenger,20
11551,2026-06-08 20:52:53.178770+00:00,20260608_195523,373178000,36.96152666666667,26.69857333333333,15.1,157.9,159.0,0,PositionReport,,,Unknown,20
11555,2026-06-08 20:52:53.947287+00:00,20260608_195523,538072107,36.82239166666667,28.312621666666665,0.0,19.9,323.0,5,PositionReport,37.0,TURK'S,Pleasure Craft,20
11562,2026-06-08 20:52:55.490107+00:00,20260608_195523,538072206,36.76923666666666,28.12755333333333,0.0,360.0,218.0,0,PositionReport,,,Unknown,20
11566,2026-06-08 20:52:56.922174+00:00,20260608_195523,271002446,37.02464166666667,27.43831833333333,0.2,4.6,511.0,8,PositionReport,60.0,AKCAKOCA,Passenger,20
11575,2026-06-08 20:52:59.537134+00:00,20260608_195523,273363000,36.974981666666665,27.175281666666667,7.2,307.3,310.0,0,PositionReport,,,Unknown,20
11595,2026-06-08 20:53:06.544527+00:00,20260608_195523,256901000,36.47522166666667,26.76382333333333,12.4,132.2,131.0,0,PositionReport,,,Unknown,20
11596,2026-06-08 20:53:06.872639+00:00,20260608_195523,341608002,36.32246666666666,28.74793333333333,11.0,106.5,113.0,0,PositionReport,70.0,BON,Cargo,20
11621,2026-06-08 20:53:13.673071+00:00,20260608_195523,271046339,37.03252,27.428045,0.1,360.0,309.0,0,PositionReport,37.0,QUEEN OF SALMAKIS,Pleasure Craft,20
11638,2026-06-08 20:53:19.140866+00:00,20260608_195523,667002547,36.44563333333333,28.231943333333334,0.0,143.0,170.0,15,PositionReport,60.0,SEA STAR DIAGORAS,Passenger,20
11647,2026-06-08 20:53:21.997522+00:00,20260608_195523,319105300,36.66085833333333,27.91974,10.7,163.6,160.0,0,PositionReport,37.0,MY ESCAPE,Pleasure Craft,20
11654,2026-06-08 20:53:23.290117+00:00,20260608_195523,538072206,36.76922,28.127546666666667,0.0,360.0,218.0,0,PositionReport,,,Unknown,20
11661,2026-06-08 20:53:25.165987+00:00,20260608_195523,271051573,36.72748666666666,27.69501166666667,0.0,360.0,511.0,8,PositionReport,37.0,WHITE ISLAND,Pleasure Craft,20
11663,2026-06-08 20:53:25.527816+00:00,20260608_195523,319160400,36.59750833333333,27.94075,7.5,166.6,158.0,0,PositionReport,37.0,NEXUS,Pleasure Craft,20
11675,2026-06-08 20:53:28.132188+00:00,20260608_195523,240563500,36.61420833333333,27.13931333333333,0.0,318.9,66.0,0,PositionReport,60.0,OLYMPIOS ERMIS,Passenger,20
11685,2026-06-08 20:53:29.831337+00:00,20260608_195523,271052890,36.56028166666667,26.815645,13.5,164.6,162.0,0,PositionReport,70.0,MED BEYKOZ,Cargo,20
11692,2026-06-08 20:53:31.945813+00:00,20260608_195523,241886000,36.44757833333333,28.231435,3.1,354.6,357.0,3,PositionReport,52.0,CAPTAIN DIMITRIS V,Tug,20
11694,2026-06-08 20:53:33.083857+00:00,20260608_195523,241216000,36.62725,27.83738333333333,0.0,312.0,126.0,0,PositionReport,89.0,NAOUSSA,Tanker,20
11697,2026-06-08 20:53:33.938696+00:00,20260608_195523,271043459,36.82669166666667,28.562606666666667,0.0,69.5,511.0,15,PositionReport,0.0,ADMIRAL,Unknown,20
11702,2026-06-08 20:53:34.807017+00:00,20260608_195523,477238600,36.31413333333333,27.050923333333333,13.6,311.4,314.0,0,PositionReport,79.0,SEAPOWER I,Cargo,20
11705,2026-06-08 20:53:38.330176+00:00,20260608_195523,319617000,36.81696166666666,28.27312833333333,0.0,28.1,107.0,1,PositionReport,37.0,LADY SURA,Pleasure Craft,20
11706,2026-06-08 20:53:38.330284+00:00,20260608_195523,319160400,36.5971,27.940921666666668,7.5,162.0,156.0,0,PositionReport,37.0,NEXUS,Pleasure Craft,20
11719,2026-06-08 20:53:42.019413+00:00,20260608_195523,256003728,37.01581833333333,27.442321666666665,0.0,360.0,511.0,1,PositionReport,37.0,BUCKETLIST10,Pleasure Craft,20
11720,2026-06-08 20:53:42.428224+00:00,20260608_195523,305047300,36.68745833333333,26.786266666666663,11.7,160.9,160.0,0,PositionReport,70.0,ADAM CROWN,Cargo,20
11748,2026-06-08 20:53:50.095579+00:00,20260608_195523,271044344,37.032095,27.427805,0.0,36.0,302.0,5,PositionReport,51.0,KIYEM 6,SAR,20
11751,2026-06-08 20:53:51.289778+00:00,20260608_195523,241886000,36.44792833333334,28.231426666666668,3.9,359.6,14.0,3,PositionReport,52.0,CAPTAIN DIMITRIS V,Tug,20
11761,2026-06-08 20:53:55.467357+00:00,20260608_195523,477238600,36.31496666666667,27.04972666666667,13.6,310.6,315.0,0,PositionReport,79.0,SEAPOWER I,Cargo,20
11763,2026-06-08 20:53:56.185781+00:00,20260608_195523,636019197,36.678045,26.52030166666667,15.7,137.4,136.0,0,PositionReport,,,Unknown,20
11768,2026-06-08 20:53:56.858635+00:00,20260608_195523,271002446,37.02464,27.43831,0.3,0.0,511.0,8,PositionReport,60.0,AKCAKOCA,Passenger,20
11778,2026-06-08 20:53:59.276668+00:00,20260608_195523,249010000,36.48065333333333,27.971845,13.2,243.7,243.0,0,PositionReport,60.0,AROYA,Passenger,20
11788,2026-06-08 20:54:01.200837+00:00,20260608_195523,352003824,37.01482,27.450276666666664,0.0,360.0,254.0,13,PositionReport,37.0,SEVEN,Pleasure Craft,20
11796,2026-06-08 20:54:02.852080+00:00,20260608_195523,341776000,36.47161166666667,28.164491666666667,11.4,274.0,273.0,0,PositionReport,60.0,BLUE SAPPHIRE,Passenger,20
11803,2026-06-08 20:54:04.754847+00:00,20260608_195523,271053578,37.03417666666667,27.42771,0.0,360.0,511.0,1,PositionReport,36.0,GITANE,Sailing Yacht,20
11810,2026-06-08 20:54:06.944187+00:00,20260608_195523,341608002,36.32156666666666,28.75156666666667,11.0,107.1,113.0,0,PositionReport,70.0,BON,Cargo,20
11815,2026-06-08 20:54:08.030171+00:00,20260608_195523,271045885,37.01536333333333,27.439386666666667,0.1,33.9,511.0,1,PositionReport,67.0,ARIELA,Passenger,20
11818,2026-06-08 20:54:09.517051+00:00,20260608_195523,511101443,37.032165,27.42632,0.0,176.3,511.0,9,PositionReport,60.0,SEA STAR KOS,Passenger,20
11828,2026-06-08 20:54:13.480630+00:00,20260608_195523,271046339,37.03246666666666,27.42804,0.1,360.0,309.0,0,PositionReport,37.0,QUEEN OF SALMAKIS,Pleasure Craft,20
11879,2026-06-08 20:54:28.025623+00:00,20260608_195523,240563500,36.61421333333333,27.13932,0.0,318.9,66.0,0,PositionReport,60.0,OLYMPIOS ERMIS,Passenger,20
11880,2026-06-08 20:54:28.376231+00:00,20260608_195523,667002547,36.44567833333333,28.231976666666664,0.0,143.0,170.0,15,PositionReport,60.0,SEA STAR DIAGORAS,Passenger,20
11901,2026-06-08 20:54:33.258458+00:00,20260608_195523,241216000,36.62726666666666,27.837466666666668,0.0,262.0,126.0,0,PositionReport,89.0,NAOUSSA,Tanker,20
11918,2026-06-08 20:54:39.877469+00:00,20260608_195523,248548000,36.66383666666666,28.04103,0.0,360.0,16.0,1,PositionReport,36.0,ROXANE,Sailing Yacht,20
11923,2026-06-08 20:54:41.166590+00:00,20260608_195523,319160400,36.59500833333333,27.94197,7.6,157.4,156.0,0,PositionReport,37.0,NEXUS,Pleasure Craft,20
11947,2026-06-08 20:54:44.952227+00:00,20260608_195523,271044329,36.53669,27.698125,8.2,110.8,111.0,0,PositionReport,70.0,KILIC,Cargo,20
11960,2026-06-08 20:54:48.758457+00:00,20260608_195523,273333500,36.50252666666667,28.252728333333334,7.4,265.1,265.0,0,PositionReport,70.0,KAPITAN VORONKOV,Cargo,20
11964,2026-06-08 20:54:49.713794+00:00,20260608_195523,636024915,36.26516,27.280115,11.9,319.8,319.0,0,PositionReport,70.0,ATLANTIC B,Cargo,20
11989,2026-06-08 20:54:55.507908+00:00,20260608_195523,271053537,37.0129,27.450375,0.0,360.0,511.0,1,PositionReport,37.0,ILLUSION 2,Pleasure Craft,20
11990,2026-06-08 20:54:56.087297+00:00,20260608_195523,636019197,36.674835,26.524,15.7,137.1,136.0,0,PositionReport,,,Unknown,20
11993,2026-06-08 20:54:57.077102+00:00,20260608_195523,518998972,37.03368833333333,27.42548833333333,0.0,0.0,511.0,5,PositionReport,37.0,ELSEA,Pleasure Craft,20
11994,2026-06-08 20:54:57.175154+00:00,20260608_195523,271002446,37.02468833333333,27.43828333333333,0.0,0.0,511.0,8,PositionReport,60.0,AKCAKOCA,Passenger,20
12001,2026-06-08 20:54:57.905023+00:00,20260608_195523,241886000,36.44870333333333,28.23258666666667,4.2,76.6,93.0,3,PositionReport,52.0,CAPTAIN DIMITRIS V,Tug,20
12003,2026-06-08 20:54:58.482305+00:00,20260608_195523,249010000,36.47904166666667,27.967805,13.3,243.6,243.0,0,PositionReport,60.0,AROYA,Passenger,20
12009,2026-06-08 20:54:59.707195+00:00,20260608_195523,538072206,36.76922666666667,28.12754,0.0,360.0,218.0,0,PositionReport,,,Unknown,20
12010,2026-06-08 20:54:59.707428+00:00,20260608_195523,273363000,36.977381666666666,27.1713,7.2,304.7,305.0,0,PositionReport,,,Unknown,20
12025,2026-06-08 20:55:03.882498+00:00,20260608_195523,305047300,36.68320833333333,26.78766,11.7,166.7,163.0,0,PositionReport,70.0,ADAM CROWN,Cargo,20
12035,2026-06-08 20:55:06.884192+00:00,20260608_195523,341608002,36.32066666666666,28.755233333333333,11.0,106.8,113.0,0,PositionReport,70.0,BON,Cargo,20
12044,2026-06-08 20:55:10.099749+00:00,20260608_195523,271005006,36.84901,28.280931666666667,0.0,265.4,511.0,5,PositionReport,69.0,MARMARIS EXPRESS,Passenger,20
12045,2026-06-08 20:55:10.353597+00:00,20260608_195523,271052890,36.55420166666667,26.817825000000003,13.5,164.0,162.0,0,PositionReport,70.0,MED BEYKOZ,Cargo,20
12063,2026-06-08 20:55:13.604238+00:00,20260608_195523,271046339,37.03248,27.42802,0.0,360.0,309.0,0,PositionReport,37.0,QUEEN OF SALMAKIS,Pleasure Craft,20
12075,2026-06-08 20:55:17.198060+00:00,20260608_195523,271044079,37.024345,27.43864333333333,0.0,295.2,511.0,15,PositionReport,60.0,M/V ASIM KAPTAN,Passenger,20
12086,2026-06-08 20:55:21.411244+00:00,20260608_195523,461000204,37.014305,27.45048833333333,0.0,206.3,262.0,5,PositionReport,37.0,WARDA,Pleasure Craft,20
12089,2026-06-08 20:55:22.174557+00:00,20260608_195523,271047044,36.72745,26.517051666666667,10.2,313.5,317.0,0,PositionReport,72.0,PARPALI,Cargo,20
12095,2026-06-09 07:31:34.073616+00:00,20260609_073132,232056776,36.613753333333335,27.13919,0.2,360.0,51.0,5,PositionReport,37.0,AIM,Pleasure Craft,7
12115,2026-06-09 07:31:39.188288+00:00,20260609_073132,538072342,36.58967833333334,28.292546666666667,8.5,270.0,270.0,0,PositionReport,36.0,ONE FORCE,Sailing Yacht,7
12120,2026-06-09 07:31:40.410122+00:00,20260609_073132,620999919,36.48001,27.788535000000003,6.6,93.8,90.0,0,PositionReport,70.0,BOLD,Cargo,7
12140,2026-06-09 07:31:43.416524+00:00,20260609_073132,538071660,37.013533333333335,27.450463333333335,0.0,291.2,287.0,1,PositionReport,37.0,M/Y GOLDEN HORN,Pleasure Craft,7
12146,2026-06-09 07:31:45.397306+00:00,20260609_073132,240192000,36.60881166666666,27.906758333333336,15.0,133.5,330.0,0,PositionReport,69.0,PANAGIA SKIADENI,Passenger,7
12166,2026-06-09 07:31:51.371865+00:00,20260609_073132,356157000,36.64777,26.546831666666666,11.5,138.1,136.0,0,PositionReport,70.0,HERO,Cargo,7
12177,2026-06-09 07:31:53.929891+00:00,20260609_073132,271050193,36.57613,28.43216,10.3,65.5,65.0,0,PositionReport,80.0,CHEM LEADER,Tanker,7
12184,2026-06-09 07:31:57.101223+00:00,20260609_073132,538072107,36.82238666666667,28.312541666666668,0.0,19.9,323.0,5,PositionReport,37.0,TURK'S,Pleasure Craft,7
12189,2026-06-09 07:31:57.554142+00:00,20260609_073132,511101443,37.03212499999999,27.426325000000002,0.0,176.5,511.0,9,PositionReport,60.0,SEA STAR KOS,Passenger,7
12203,2026-06-09 07:31:59.663735+00:00,20260609_073132,210719000,36.611250000000005,26.875316666666667,14.8,125.0,123.0,0,PositionReport,70.0,PATRIS,Cargo,7
12215,2026-06-09 07:32:02.455908+00:00,20260609_073132,271002446,37.024715,27.438103333333334,0.1,0.0,511.0,8,PositionReport,60.0,AKCAKOCA,Passenger,7
12269,2026-06-09 07:32:21.199747+00:00,20260609_073132,271002446,37.024743333333326,27.43809333333333,0.1,0.0,511.0,8,PositionReport,60.0,AKCAKOCA,Passenger,7
12272,2026-06-09 07:32:22.232391+00:00,20260609_073132,248704000,36.584285,27.864826666666666,0.1,272.4,170.0,1,PositionReport,37.0,OPTASIA,Pleasure Craft,7
12282,2026-06-09 07:32:26.645827+00:00,20260609_073132,237352400,36.418324999999996,27.387833333333333,7.2,214.9,511.0,0,PositionReport,60.0,STAVROS,Passenger,7
12312,2026-06-09 07:32:38.615963+00:00,20260609_073132,271053982,36.40056166666667,27.804003333333334,10.5,249.6,250.0,0,PositionReport,89.0,CHEM NANA,Tanker,7
12344,2026-06-09 07:32:50.905094+00:00,20260609_073132,271044344,37.03209833333334,27.427801666666667,0.0,169.0,303.0,5,PositionReport,51.0,KIYEM 6,SAR,7
12348,2026-06-09 07:32:51.469476+00:00,20260609_073132,356157000,36.64544166666667,26.549561666666666,11.4,136.8,136.0,0,PositionReport,70.0,HERO,Cargo,7
12349,2026-06-09 07:32:51.469535+00:00,20260609_073132,240344000,36.551923333333335,27.833423333333332,15.0,69.5,511.0,0,PositionReport,60.0,NIKOLAOS H,Passenger,7
12352,2026-06-09 07:32:52.221244+00:00,20260609_073132,210096000,36.50528833333333,27.494201666666665,11.6,93.2,94.0,0,PositionReport,89.0,ENERGEIA,Tanker,7
12358,2026-06-09 07:32:53.304138+00:00,20260609_073132,271001044,37.02903,27.429471666666664,0.1,220.0,511.0,1,PositionReport,37.0,BLACK SEA,Pleasure Craft,7
12370,2026-06-09 07:32:56.911391+00:00,20260609_073132,232057452,37.034533333333336,27.424691666666668,0.0,360.0,511.0,5,PositionReport,98.0,THUNDERBIRD B,Other,7
12414,2026-06-09 07:33:09.170014+00:00,20260609_073132,271053982,36.400081666666665,27.80223833333333,10.5,249.6,249.0,0,PositionReport,89.0,CHEM NANA,Tanker,7
12427,2026-06-09 07:33:13.771437+00:00,20260609_073132,271045885,37.01546,27.440148333333333,0.0,94.1,511.0,1,PositionReport,67.0,ARIELA,Passenger,7
12431,2026-06-09 07:33:14.935184+00:00,20260609_073132,271046339,37.032493333333335,27.428028333333334,0.0,360.0,308.0,0,PositionReport,37.0,QUEEN OF SALMAKIS,Pleasure Craft,7
12456,2026-06-09 07:33:20.534118+00:00,20260609_073132,240198900,36.44537166666667,28.22938,4.3,43.3,511.0,0,PositionReport,60.0,SEBECO II,Passenger,7
12461,2026-06-09 07:33:21.117266+00:00,20260609_073132,271002446,37.024676666666664,27.43809333333333,0.0,0.0,511.0,8,PositionReport,60.0,AKCAKOCA,Passenger,7
12468,2026-06-09 07:33:23.543360+00:00,20260609_073132,668116439,36.50644666666667,28.280183333333333,10.3,286.7,287.0,0,PositionReport,70.0,MANOLIS,Cargo,7
12473,2026-06-09 07:33:24.546129+00:00,20260609_073132,271043931,36.51756666666667,27.69847,9.0,64.6,511.0,0,PositionReport,36.0,KAPTAN MEHMET BUGRA,Sailing Yacht,7
12486,2026-06-09 07:33:29.044634+00:00,20260609_073132,630001184,36.44516,28.231936666666666,0.0,31.9,511.0,0,PositionReport,60.0,SEA STAR MYKONOS,Passenger,7
12487,2026-06-09 07:33:29.472975+00:00,20260609_073132,636020574,36.49058,28.075953333333334,11.5,258.6,260.0,0,PositionReport,74.0,MSC CHARLOTTE,Cargo,7
12512,2026-06-09 07:33:33.974799+00:00,20260609_073132,241677000,36.58965833333333,27.923066666666667,12.6,317.5,511.0,0,PositionReport,60.0,SIMI II,Passenger,7
12522,2026-06-09 07:33:37.123219+00:00,20260609_073132,271052907,37.012323333333335,27.437504999999998,0.0,360.0,511.0,1,PositionReport,36.0,MEIRA,Sailing Yacht,7
12527,2026-06-09 07:33:38.090533+00:00,20260609_073132,620999919,36.479785,27.793021666666668,6.8,94.3,91.0,0,PositionReport,70.0,BOLD,Cargo,7
12530,2026-06-09 07:33:38.799627+00:00,20260609_073132,271053982,36.399541666666664,27.800585,10.5,249.1,249.0,0,PositionReport,89.0,CHEM NANA,Tanker,7
12538,2026-06-09 07:33:41.405800+00:00,20260609_073132,518999195,36.81818,28.31101,0.0,289.8,6.0,0,PositionReport,37.0,QUEST R,Pleasure Craft,7
12550,2026-06-09 07:33:44.273211+00:00,20260609_073132,271050193,36.57836666666667,28.43816,10.3,65.4,65.0,0,PositionReport,80.0,CHEM LEADER,Tanker,7
12551,2026-06-09 07:33:44.541798+00:00,20260609_073132,271040635,36.6463,26.626166666666666,9.5,300.8,301.0,0,PositionReport,71.0,VIVIEN A,Cargo,7
12556,2026-06-09 07:33:45.343766+00:00,20260609_073132,240192000,36.603025,27.914275,14.9,133.7,330.0,0,PositionReport,69.0,PANAGIA SKIADENI,Passenger,7
12573,2026-06-09 07:33:51.331216+00:00,20260609_073132,356157000,36.643095,26.552265,11.4,136.1,136.0,0,PositionReport,70.0,HERO,Cargo,7
12576,2026-06-09 07:33:52.223926+00:00,20260609_073132,210096000,36.5051,27.498224999999998,11.6,93.0,94.0,0,PositionReport,89.0,ENERGEIA,Tanker,7
12601,2026-06-09 07:33:56.613182+00:00,20260609_073132,240344000,36.55253833333334,27.83892666666667,14.5,98.6,511.0,0,PositionReport,60.0,NIKOLAOS H,Passenger,7
12603,2026-06-09 07:33:57.309492+00:00,20260609_073132,511101443,37.032154999999996,27.426319999999997,0.0,176.5,511.0,9,PositionReport,60.0,SEA STAR KOS,Passenger,7
12624,2026-06-09 07:34:02.642254+00:00,20260609_073132,636019612,36.528265000000005,27.771166666666666,11.1,290.1,288.0,0,PositionReport,70.0,CS CIHAN,Cargo,7
12625,2026-06-09 07:34:03.215489+00:00,20260609_073132,511101610,36.81961,28.300381666666667,0.0,0.0,511.0,1,PositionReport,,,Unknown,7
12661,2026-06-09 07:34:14.985096+00:00,20260609_073132,271046339,37.03250333333334,27.42804,0.0,360.0,308.0,0,PositionReport,37.0,QUEEN OF SALMAKIS,Pleasure Craft,7
12667,2026-06-09 07:34:17.725424+00:00,20260609_073132,1193046,37.03301166666667,27.428818333333332,0.0,0.0,511.0,7,PositionReport,50.0,NAUTICAST,Pilot,7
12680,2026-06-09 07:34:22.901522+00:00,20260609_073132,271050193,36.579155,28.44019666666667,10.3,65.5,65.0,0,PositionReport,80.0,CHEM LEADER,Tanker,7
12696,2026-06-09 07:34:28.392301+00:00,20260609_073132,249010000,37.025015,27.438019999999998,0.0,189.4,63.0,5,PositionReport,60.0,AROYA,Passenger,7
12700,2026-06-09 07:34:29.377435+00:00,20260609_073132,636020574,36.489943333333336,28.071976666666668,11.6,258.3,259.0,0,PositionReport,74.0,MSC CHARLOTTE,Cargo,7
12720,2026-06-09 07:34:33.286955+00:00,20260609_073132,668116439,36.50722333333333,28.27618,10.3,280.6,282.0,0,PositionReport,70.0,MANOLIS,Cargo,7
12721,2026-06-09 07:34:33.958150+00:00,20260609_073132,241677000,36.59223,27.920106666666666,12.5,317.8,511.0,0,PositionReport,60.0,SIMI II,Passenger,7
12736,2026-06-09 07:34:38.620040+00:00,20260609_073132,271053982,36.398466666666664,27.79717,10.5,249.3,250.0,0,PositionReport,89.0,CHEM NANA,Tanker,7
12762,2026-06-09 07:34:44.584525+00:00,20260609_073132,271040635,36.64765833333333,26.62333,9.5,301.4,302.0,0,PositionReport,71.0,VIVIEN A,Cargo,7
12786,2026-06-09 07:34:48.783345+00:00,20260609_073132,538072342,36.589753333333334,28.283403333333336,8.6,271.0,270.0,0,PositionReport,36.0,ONE FORCE,Sailing Yacht,7
12799,2026-06-09 07:34:51.419696+00:00,20260609_073132,356157000,36.64077833333333,26.55498833333333,11.4,136.2,137.0,0,PositionReport,70.0,HERO,Cargo,7
12801,2026-06-09 07:34:51.569633+00:00,20260609_073132,538072206,36.76920333333333,28.127560000000003,0.0,360.0,218.0,0,PositionReport,,,Unknown,7
12815,2026-06-09 07:34:57.263616+00:00,20260609_073132,511101443,37.032151666666664,27.426336666666668,0.0,176.5,511.0,9,PositionReport,60.0,SEA STAR KOS,Passenger,7
12816,2026-06-09 07:34:57.346343+00:00,20260609_073132,271044079,36.957499999999996,27.355833333333333,11.3,227.0,511.0,15,PositionReport,60.0,M/V ASIM KAPTAN,Passenger,7
12819,2026-06-09 07:34:57.562703+00:00,20260609_073132,538072107,36.82237333333333,28.31257833333333,0.0,19.9,323.0,5,PositionReport,37.0,TURK'S,Pleasure Craft,7
12843,2026-06-09 07:35:02.561830+00:00,20260609_073132,518999195,36.818194999999996,28.31099,0.0,292.0,6.0,0,PositionReport,37.0,QUEST R,Pleasure Craft,7
12871,2026-06-09 07:35:12.601180+00:00,20260609_073132,636019612,36.52949833333333,27.766925,11.0,289.7,288.0,0,PositionReport,70.0,CS CIHAN,Cargo,7
12880,2026-06-09 07:35:15.771892+00:00,20260609_073132,271043588,37.028861666666664,27.437549999999998,0.0,220.5,511.0,1,PositionReport,0.0,LOVE BOAT,Unknown,7
12899,2026-06-09 07:35:21.582567+00:00,20260609_073132,248704000,36.584285,27.864843333333333,0.0,14.3,169.0,1,PositionReport,37.0,OPTASIA,Pleasure Craft,7
12905,2026-06-09 07:35:23.973782+00:00,20260609_073132,271046339,37.032466666666664,27.428015000000002,0.0,360.0,308.0,0,PositionReport,37.0,QUEEN OF SALMAKIS,Pleasure Craft,7
12908,2026-06-09 07:35:24.444377+00:00,20260609_073132,271043931,36.5196,27.704126666666664,8.9,66.5,511.0,0,PositionReport,36.0,KAPTAN MEHMET BUGRA,Sailing Yacht,7
12926,2026-06-09 07:35:29.140095+00:00,20260609_073132,630001184,36.445161666666664,28.231938333333336,0.0,31.9,511.0,0,PositionReport,60.0,SEA STAR MYKONOS,Passenger,7
12939,2026-06-09 07:35:33.991719+00:00,20260609_073132,241677000,36.59482333333334,27.917225,12.6,318.7,511.0,0,PositionReport,60.0,SIMI II,Passenger,7
12951,2026-06-09 07:38:18.270436+00:00,20260609_073132,240251200,36.61943,27.841001666666667,5.1,28.0,511.0,5,PositionReport,,,Unknown,7
12963,2026-06-09 07:38:18.270800+00:00,20260609_073132,241677000,36.595265000000005,27.91676,12.4,317.9,511.0,0,PositionReport,60.0,SIMI II,Passenger,7
12964,2026-06-09 07:38:18.270844+00:00,20260609_073132,271040635,36.649051666666665,26.620515,9.5,301.6,302.0,0,PositionReport,71.0,VIVIEN A,Cargo,7
12991,2026-06-09 07:38:18.272076+00:00,20260609_073132,271044344,37.0321,27.427808333333335,0.0,169.0,303.0,5,PositionReport,51.0,KIYEM 6,SAR,7
13003,2026-06-09 07:38:18.306440+00:00,20260609_073132,210719000,36.60211666666667,26.891650000000002,14.7,124.7,123.0,0,PositionReport,70.0,PATRIS,Cargo,7
13012,2026-06-09 07:38:18.306787+00:00,20260609_073132,538072206,36.76921,28.127546666666667,0.0,360.0,162.0,0,PositionReport,,,Unknown,7
13024,2026-06-09 07:38:18.307158+00:00,20260609_073132,538072342,36.589815,28.279995,8.4,272.7,270.0,0,PositionReport,36.0,ONE FORCE,Sailing Yacht,7
13036,2026-06-09 07:38:18.307554+00:00,20260609_073132,240344000,36.549755,27.843751666666666,6.2,160.9,511.0,0,PositionReport,60.0,NIKOLAOS H,Passenger,7
13061,2026-06-09 07:38:18.333116+00:00,20260609_073132,271045885,37.01555333333333,27.440125000000002,0.1,320.2,511.0,1,PositionReport,67.0,ARIELA,Passenger,7
13065,2026-06-09 07:38:18.333207+00:00,20260609_073132,237352400,36.41729,27.387195000000002,0.2,318.7,511.0,0,PositionReport,60.0,STAVROS,Passenger,7
13100,2026-06-09 07:38:18.368516+00:00,20260609_073132,271002446,37.02469166666666,27.438085,0.0,0.0,511.0,8,PositionReport,60.0,AKCAKOCA,Passenger,7
13107,2026-06-09 07:38:18.368716+00:00,20260609_073132,271043931,36.52063,27.706936666666664,8.9,67.5,511.0,0,PositionReport,36.0,KAPTAN MEHMET BUGRA,Sailing Yacht,7
13115,2026-06-09 07:38:19.403964+00:00,20260609_073132,630001184,36.44516833333333,28.23194,0.0,31.9,511.0,0,PositionReport,60.0,SEA STAR MYKONOS,Passenger,7
13126,2026-06-09 07:38:19.404302+00:00,20260609_073132,271050193,36.58175000000001,28.447356666666668,10.3,66.7,68.0,0,PositionReport,80.0,CHEM LEADER,Tanker,7
13140,2026-06-09 07:38:19.404711+00:00,20260609_073132,271052907,37.01231666666667,27.437521666666665,0.0,360.0,511.0,1,PositionReport,36.0,MEIRA,Sailing Yacht,7
13147,2026-06-09 07:38:19.412454+00:00,20260609_073132,271002451,36.44566,28.231966666666665,0.0,334.5,511.0,5,PositionReport,60.0,KARTEPE,Passenger,7
13152,2026-06-09 07:38:19.412592+00:00,20260609_073132,356792000,36.19822166666667,27.280571666666667,8.7,328.7,327.0,0,PositionReport,70.0,LIDER HALIL,Cargo,7
13167,2026-06-09 07:38:19.413020+00:00,20260609_073132,271040635,36.65046666666667,26.617720000000002,9.5,301.7,302.0,0,PositionReport,71.0,VIVIEN A,Cargo,7
13170,2026-06-09 07:38:19.413097+00:00,20260609_073132,240192000,36.594343333333335,27.92544,15.0,133.5,330.0,0,PositionReport,69.0,PANAGIA SKIADENI,Passenger,7
13188,2026-06-09 07:38:19.413523+00:00,20260609_073132,210096000,36.50450166666667,27.510293333333333,11.7,93.8,94.0,0,PositionReport,89.0,ENERGEIA,Tanker,7
13201,2026-06-09 07:38:28.995085+00:00,20260609_073132,636020574,36.48748833333333,28.056233333333335,11.6,258.2,259.0,0,PositionReport,74.0,MSC CHARLOTTE,Cargo,7
13243,2026-06-09 07:38:40.326692+00:00,20260609_073132,271044486,36.81819666666667,28.312,0.0,134.6,8.0,1,PositionReport,37.0,LA PASSION,Pleasure Craft,7
13256,2026-06-09 07:38:44.152025+00:00,20260609_073132,241677000,36.603053333333335,27.90813166666667,12.7,318.9,511.0,0,PositionReport,60.0,SIMI II,Passenger,7
13261,2026-06-09 07:38:45.919736+00:00,20260609_073132,240192000,36.58857166666667,27.93288,15.0,133.5,331.0,0,PositionReport,69.0,PANAGIA SKIADENI,Passenger,7
13282,2026-06-09 07:38:51.977469+00:00,20260609_073132,210096000,36.50407833333334,27.518353333333334,11.7,93.4,94.0,0,PositionReport,89.0,ENERGEIA,Tanker,7
13291,2026-06-09 07:38:53.263746+00:00,20260609_073132,240344000,36.549076666666664,27.84521,0.0,360.0,511.0,0,PositionReport,60.0,NIKOLAOS H,Passenger,7
13297,2026-06-09 07:38:54.648035+00:00,20260609_073132,271001044,37.02902666666667,27.42947666666667,0.1,198.0,511.0,1,PositionReport,37.0,BLACK SEA,Pleasure Craft,7
13300,2026-06-09 07:38:55.979264+00:00,20260609_073132,232057452,37.03452666666667,27.424705,0.1,360.0,511.0,5,PositionReport,98.0,THUNDERBIRD B,Other,7
13349,2026-06-09 07:39:08.830629+00:00,20260609_073132,271053982,36.39371333333334,27.781795,10.5,248.7,250.0,0,PositionReport,89.0,CHEM NANA,Tanker,7
13362,2026-06-09 07:39:12.268982+00:00,20260609_073132,636019612,36.533649999999994,27.752666666666666,11.0,289.3,288.0,0,PositionReport,70.0,CS CIHAN,Cargo,7
13371,2026-06-09 07:39:14.972219+00:00,20260609_073132,271040635,36.653983333333336,26.610633333333332,9.5,301.4,301.0,0,PositionReport,71.0,VIVIEN A,Cargo,7
13377,2026-06-09 07:39:17.606515+00:00,20260609_073132,240198900,36.465635,28.226541666666666,17.2,307.6,511.0,0,PositionReport,60.0,SEBECO II,Passenger,7
13380,2026-06-09 07:39:18.089868+00:00,20260609_073132,1193046,37.03301166666667,27.428818333333332,0.0,0.0,511.0,7,PositionReport,50.0,NAUTICAST,Pilot,7
13399,2026-06-09 07:39:21.591513+00:00,20260609_073132,237352400,36.41723,27.387208333333334,0.0,318.7,511.0,0,PositionReport,60.0,STAVROS,Passenger,7
13404,2026-06-09 07:39:23.244171+00:00,20260609_073132,620999919,36.47908333333333,27.806403333333332,6.5,92.5,91.0,0,PositionReport,70.0,BOLD,Cargo,7
13407,2026-06-09 07:39:24.152733+00:00,20260609_073132,271046339,37.03246,27.428048333333333,0.1,360.0,309.0,0,PositionReport,37.0,QUEEN OF SALMAKIS,Pleasure Craft,7
13418,2026-06-09 07:39:28.845802+00:00,20260609_073132,636020574,36.48677166666666,28.05238166666667,11.6,256.9,264.0,0,PositionReport,74.0,MSC CHARLOTTE,Cargo,7
13419,2026-06-09 07:39:29.053090+00:00,20260609_073132,538072342,36.589913333333335,28.269996666666668,8.3,262.0,263.0,0,PositionReport,36.0,ONE FORCE,Sailing Yacht,7
13425,2026-06-09 07:39:29.983338+00:00,20260609_073132,356792000,36.204098333333334,27.276186666666668,8.7,328.8,327.0,0,PositionReport,70.0,LIDER HALIL,Cargo,7
13428,2026-06-09 07:39:31.118657+00:00,20260609_073132,239737000,36.44605,28.238316666666666,0.0,115.3,359.0,5,PositionReport,60.0,BLUE STAR 2,Passenger,7
13445,2026-06-09 07:39:36.078081+00:00,20260609_073132,511101033,36.022043333333336,27.618676666666666,1.3,126.1,204.0,0,PositionReport,,,Unknown,7
13456,2026-06-09 07:39:38.898059+00:00,20260609_073132,271053982,36.39316833333333,27.780121666666666,10.5,249.0,249.0,0,PositionReport,89.0,CHEM NANA,Tanker,7
13459,2026-06-09 07:39:39.106740+00:00,20260609_073132,636020574,36.48666333333333,28.051665,11.6,258.3,268.0,0,PositionReport,74.0,MSC CHARLOTTE,Cargo,7
13460,2026-06-09 07:39:39.523552+00:00,20260609_073132,248548000,36.663826666666665,28.04105,0.0,360.0,18.0,1,PositionReport,36.0,ROXANE,Sailing Yacht,7
13501,2026-06-09 07:39:48.667582+00:00,20260609_073132,630001184,36.445161666666664,28.231946666666666,0.0,31.9,511.0,0,PositionReport,60.0,SEA STAR MYKONOS,Passenger,7
13523,2026-06-09 07:39:53.948361+00:00,20260609_073132,271050193,36.584195,28.458683333333333,10.0,86.8,94.0,0,PositionReport,80.0,CHEM LEADER,Tanker,7
13551,2026-06-09 07:40:01.290722+00:00,20260609_073132,518999195,36.818185,28.311003333333336,0.0,302.9,6.0,0,PositionReport,37.0,QUEST R,Pleasure Craft,7
13556,2026-06-09 07:40:02.374208+00:00,20260609_073132,210096000,36.50385333333334,27.523155,11.7,93.6,94.0,0,PositionReport,89.0,ENERGEIA,Tanker,7
13560,2026-06-09 07:40:03.666714+00:00,20260609_073132,518998972,37.03366166666667,27.425448333333335,0.0,0.0,511.0,5,PositionReport,37.0,ELSEA,Pleasure Craft,7
13584,2026-06-09 07:40:12.338901+00:00,20260609_073132,636019612,36.53469333333333,27.749093333333334,11.0,289.6,288.0,0,PositionReport,70.0,CS CIHAN,Cargo,7
13589,2026-06-09 07:40:14.302302+00:00,20260609_073132,319039900,36.45097166666667,28.226803333333333,0.0,153.4,280.0,5,PositionReport,37.0,MEGAN,Pleasure Craft,7
13606,2026-06-09 07:40:18.027003+00:00,20260609_073132,271053982,36.39247833333333,27.777896666666667,10.5,248.5,250.0,0,PositionReport,89.0,CHEM NANA,Tanker,7
13628,2026-06-09 07:40:23.596766+00:00,20260609_073132,538072206,36.76921333333333,28.127543333333332,0.0,360.0,162.0,0,PositionReport,,,Unknown,7
13631,2026-06-09 07:40:24.280441+00:00,20260609_073132,271046339,37.03248333333333,27.428023333333332,0.0,360.0,309.0,0,PositionReport,37.0,QUEEN OF SALMAKIS,Pleasure Craft,7
13661,2026-06-09 07:40:34.519633+00:00,20260609_073132,232056776,36.613753333333335,27.139181666666666,0.0,360.0,51.0,5,PositionReport,37.0,AIM,Pleasure Craft,7
13675,2026-06-09 07:40:38.799612+00:00,20260609_073132,538072342,36.589645000000004,28.266696666666668,8.3,262.8,264.0,0,PositionReport,36.0,ONE FORCE,Sailing Yacht,7
13685,2026-06-09 07:40:40.763385+00:00,20260609_073132,538071660,37.013533333333335,27.450466666666667,0.0,291.2,287.0,1,PositionReport,37.0,M/Y GOLDEN HORN,Pleasure Craft,7
13689,2026-06-09 07:40:41.799390+00:00,20260609_073132,237352400,36.41729,27.387265,2.2,70.1,511.0,0,PositionReport,60.0,STAVROS,Passenger,7
13699,2026-06-09 07:40:43.207536+00:00,20260609_073132,271050193,36.58406333333333,28.461573333333334,9.9,97.2,99.0,0,PositionReport,80.0,CHEM LEADER,Tanker,7
13712,2026-06-09 07:40:45.832601+00:00,20260609_073132,240192000,36.582798333333336,27.940308333333334,14.9,134.3,334.0,0,PositionReport,69.0,PANAGIA SKIADENI,Passenger,7
13748,2026-06-09 07:40:55.747020+00:00,20260609_073132,241591000,36.22927333333334,27.654363333333333,18.7,79.6,80.0,0,PositionReport,,,Unknown,7
13750,2026-06-09 07:40:55.932080+00:00,20260609_073132,511101033,36.021586666666664,27.619183333333336,1.5,134.1,207.0,0,PositionReport,,,Unknown,7
13761,2026-06-09 07:40:58.880002+00:00,20260609_073132,538072107,36.82238333333333,28.312606666666667,0.0,19.9,324.0,5,PositionReport,37.0,TURK'S,Pleasure Craft,7
13772,2026-06-09 07:41:02.107349+00:00,20260609_073132,668116439,36.50969,28.253063333333333,10.3,277.9,282.0,0,PositionReport,70.0,MANOLIS,Cargo,7
13775,2026-06-09 07:41:02.424046+00:00,20260609_073132,210096000,36.503655,27.527191666666667,11.7,92.9,94.0,0,PositionReport,89.0,ENERGEIA,Tanker,7
13789,2026-06-09 07:41:05.528589+00:00,20260609_073132,210719000,36.589866666666666,26.913316666666667,14.8,125.2,123.0,0,PositionReport,70.0,PATRIS,Cargo,7
13790,2026-06-09 07:41:05.588790+00:00,20260609_073132,271046339,37.032486666666664,27.42800833333333,0.0,360.0,308.0,0,PositionReport,37.0,QUEEN OF SALMAKIS,Pleasure Craft,7
13823,2026-06-09 07:41:14.265833+00:00,20260609_073132,271043588,37.028855,27.437553333333334,0.0,214.6,511.0,1,PositionReport,0.0,LOVE BOAT,Unknown,7
13824,2026-06-09 07:41:14.982133+00:00,20260609_073132,271040635,36.656753333333334,26.604983333333333,9.5,301.4,302.0,0,PositionReport,71.0,VIVIEN A,Cargo,7
13828,2026-06-09 07:41:17.211273+00:00,20260609_073132,240198900,36.470488333333336,28.216185,17.5,302.8,511.0,0,PositionReport,60.0,SEBECO II,Passenger,7
13835,2026-06-09 07:41:18.722567+00:00,20260609_073132,511101226,36.20608333333333,27.096866666666664,11.7,134.0,134.0,0,PositionReport,,,Unknown,7
13839,2026-06-09 07:41:19.372562+00:00,20260609_073132,630001184,36.44516,28.231941666666668,0.0,31.9,260.0,0,PositionReport,60.0,SEA STAR MYKONOS,Passenger,7
13846,2026-06-09 07:41:21.069329+00:00,20260609_073132,240192000,36.58110166666667,27.942456666666665,14.9,134.1,332.0,0,PositionReport,69.0,PANAGIA SKIADENI,Passenger,7
13855,2026-06-09 07:41:23.848562+00:00,20260609_073132,241677000,36.610025,27.90037166666667,12.6,317.9,511.0,0,PositionReport,60.0,SIMI II,Passenger,7
13859,2026-06-09 07:41:24.489030+00:00,20260609_073132,271043931,36.52513166666667,27.721435,8.9,68.8,511.0,0,PositionReport,36.0,KAPTAN MEHMET BUGRA,Sailing Yacht,7
13878,2026-06-09 07:41:29.017613+00:00,20260609_073132,636020574,36.486538333333336,28.044476666666664,11.5,268.6,269.0,0,PositionReport,74.0,MSC CHARLOTTE,Cargo,7
13883,2026-06-09 07:41:31.445816+00:00,20260609_073132,356157000,36.62484,26.5727,11.4,138.8,138.0,0,PositionReport,70.0,HERO,Cargo,7
13912,2026-06-09 07:41:41.294582+00:00,20260609_073132,518999195,36.818171666666665,28.311016666666667,0.0,308.0,5.0,0,PositionReport,37.0,QUEST R,Pleasure Craft,7
13913,2026-06-09 07:41:41.346591+00:00,20260609_073132,620999919,36.4788,27.811776666666667,6.8,94.4,90.0,0,PositionReport,70.0,BOLD,Cargo,7
13915,2026-06-09 07:41:42.171179+00:00,20260609_073132,237352400,36.41829166666666,27.38920166666667,10.4,49.3,511.0,0,PositionReport,60.0,STAVROS,Passenger,7
13916,2026-06-09 07:41:42.649990+00:00,20260609_073132,271002446,37.02477833333333,27.43809333333333,0.1,0.0,511.0,8,PositionReport,60.0,AKCAKOCA,Passenger,7
13925,2026-06-09 07:41:45.968026+00:00,20260609_073132,240192000,36.57989666666666,27.944006666666667,14.9,134.2,333.0,0,PositionReport,69.0,PANAGIA SKIADENI,Passenger,7
13939,2026-06-09 07:41:49.639153+00:00,20260609_073132,538072342,36.58937,28.263368333333336,8.2,264.0,264.0,0,PositionReport,36.0,ONE FORCE,Sailing Yacht,7
13955,2026-06-09 07:41:53.282847+00:00,20260609_073132,240344000,36.549075,27.845203333333334,0.0,360.0,511.0,0,PositionReport,60.0,NIKOLAOS H,Passenger,7
13962,2026-06-09 07:41:55.495821+00:00,20260609_073132,232057452,37.03454166666667,27.424713333333333,0.0,360.0,511.0,5,PositionReport,98.0,THUNDERBIRD B,Other,7
13963,2026-06-09 07:41:56.137583+00:00,20260609_073132,241671000,36.899424999999994,27.291513333333334,0.0,121.4,39.0,0,PositionReport,70.0,BLUE CARRIER 1,Cargo,7
13969,2026-06-09 07:41:57.038833+00:00,20260609_073132,511101443,37.03214166666667,27.42631833333333,0.0,176.5,511.0,9,PositionReport,60.0,SEA STAR KOS,Passenger,7
13985,2026-06-09 07:41:59.584590+00:00,20260609_073132,352003824,37.011293333333334,27.389628333333334,0.0,360.0,121.0,0,PositionReport,37.0,SEVEN,Pleasure Craft,7
13986,2026-06-09 07:41:59.668494+00:00,20260609_073132,538072206,36.7692,28.127536666666668,0.0,360.0,162.0,0,PositionReport,,,Unknown,7
13999,2026-06-09 07:42:02.015759+00:00,20260609_073132,668116439,36.510059999999996,28.249483333333334,10.3,276.7,281.0,0,PositionReport,70.0,MANOLIS,Cargo,7
14001,2026-06-09 07:42:02.685442+00:00,20260609_073132,271050193,36.583441666666666,28.46618,10.3,99.6,100.0,0,PositionReport,80.0,CHEM LEADER,Tanker,7
14003,2026-06-09 07:42:02.730622+00:00,20260609_073132,210096000,36.50346166666667,27.531254999999998,11.7,93.6,94.0,0,PositionReport,89.0,ENERGEIA,Tanker,7
14032,2026-06-09 07:42:12.262577+00:00,20260609_073132,636019612,36.53675833333333,27.74194,11.0,289.0,288.0,0,PositionReport,70.0,CS CIHAN,Cargo,7
14046,2026-06-09 07:42:17.212414+00:00,20260609_073132,240198900,36.473,28.211065,17.5,298.9,511.0,0,PositionReport,60.0,SEBECO II,Passenger,7
14050,2026-06-09 07:42:18.221612+00:00,20260609_073132,271053982,36.390366666666665,27.771063333333334,10.5,249.0,250.0,0,PositionReport,89.0,CHEM NANA,Tanker,7
14056,2026-06-09 07:42:19.555408+00:00,20260609_073132,630001184,36.445155,28.231949999999998,0.0,31.9,511.0,0,PositionReport,60.0,SEA STAR MYKONOS,Passenger,7
14065,2026-06-09 07:42:23.616299+00:00,20260609_073132,240344000,36.549075,27.845198333333332,0.0,360.0,511.0,0,PositionReport,60.0,NIKOLAOS H,Passenger,7
14084,2026-06-09 07:42:27.177289+00:00,20260609_073132,1193046,37.03301166666667,27.428818333333332,0.0,0.0,511.0,7,PositionReport,50.0,NAUTICAST,Pilot,7
14091,2026-06-09 07:42:31.076263+00:00,20260609_073132,239737000,36.44605,28.238316666666666,0.0,115.3,359.0,5,PositionReport,60.0,BLUE STAR 2,Passenger,7
14093,2026-06-09 07:42:31.384576+00:00,20260609_073132,356157000,36.622413333333334,26.57533833333333,11.5,137.8,138.0,0,PositionReport,70.0,HERO,Cargo,7
14119,2026-06-09 07:42:38.739832+00:00,20260609_073132,271052907,37.01228666666667,27.437549999999998,0.1,360.0,511.0,1,PositionReport,36.0,MEIRA,Sailing Yacht,7
14129,2026-06-09 07:42:41.254009+00:00,20260609_073132,248548000,36.66383,28.04103,0.0,360.0,17.0,1,PositionReport,36.0,ROXANE,Sailing Yacht,7
14134,2026-06-09 07:42:42.171254+00:00,20260609_073132,237352400,36.420875,27.392198333333333,14.4,47.1,511.0,0,PositionReport,60.0,STAVROS,Passenger,7
14158,2026-06-09 07:42:48.304383+00:00,20260609_073132,511101226,36.202533333333335,27.10121666666667,11.7,135.0,134.0,0,PositionReport,,,Unknown,7
14173,2026-06-09 07:42:53.374180+00:00,20260609_073132,240344000,36.54907333333333,27.84519,0.0,360.0,511.0,0,PositionReport,60.0,NIKOLAOS H,Passenger,7
14190,2026-06-09 07:42:58.822755+00:00,20260609_073132,538072342,36.589106666666666,28.260161666666665,8.1,263.9,264.0,0,PositionReport,36.0,ONE FORCE,Sailing Yacht,7
14206,2026-06-09 07:43:03.641974+00:00,20260609_073132,241677000,36.614270000000005,27.895426666666665,12.6,316.9,511.0,0,PositionReport,60.0,SIMI II,Passenger,7
14208,2026-06-09 07:43:04.050502+00:00,20260609_073132,271053578,37.03420666666667,27.42771,0.0,360.0,511.0,1,PositionReport,36.0,GITANE,Sailing Yacht,7
14210,2026-06-09 07:43:04.566137+00:00,20260609_073132,248882000,37.013083333333334,27.45045,0.0,259.0,284.0,5,PositionReport,,,Unknown,7
14245,2026-06-09 07:43:14.096578+00:00,20260609_073132,319039900,36.45097,28.226805000000002,0.0,212.0,280.0,5,PositionReport,37.0,MEGAN,Pleasure Craft,7
14254,2026-06-09 07:43:17.163647+00:00,20260609_073132,240198900,36.47539166666666,28.205851666666668,17.5,299.3,511.0,0,PositionReport,60.0,SEBECO II,Passenger,7
14263,2026-06-09 07:43:18.639973+00:00,20260609_073132,518998026,36.599035,27.874063333333332,0.0,156.6,141.0,1,PositionReport,99.0,QUEEN MARE,Other,7
14268,2026-06-09 07:43:21.058232+00:00,20260609_073132,356792000,36.212176666666664,27.270165000000002,8.7,328.5,327.0,0,PositionReport,70.0,LIDER HALIL,Cargo,7
14293,2026-06-09 07:43:27.165923+00:00,20260609_073132,255806347,36.78301166666667,26.772676666666666,14.5,141.5,142.0,0,PositionReport,,,Unknown,7
14302,2026-06-09 07:43:31.686493+00:00,20260609_073132,241591000,36.23148333333334,27.671016666666667,19.0,81.4,82.0,0,PositionReport,,,Unknown,7
14307,2026-06-09 07:43:32.355916+00:00,20260609_073132,232056776,36.613753333333335,27.139181666666666,0.0,360.0,51.0,5,PositionReport,37.0,AIM,Pleasure Craft,7
14311,2026-06-09 07:43:33.399367+00:00,20260609_073132,271043931,36.52713333333334,27.72764,9.0,67.2,511.0,0,PositionReport,36.0,KAPTAN MEHMET BUGRA,Sailing Yacht,7
14315,2026-06-09 07:43:34.739437+00:00,20260609_073132,271040635,36.65999,26.598403333333334,9.6,301.3,302.0,0,PositionReport,71.0,VIVIEN A,Cargo,7
14340,2026-06-09 07:43:42.927929+00:00,20260609_073132,668116439,36.51066333333333,28.243503333333333,10.3,278.4,282.0,0,PositionReport,70.0,MANOLIS,Cargo,7
14367,2026-06-09 07:43:53.718158+00:00,20260609_073132,237352400,36.423966666666665,27.397051666666666,15.1,52.6,511.0,0,PositionReport,60.0,STAVROS,Passenger,7
14385,2026-06-09 07:43:57.614226+00:00,20260609_073132,240192000,36.57349833333333,27.952168333333336,15.0,133.9,331.0,0,PositionReport,69.0,PANAGIA SKIADENI,Passenger,7
14402,2026-06-09 07:44:02.719118+00:00,20260609_073132,210096000,36.50301666666667,27.539415,11.7,93.8,94.0,0,PositionReport,89.0,ENERGEIA,Tanker,7
14429,2026-06-09 07:44:12.045176+00:00,20260609_073132,636019612,36.53888166666666,27.734795000000002,11.0,289.8,289.0,0,PositionReport,70.0,CS CIHAN,Cargo,7
14443,2026-06-09 07:44:14.536825+00:00,20260609_073132,271050193,36.58235166666667,28.47414,10.7,99.0,100.0,0,PositionReport,80.0,CHEM LEADER,Tanker,7
14444,2026-06-09 07:44:14.597416+00:00,20260609_073132,271043588,37.02886,27.437558333333335,0.0,239.5,511.0,1,PositionReport,0.0,LOVE BOAT,Unknown,7
14453,2026-06-09 07:44:17.508934+00:00,20260609_073132,240198900,36.477761666666666,28.200621666666667,17.4,299.9,511.0,0,PositionReport,60.0,SEBECO II,Passenger,7
14456,2026-06-09 07:44:18.057079+00:00,20260609_073132,538072342,36.58859833333334,28.256496666666667,8.2,256.8,258.0,0,PositionReport,36.0,ONE FORCE,Sailing Yacht,7
14463,2026-06-09 07:44:19.470737+00:00,20260609_073132,630001184,36.445164999999996,28.231936666666666,0.0,31.9,511.0,0,PositionReport,60.0,SEA STAR MYKONOS,Passenger,7
14472,2026-06-09 07:44:22.473151+00:00,20260609_073132,248704000,36.584285,27.864843333333333,0.0,5.4,169.0,1,PositionReport,37.0,OPTASIA,Pleasure Craft,7
14490,2026-06-09 07:44:27.892328+00:00,20260609_073132,271053982,36.388130000000004,27.76369,10.6,249.2,250.0,0,PositionReport,89.0,CHEM NANA,Tanker,7
14491,2026-06-09 07:44:28.186489+00:00,20260609_073132,271044486,36.81819666666667,28.312003333333333,0.0,213.6,8.0,1,PositionReport,37.0,LA PASSION,Pleasure Craft,7
14514,2026-06-09 07:44:33.449539+00:00,20260609_073132,271043931,36.528025,27.730546666666665,9.0,69.7,511.0,0,PositionReport,36.0,KAPTAN MEHMET BUGRA,Sailing Yacht,7
14518,2026-06-09 07:44:34.745079+00:00,20260609_073132,271040635,36.661408333333334,26.595555,9.6,301.5,302.0,0,PositionReport,71.0,VIVIEN A,Cargo,7
14558,2026-06-09 07:44:48.037734+00:00,20260609_073132,368188000,37.025875,27.42752833333333,0.4,300.7,230.0,1,PositionReport,37.0,SERENITY,Pleasure Craft,7
14568,2026-06-09 07:44:50.813121+00:00,20260609_073132,271044344,37.03210833333333,27.427796666666666,0.0,169.0,302.0,5,PositionReport,51.0,KIYEM 6,SAR,7
14578,2026-06-09 07:44:52.986053+00:00,20260609_073132,271002446,37.02471666666667,27.43813833333333,0.1,0.0,511.0,8,PositionReport,60.0,AKCAKOCA,Passenger,7
14583,2026-06-09 07:44:53.826508+00:00,20260609_073132,271001044,37.029044999999996,27.42944333333333,0.1,57.0,511.0,1,PositionReport,37.0,BLACK SEA,Pleasure Craft,7
14588,2026-06-09 07:44:54.955390+00:00,20260609_073132,232057452,37.034533333333336,27.42469,0.0,360.0,511.0,5,PositionReport,98.0,THUNDERBIRD B,Other,7
14597,2026-06-09 07:44:57.497361+00:00,20260609_073132,240192000,36.57056333333333,27.95583333333333,14.9,134.9,331.0,0,PositionReport,69.0,PANAGIA SKIADENI,Passenger,7
14613,2026-06-09 07:45:02.663874+00:00,20260609_073132,210096000,36.502786666666665,27.54346333333333,11.7,94.3,94.0,0,PositionReport,89.0,ENERGEIA,Tanker,7
14616,2026-06-09 07:45:03.361476+00:00,20260609_073132,240344000,36.549081666666666,27.845185,0.0,360.0,511.0,0,PositionReport,60.0,NIKOLAOS H,Passenger,7
14618,2026-06-09 07:45:03.409704+00:00,20260609_073132,271053578,37.03421,27.42771,0.0,360.0,511.0,1,PositionReport,36.0,GITANE,Sailing Yacht,7
14619,2026-06-09 07:45:03.789822+00:00,20260609_073132,241677000,36.61931666666667,27.889473333333335,12.3,317.3,511.0,0,PositionReport,60.0,SIMI II,Passenger,7
14632,2026-06-09 07:45:06.844000+00:00,20260609_073132,271005006,36.848971666666664,28.28096,0.0,353.9,511.0,5,PositionReport,69.0,MARMARIS EXPRESS,Passenger,7
14648,2026-06-09 07:45:12.036726+00:00,20260609_073132,636019612,36.53990833333333,27.731221666666666,11.0,289.6,288.0,0,PositionReport,70.0,CS CIHAN,Cargo,7
14667,2026-06-09 07:45:18.167592+00:00,20260609_073132,538072342,36.588118333333334,28.25374833333333,8.3,257.3,258.0,0,PositionReport,36.0,ONE FORCE,Sailing Yacht,7
14672,2026-06-09 07:45:19.608389+00:00,20260609_073132,630001184,36.445166666666665,28.231941666666668,0.0,31.9,511.0,0,PositionReport,60.0,SEA STAR MYKONOS,Passenger,7
14673,2026-06-09 07:45:19.723765+00:00,20260609_073132,538072206,36.769173333333335,28.127536666666668,0.0,360.0,162.0,0,PositionReport,,,Unknown,7
14680,2026-06-09 07:45:21.435225+00:00,20260609_073132,241886000,36.40767666666667,28.23415333333333,0.1,165.6,29.0,3,PositionReport,52.0,CAPTAIN DIMITRIS V,Tug,7
14695,2026-06-09 07:45:25.202501+00:00,20260609_073132,271046339,37.032486666666664,27.428048333333333,0.0,360.0,309.0,0,PositionReport,37.0,QUEEN OF SALMAKIS,Pleasure Craft,7
14725,2026-06-09 07:45:34.600824+00:00,20260609_073132,271040635,36.66280166666666,26.592748333333336,9.5,301.8,302.0,0,PositionReport,71.0,VIVIEN A,Cargo,7
14737,2026-06-09 07:45:38.877881+00:00,20260609_073132,271047364,37.333855,27.261641666666666,0.0,64.5,354.0,1,PositionReport,31.0,SEASTAR,Towing,7
14792,2026-06-09 07:45:57.734059+00:00,20260609_073132,240192000,36.567658333333334,27.95953666666667,15.0,134.7,332.0,0,PositionReport,69.0,PANAGIA SKIADENI,Passenger,7
14811,2026-06-09 07:46:03.308288+00:00,20260609_073132,241677000,36.62187666666667,27.88667333333333,12.5,318.9,511.0,0,PositionReport,60.0,SIMI II,Passenger,7
14813,2026-06-09 07:46:03.710928+00:00,20260609_073132,518998972,37.033656666666666,27.425451666666667,0.0,0.0,511.0,5,PositionReport,37.0,ELSEA,Pleasure Craft,7
14831,2026-06-09 07:46:10.446620+00:00,20260609_073132,356792000,36.21805333333334,27.265841666666667,8.7,329.2,328.0,0,PositionReport,70.0,LIDER HALIL,Cargo,7
14854,2026-06-09 07:46:17.400649+00:00,20260609_073132,241671000,36.89942166666666,27.291521666666664,0.0,91.6,39.0,0,PositionReport,70.0,BLUE CARRIER 1,Cargo,7
14857,2026-06-09 07:46:17.672664+00:00,20260609_073132,518998026,36.59903666666666,27.874068333333334,0.0,2.0,141.0,1,PositionReport,99.0,QUEEN MARE,Other,7
14858,2026-06-09 07:46:17.879986+00:00,20260609_073132,240198900,36.48246666666667,28.19012,17.2,301.0,511.0,0,PositionReport,60.0,SEBECO II,Passenger,7
14869,2026-06-09 07:46:22.317626+00:00,20260609_073132,241886000,36.40768,28.234146666666668,0.0,228.9,26.0,3,PositionReport,52.0,CAPTAIN DIMITRIS V,Tug,7
14892,2026-06-09 07:46:29.308764+00:00,20260609_073132,636020574,36.48619166666666,28.024436666666666,11.6,268.6,269.0,0,PositionReport,74.0,MSC CHARLOTTE,Cargo,7
14894,2026-06-09 07:46:29.511692+00:00,20260609_073132,249010000,37.025015,27.438019999999998,0.0,340.2,63.0,5,PositionReport,60.0,AROYA,Passenger,7
14910,2026-06-09 07:46:33.496983+00:00,20260609_073132,271043931,36.529851666666666,27.736351666666668,9.1,67.1,511.0,0,PositionReport,36.0,KAPTAN MEHMET BUGRA,Sailing Yacht,7
14937,2026-06-09 07:46:43.784636+00:00,20260609_073132,538072206,36.76921333333333,28.127556666666667,0.0,360.0,162.0,0,PositionReport,,,Unknown,7
14978,2026-06-09 07:46:56.760946+00:00,20260609_073132,538072107,36.822340000000004,28.312573333333333,0.0,19.9,324.0,5,PositionReport,37.0,TURK'S,Pleasure Craft,7
14983,2026-06-09 07:46:58.220192+00:00,20260609_073132,511101443,37.032151666666664,27.42631833333333,0.0,176.5,511.0,9,PositionReport,60.0,SEA STAR KOS,Passenger,7
14997,2026-06-09 07:47:03.422573+00:00,20260609_073132,240344000,36.54907,27.845198333333332,0.0,360.0,511.0,0,PositionReport,60.0,NIKOLAOS H,Passenger,7
15036,2026-06-09 07:47:14.208282+00:00,20260609_073132,241677000,36.62496833333333,27.88333833333333,12.3,320.0,511.0,0,PositionReport,60.0,SIMI II,Passenger,7
15039,2026-06-09 07:47:14.429169+00:00,20260609_073132,271046339,37.03249666666667,27.428060000000002,0.0,360.0,308.0,0,PositionReport,37.0,QUEEN OF SALMAKIS,Pleasure Craft,7
15053,2026-06-09 07:47:17.872089+00:00,20260609_073132,240198900,36.48475333333333,28.184855000000002,17.1,295.5,511.0,0,PositionReport,60.0,SEBECO II,Passenger,7
15063,2026-06-09 07:47:22.164318+00:00,20260609_073132,518999195,36.81818666666666,28.31099,0.0,311.6,5.0,0,PositionReport,37.0,QUEST R,Pleasure Craft,7
15064,2026-06-09 07:47:22.221488+00:00,20260609_073132,241886000,36.40768333333333,28.23414166666667,0.0,289.4,29.0,3,PositionReport,52.0,CAPTAIN DIMITRIS V,Tug,7
15065,2026-06-09 07:47:22.654831+00:00,20260609_073132,248704000,36.584285,27.864843333333333,0.0,165.8,169.0,1,PositionReport,37.0,OPTASIA,Pleasure Craft,7
15069,2026-06-09 07:47:23.787062+00:00,20260609_073132,668116439,36.51211,28.23042333333333,10.3,278.4,282.0,0,PositionReport,70.0,MANOLIS,Cargo,7
15077,2026-06-09 07:47:27.529244+00:00,20260609_073132,1193046,37.03301166666667,27.428818333333332,0.0,0.0,511.0,7,PositionReport,50.0,NAUTICAST,Pilot,7
15080,2026-06-09 07:47:28.129947+00:00,20260609_073132,271053982,36.384945,27.7534,10.5,249.1,249.0,0,PositionReport,89.0,CHEM NANA,Tanker,7
15085,2026-06-09 07:47:29.617252+00:00,20260609_073132,240198900,36.48518,28.18379333333333,17.2,297.4,511.0,0,PositionReport,60.0,SEBECO II,Passenger,7
15091,2026-06-09 07:47:31.204981+00:00,20260609_073132,356157000,36.610575000000004,26.58879,11.5,137.6,137.0,0,PositionReport,70.0,HERO,Cargo,7
15104,2026-06-09 07:47:33.743535+00:00,20260609_073132,271043931,36.530629999999995,27.739320000000003,9.1,73.2,511.0,0,PositionReport,36.0,KAPTAN MEHMET BUGRA,Sailing Yacht,7
15112,2026-06-09 07:47:36.449411+00:00,20260609_073132,237352400,36.43345166666666,27.41235,15.0,52.5,511.0,0,PositionReport,60.0,STAVROS,Passenger,7
15119,2026-06-09 07:47:38.091776+00:00,20260609_073132,630001184,36.44516333333333,28.23194833333333,0.0,31.9,511.0,0,PositionReport,60.0,SEA STAR MYKONOS,Passenger,7
15135,2026-06-09 07:47:42.255496+00:00,20260609_073132,668116439,36.51224333333333,28.229363333333332,10.3,278.4,281.0,0,PositionReport,70.0,MANOLIS,Cargo,7
15136,2026-06-09 07:47:42.606658+00:00,20260609_073132,620999919,36.47806666666667,27.825953333333334,6.7,92.9,91.0,0,PositionReport,70.0,BOLD,Cargo,7
15141,2026-06-09 07:47:44.662411+00:00,20260609_073132,271040635,36.66583833333333,26.586681666666667,9.5,302.7,303.0,0,PositionReport,71.0,VIVIEN A,Cargo,7
15172,2026-06-09 07:47:55.822876+00:00,20260609_073132,271001044,37.02905166666667,27.429468333333332,0.0,357.0,511.0,1,PositionReport,37.0,BLACK SEA,Pleasure Craft,7
15178,2026-06-09 07:47:57.563588+00:00,20260609_073132,240192000,36.56173166666667,27.966816666666666,15.0,136.8,338.0,0,PositionReport,69.0,PANAGIA SKIADENI,Passenger,7
15179,2026-06-09 07:47:57.563667+00:00,20260609_073132,240109700,36.63352833333333,27.864101666666667,19.1,76.5,511.0,0,PositionReport,60.0,SEBECO,Passenger,7
15181,2026-06-09 07:47:57.764400+00:00,20260609_073132,232057452,37.03454,27.424708333333335,0.1,360.0,511.0,5,PositionReport,98.0,THUNDERBIRD B,Other,7
15196,2026-06-09 07:48:00.943144+00:00,20260609_073132,352003824,37.011280000000006,27.389644999999998,0.1,360.0,118.0,5,PositionReport,37.0,SEVEN,Pleasure Craft,7
15206,2026-06-09 07:48:03.298172+00:00,20260609_073132,241677000,36.62718333333333,27.881126666666667,12.4,319.8,511.0,0,PositionReport,60.0,SIMI II,Passenger,7
15208,2026-06-09 07:48:03.343935+00:00,20260609_073132,240344000,36.54907166666667,27.845201666666664,0.0,360.0,511.0,0,PositionReport,60.0,NIKOLAOS H,Passenger,7
15217,2026-06-09 07:48:07.198586+00:00,20260609_073132,241591000,36.23539666666667,27.700566666666667,19.1,69.8,69.0,0,PositionReport,,,Unknown,7
15219,2026-06-09 07:48:07.338495+00:00,20260609_073132,240192000,36.561205,27.96738333333333,15.0,138.2,341.0,0,PositionReport,69.0,PANAGIA SKIADENI,Passenger,7
15241,2026-06-09 07:48:11.988041+00:00,20260609_073132,210096000,36.502028333333335,27.55626,11.7,94.3,94.0,0,PositionReport,89.0,ENERGEIA,Tanker,7
15243,2026-06-09 07:48:12.342152+00:00,20260609_073132,636019612,36.54302166666666,27.720433333333336,11.1,290.4,289.0,0,PositionReport,70.0,CS CIHAN,Cargo,7
15246,2026-06-09 07:48:13.836767+00:00,20260609_073132,271045885,37.01551333333334,27.440243333333335,0.0,133.6,511.0,1,PositionReport,67.0,ARIELA,Passenger,7
15273,2026-06-09 07:48:22.176207+00:00,20260609_073132,241886000,36.407673333333335,28.234146666666668,0.0,157.0,32.0,3,PositionReport,52.0,CAPTAIN DIMITRIS V,Tug,7
15281,2026-06-09 07:48:23.613535+00:00,20260609_073132,668116439,36.51251333333333,28.22689,10.3,277.2,281.0,0,PositionReport,70.0,MANOLIS,Cargo,7
15297,2026-06-09 07:48:27.222802+00:00,20260609_073132,1193046,37.03301166666667,27.428818333333332,0.0,0.0,511.0,7,PositionReport,50.0,NAUTICAST,Pilot,7
15300,2026-06-09 07:48:28.728844+00:00,20260609_073132,210719000,36.5721,26.944016666666666,14.8,125.8,123.0,0,PositionReport,70.0,PATRIS,Cargo,7
15301,2026-06-09 07:48:29.251359+00:00,20260609_073132,636020574,36.48613,28.016401666666663,11.6,269.2,269.0,0,PositionReport,74.0,MSC CHARLOTTE,Cargo,7
15354,2026-06-09 07:48:41.921753+00:00,20260609_073132,356157000,36.60785666666666,26.591848333333335,11.5,138.5,138.0,0,PositionReport,70.0,HERO,Cargo,7
15355,2026-06-09 07:48:41.979433+00:00,20260609_073132,240198900,36.48827166666667,28.17784,17.5,301.9,511.0,0,PositionReport,60.0,SEBECO II,Passenger,7
15359,2026-06-09 07:48:42.109438+00:00,20260609_073132,518999195,36.818215,28.310996666666664,0.0,315.7,5.0,0,PositionReport,37.0,QUEST R,Pleasure Craft,7
15372,2026-06-09 07:48:45.676686+00:00,20260609_073132,271046339,37.032469999999996,27.42804,0.0,360.0,309.0,0,PositionReport,37.0,QUEEN OF SALMAKIS,Pleasure Craft,7
15387,2026-06-09 07:48:49.774144+00:00,20260609_073132,538072342,36.58640833333333,28.244056666666665,8.3,257.0,258.0,0,PositionReport,36.0,ONE FORCE,Sailing Yacht,7
15398,2026-06-09 07:48:52.167778+00:00,20260609_073132,636019612,36.54372166666667,27.718020000000003,11.1,289.1,288.0,0,PositionReport,70.0,CS CIHAN,Cargo,7
15399,2026-06-09 07:48:52.188211+00:00,20260609_073132,668116439,36.51267666666667,28.225236666666667,10.3,277.2,281.0,0,PositionReport,70.0,MANOLIS,Cargo,7
15412,2026-06-09 07:48:55.965874+00:00,20260609_073132,271053537,37.01291333333334,27.450386666666667,0.0,360.0,511.0,1,PositionReport,37.0,ILLUSION 2,Pleasure Craft,7
15433,2026-06-09 07:49:01.806917+00:00,20260609_073132,241886000,36.407673333333335,28.234145,0.0,158.7,32.0,3,PositionReport,52.0,CAPTAIN DIMITRIS V,Tug,7
15438,2026-06-09 07:49:03.711286+00:00,20260609_073132,271040635,36.66775500000001,26.582958333333334,9.5,302.2,303.0,0,PositionReport,71.0,VIVIEN A,Cargo,7
15439,2026-06-09 07:49:03.890192+00:00,20260609_073132,518998972,37.033656666666666,27.425448333333335,0.0,0.0,511.0,5,PositionReport,37.0,ELSEA,Pleasure Craft,7
15444,2026-06-09 07:49:04.388720+00:00,20260609_073132,271053578,37.034200000000006,27.427723333333333,0.0,360.0,511.0,1,PositionReport,36.0,GITANE,Sailing Yacht,7
15450,2026-06-09 07:49:05.883968+00:00,20260609_073132,237352400,36.436879999999995,27.418916666666668,15.1,58.2,511.0,0,PositionReport,60.0,STAVROS,Passenger,7
15455,2026-06-09 07:49:07.837053+00:00,20260609_073132,271005006,36.849003333333336,28.280925,0.0,353.9,511.0,5,PositionReport,69.0,MARMARIS EXPRESS,Passenger,7
15461,2026-06-09 07:49:09.798665+00:00,20260609_073132,240251200,36.641420000000004,27.839946666666666,6.0,332.3,511.0,5,PositionReport,,,Unknown,7
15463,2026-06-09 07:49:10.398644+00:00,20260609_073132,241159000,36.93044666666666,27.057495,22.2,109.2,110.0,0,PositionReport,,,Unknown,7
15494,2026-06-09 07:49:21.313577+00:00,20260609_073132,461000204,37.014315,27.450486666666666,0.0,3.9,262.0,5,PositionReport,37.0,WARDA,Pleasure Craft,7
15503,2026-06-09 07:49:24.621255+00:00,20260609_073132,209874000,36.446905,28.249546666666667,0.1,288.0,288.0,1,PositionReport,70.0,THANOS,Cargo,7
15510,2026-06-09 07:49:28.103244+00:00,20260609_073132,249010000,37.02501666666667,27.438019999999998,0.0,270.7,63.0,5,PositionReport,60.0,AROYA,Passenger,7
15525,2026-06-09 07:49:31.561337+00:00,20260609_073132,232056776,36.613753333333335,27.13919,0.0,360.0,52.0,5,PositionReport,37.0,AIM,Pleasure Craft,7
15533,2026-06-09 07:49:35.168025+00:00,20260609_073132,511101883,36.54987166666667,26.663171666666663,12.0,138.0,135.0,0,PositionReport,80.0,MONILE,Tanker,7
15545,2026-06-09 07:49:38.300362+00:00,20260609_073132,511101443,37.03214,27.426319999999997,0.0,176.5,511.0,9,PositionReport,60.0,SEA STAR KOS,Passenger,7
15548,2026-06-09 07:49:40.223758+00:00,20260609_073132,538071660,37.013529999999996,27.45047,0.0,291.2,287.0,1,PositionReport,37.0,M/Y GOLDEN HORN,Pleasure Craft,7
15618,2026-06-09 07:49:58.210077+00:00,20260609_073132,636020574,36.48605333333333,28.01045,11.7,268.9,269.0,0,PositionReport,74.0,MSC CHARLOTTE,Cargo,7
15624,2026-06-09 07:49:59.279046+00:00,20260609_073132,630001184,36.44517,28.231953333333333,0.0,31.9,511.0,0,PositionReport,60.0,SEA STAR MYKONOS,Passenger,7
15636,2026-06-09 07:50:01.632567+00:00,20260609_073132,518999195,36.81821,28.311005,0.0,317.2,5.0,0,PositionReport,37.0,QUEST R,Pleasure Craft,7
15643,2026-06-09 07:50:03.295934+00:00,20260609_073132,240344000,36.549081666666666,27.84521833333333,0.0,360.0,511.0,0,PositionReport,60.0,NIKOLAOS H,Passenger,7
15657,2026-06-09 07:50:06.836404+00:00,20260609_073132,511101033,36.018595,27.622553333333332,1.6,141.8,205.0,0,PositionReport,,,Unknown,7
15681,2026-06-09 07:50:12.439537+00:00,20260609_073132,271050193,36.578865,28.496121666666667,10.9,104.2,105.0,0,PositionReport,80.0,CHEM LEADER,Tanker,7
15686,2026-06-09 07:50:14.670426+00:00,20260609_073132,271043588,37.028855,27.437555,0.0,194.0,511.0,1,PositionReport,0.0,LOVE BOAT,Unknown,7
15705,2026-06-09 07:50:24.280593+00:00,20260609_073132,271040635,36.669711666666664,26.579275,9.5,304.4,305.0,0,PositionReport,71.0,VIVIEN A,Cargo,7
15708,2026-06-09 07:50:25.312789+00:00,20260609_073132,271044486,36.81819333333333,28.312003333333333,0.0,349.1,8.0,1,PositionReport,37.0,LA PASSION,Pleasure Craft,7
15722,2026-06-09 07:50:30.689617+00:00,20260609_073132,240251200,36.64345333333333,27.838739999999998,6.2,335.6,511.0,5,PositionReport,,,Unknown,7
15728,2026-06-09 07:50:32.196514+00:00,20260609_073132,271002446,37.024726666666666,27.438041666666667,0.2,0.0,511.0,8,PositionReport,60.0,AKCAKOCA,Passenger,7
15778,2026-06-09 07:50:49.125658+00:00,20260609_073132,538072342,36.585411666666666,28.238485,8.2,257.5,258.0,0,PositionReport,36.0,ONE FORCE,Sailing Yacht,7
15795,2026-06-09 07:50:52.934114+00:00,20260609_073132,210096000,36.50139,27.566998333333334,11.7,94.4,94.0,0,PositionReport,89.0,ENERGEIA,Tanker,7
15796,2026-06-09 07:50:53.569986+00:00,20260609_073132,668116439,36.513553333333334,28.218149999999998,10.2,278.9,281.0,0,PositionReport,70.0,MANOLIS,Cargo,7
15810,2026-06-09 07:50:55.556869+00:00,20260609_073132,271046339,37.03243666666666,27.428085,0.1,360.0,309.0,0,PositionReport,37.0,QUEEN OF SALMAKIS,Pleasure Craft,7
15823,2026-06-09 07:50:59.325182+00:00,20260609_073132,355991000,36.68009666666667,26.710335,11.8,343.2,339.0,0,PositionReport,70.0,FREESIA,Cargo,7
15824,2026-06-09 07:50:59.366932+00:00,20260609_073132,630001184,36.445164999999996,28.231941666666668,0.0,31.9,511.0,0,PositionReport,60.0,SEA STAR MYKONOS,Passenger,7
15840,2026-06-09 07:51:01.796580+00:00,20260609_073132,518999195,36.818194999999996,28.31101,0.0,320.7,5.0,0,PositionReport,37.0,QUEST R,Pleasure Craft,7
15841,2026-06-09 07:51:02.920165+00:00,20260609_073132,271053578,37.034189999999995,27.427723333333333,0.0,360.0,511.0,1,PositionReport,36.0,GITANE,Sailing Yacht,7
15859,2026-06-09 07:51:10.152659+00:00,20260609_073132,356792000,36.228465,27.258151666666667,8.7,328.7,327.0,0,PositionReport,70.0,LIDER HALIL,Cargo,7
15864,2026-06-09 07:51:11.566212+00:00,20260609_073132,271045885,37.015695,27.440011666666667,0.2,296.6,511.0,1,PositionReport,67.0,ARIELA,Passenger,7
15867,2026-06-09 07:51:11.656527+00:00,20260609_073132,237352400,36.44209166666667,27.427846666666667,15.2,55.6,511.0,0,PositionReport,60.0,STAVROS,Passenger,7
15876,2026-06-09 07:51:14.210261+00:00,20260609_073132,241677000,36.63290666666667,27.870618333333333,12.1,255.6,511.0,0,PositionReport,60.0,SIMI II,Passenger,7
15888,2026-06-09 07:51:18.350490+00:00,20260609_073132,352005520,36.466231666666665,26.741505,11.6,138.7,138.0,0,PositionReport,,,Unknown,7
15899,2026-06-09 07:51:22.617559+00:00,20260609_073132,271050193,36.57798666666667,28.50038,10.9,104.2,105.0,0,PositionReport,80.0,CHEM LEADER,Tanker,7
15904,2026-06-09 07:51:23.186529+00:00,20260609_073132,620999919,36.477666666666664,27.834611666666667,6.6,94.9,91.0,0,PositionReport,70.0,BOLD,Cargo,7
15927,2026-06-09 07:51:31.035896+00:00,20260609_073132,239737000,36.44605,28.238316666666666,0.0,115.3,0.0,5,PositionReport,60.0,BLUE STAR 2,Passenger,7
15957,2026-06-09 07:51:40.364777+00:00,20260609_073132,248548000,36.663806666666666,28.041123333333335,0.1,360.0,18.0,1,PositionReport,36.0,ROXANE,Sailing Yacht,7
15973,2026-06-09 07:51:43.853003+00:00,20260609_073132,241591000,36.24697666666667,27.71932,19.2,50.7,51.0,0,PositionReport,,,Unknown,7
15987,2026-06-09 07:51:47.943765+00:00,20260609_073132,636020574,36.48587666666666,28.003138333333332,11.7,268.4,269.0,0,PositionReport,74.0,MSC CHARLOTTE,Cargo,7
16003,2026-06-09 07:51:54.179705+00:00,20260609_073132,271043931,36.53432833333333,27.752164999999998,9.0,68.7,511.0,0,PositionReport,36.0,KAPTAN MEHMET BUGRA,Sailing Yacht,7
16007,2026-06-09 07:51:55.655380+00:00,20260609_073132,271046339,37.03241,27.428105000000002,0.2,360.0,309.0,0,PositionReport,37.0,QUEEN OF SALMAKIS,Pleasure Craft,7
16011,2026-06-09 07:51:56.882821+00:00,20260609_073132,240109700,36.62538333333334,27.885994999999998,18.9,131.7,511.0,0,PositionReport,60.0,SEBECO,Passenger,7
16023,2026-06-09 07:51:59.142577+00:00,20260609_073132,630001184,36.44516333333333,28.231935,0.0,31.9,511.0,0,PositionReport,60.0,SEA STAR MYKONOS,Passenger,7
16026,2026-06-09 07:51:59.284321+00:00,20260609_073132,271053982,36.38023833333333,27.738031666666664,10.5,249.4,249.0,0,PositionReport,89.0,CHEM NANA,Tanker,7
16034,2026-06-09 07:52:01.451877+00:00,20260609_073132,271002446,37.024735,27.438008333333336,0.0,0.0,511.0,8,PositionReport,60.0,AKCAKOCA,Passenger,7
16035,2026-06-09 07:52:01.616299+00:00,20260609_073132,518999195,36.818194999999996,28.311005,0.0,321.0,5.0,0,PositionReport,37.0,QUEST R,Pleasure Craft,7
16045,2026-06-09 07:52:03.406270+00:00,20260609_073132,240344000,36.549078333333334,27.845196666666666,0.0,360.0,511.0,0,PositionReport,60.0,NIKOLAOS H,Passenger,7
16055,2026-06-09 07:52:05.591435+00:00,20260609_073132,511101883,36.54359,26.67032,12.0,136.1,135.0,0,PositionReport,80.0,MONILE,Tanker,7
16058,2026-06-09 07:52:07.852987+00:00,20260609_073132,538072206,36.76921333333333,28.12755333333333,0.0,360.0,162.0,0,PositionReport,,,Unknown,7
16072,2026-06-09 07:52:11.727010+00:00,20260609_073132,237352400,36.444340000000004,27.432278333333333,15.3,58.8,511.0,0,PositionReport,60.0,STAVROS,Passenger,7
16094,2026-06-09 07:52:17.822115+00:00,20260609_073132,518998026,36.59903666666666,27.87407,0.0,59.6,141.0,1,PositionReport,99.0,QUEEN MARE,Other,7
16116,2026-06-09 07:52:22.681953+00:00,20260609_073132,271050193,36.577235,28.504058333333333,10.9,104.2,105.0,0,PositionReport,80.0,CHEM LEADER,Tanker,7
16119,2026-06-09 07:52:23.754337+00:00,20260609_073132,538072206,36.769223333333336,28.12755333333333,0.0,360.0,162.0,0,PositionReport,,,Unknown,7
16129,2026-06-09 07:52:27.829086+00:00,20260609_073132,511101443,37.03214666666667,27.42631833333333,0.0,176.5,511.0,9,PositionReport,60.0,SEA STAR KOS,Passenger,7
16134,2026-06-09 07:52:28.503453+00:00,20260609_073132,210719000,36.56236666666667,26.96063333333333,14.9,125.6,123.0,0,PositionReport,70.0,PATRIS,Cargo,7
16138,2026-06-09 07:52:28.788588+00:00,20260609_073132,249010000,37.02501666666667,27.438019999999998,0.0,219.3,63.0,5,PositionReport,60.0,AROYA,Passenger,7
16163,2026-06-09 07:52:37.960501+00:00,20260609_073132,240277800,36.42234333333333,27.413466666666668,5.4,81.7,511.0,1,PositionReport,36.0,GEVA X,Sailing Yacht,7
16201,2026-06-09 07:52:49.334766+00:00,20260609_073132,538072342,36.58442166666667,28.232938333333333,8.3,257.0,258.0,0,PositionReport,36.0,ONE FORCE,Sailing Yacht,7
16214,2026-06-09 07:52:52.957914+00:00,20260609_073132,210096000,36.50090333333333,27.575081666666666,11.7,93.8,93.0,0,PositionReport,89.0,ENERGEIA,Tanker,7
16216,2026-06-09 07:52:53.632597+00:00,20260609_073132,668116439,36.51433333333333,28.21111,10.2,276.9,278.0,0,PositionReport,70.0,MANOLIS,Cargo,7
16230,2026-06-09 07:52:56.851877+00:00,20260609_073132,240109700,36.621809999999996,27.890968333333333,19.0,131.6,511.0,0,PositionReport,60.0,SEBECO,Passenger,7
16255,2026-06-09 07:53:01.647903+00:00,20260609_073132,518999195,36.81818666666666,28.311005,0.0,321.1,6.0,0,PositionReport,37.0,QUEST R,Pleasure Craft,7
16265,2026-06-09 07:53:03.304929+00:00,20260609_073132,240344000,36.54907,27.845193333333334,0.0,360.0,511.0,0,PositionReport,60.0,NIKOLAOS H,Passenger,7
16268,2026-06-09 07:53:03.897602+00:00,20260609_073132,620999919,36.477444999999996,27.838486666666665,6.6,91.3,91.0,0,PositionReport,70.0,BOLD,Cargo,7
16281,2026-06-09 07:53:07.630590+00:00,20260609_073132,636020574,36.485765,27.997666666666664,11.7,268.5,270.0,0,PositionReport,74.0,MSC CHARLOTTE,Cargo,7
16330,2026-06-09 07:53:18.301404+00:00,20260609_073132,237352400,36.44701166666667,27.437158333333333,15.3,52.3,511.0,0,PositionReport,60.0,STAVROS,Passenger,7
16333,2026-06-09 07:53:20.355227+00:00,20260609_073132,249717000,37.032379999999996,27.916639999999997,0.0,360.0,511.0,4,PositionReport,,,Unknown,7
16362,2026-06-09 07:53:30.179346+00:00,20260609_073132,237352400,36.44750333333333,27.43791666666667,15.2,51.4,511.0,0,PositionReport,60.0,STAVROS,Passenger,7
16374,2026-06-09 07:53:33.011898+00:00,20260609_073132,241677000,36.630300000000005,27.861381666666666,12.3,249.5,511.0,0,PositionReport,60.0,SIMI II,Passenger,7
16410,2026-06-09 07:53:44.011910+00:00,20260609_073132,271040635,36.67471666666667,26.5702,9.5,304.1,305.0,0,PositionReport,71.0,VIVIEN A,Cargo,7
16417,2026-06-09 07:53:45.889404+00:00,20260609_073132,256003728,37.01577666666667,27.442938333333334,0.0,360.0,511.0,1,PositionReport,37.0,BUCKETLIST10,Pleasure Craft,7
16423,2026-06-09 07:53:47.254155+00:00,20260609_073132,210719000,36.55915,26.966116666666668,14.9,125.8,123.0,0,PositionReport,70.0,PATRIS,Cargo,7
16425,2026-06-09 07:53:48.068672+00:00,20260609_073132,1193046,37.03301166666667,27.428818333333332,0.0,0.0,511.0,7,PositionReport,50.0,NAUTICAST,Pilot,7
16430,2026-06-09 07:53:49.435590+00:00,20260609_073132,538072342,36.58392833333333,28.230145,8.4,257.0,258.0,0,PositionReport,36.0,ONE FORCE,Sailing Yacht,7
16437,2026-06-09 07:53:52.795292+00:00,20260609_073132,271001044,37.029035,27.429495,0.1,70.0,511.0,0,PositionReport,37.0,BLACK SEA,Pleasure Craft,7
16442,2026-06-09 07:53:54.825972+00:00,20260609_073132,368188000,37.025866666666666,27.427515000000003,0.1,225.1,213.0,1,PositionReport,37.0,SERENITY,Pleasure Craft,7
16460,2026-06-09 07:53:59.401028+00:00,20260609_073132,630001184,36.44516333333333,28.231935,0.0,31.9,511.0,0,PositionReport,60.0,SEA STAR MYKONOS,Passenger,7
16478,2026-06-09 07:54:04.278408+00:00,20260609_073132,271043931,36.53610166666667,27.758613333333336,9.2,73.7,511.0,0,PositionReport,36.0,KAPTAN MEHMET BUGRA,Sailing Yacht,7
16490,2026-06-09 07:54:08.065040+00:00,20260609_073132,636020574,36.48572,27.99359666666667,11.7,268.2,269.0,0,PositionReport,74.0,MSC CHARLOTTE,Cargo,7
16521,2026-06-09 07:54:14.124372+00:00,20260609_073132,271045885,37.015570000000004,27.440176666666666,0.3,129.6,511.0,1,PositionReport,67.0,ARIELA,Passenger,7
16544,2026-06-09 07:54:20.948916+00:00,20260609_073132,210096000,36.50053833333333,27.581075,11.6,93.8,94.0,0,PositionReport,89.0,ENERGEIA,Tanker,7
16546,2026-06-09 07:54:21.415014+00:00,20260609_073132,518999195,36.818178333333336,28.311005,0.0,319.6,6.0,0,PositionReport,37.0,QUEST R,Pleasure Craft,7
16551,2026-06-09 07:54:23.123626+00:00,20260609_073132,668116439,36.51460333333333,28.205806666666668,10.3,270.4,271.0,0,PositionReport,70.0,MANOLIS,Cargo,7
16555,2026-06-09 07:54:24.101330+00:00,20260609_073132,271050193,36.575743333333335,28.51147,10.9,104.1,105.0,0,PositionReport,80.0,CHEM LEADER,Tanker,7
16561,2026-06-09 07:54:26.704886+00:00,20260609_073132,511101033,36.01715166666667,27.62426333333333,1.6,137.8,204.0,0,PositionReport,,,Unknown,7
16580,2026-06-09 07:54:30.957172+00:00,20260609_073132,239737000,36.44605,28.238316666666666,0.0,115.3,0.0,5,PositionReport,60.0,BLUE STAR 2,Passenger,7
16588,2026-06-09 07:54:33.045034+00:00,20260609_073132,241677000,36.629218333333334,27.857348333333334,12.3,251.8,511.0,0,PositionReport,60.0,SIMI II,Passenger,7
16604,2026-06-09 07:54:38.062541+00:00,20260609_073132,511101443,37.032136666666666,27.426311666666667,0.0,176.5,511.0,9,PositionReport,60.0,SEA STAR KOS,Passenger,7
16646,2026-06-09 07:54:50.381270+00:00,20260609_073132,356792000,36.236085,27.252386666666666,8.7,328.3,327.0,0,PositionReport,70.0,LIDER HALIL,Cargo,7
16650,2026-06-09 07:54:52.827353+00:00,20260609_073132,271001044,37.02903666666667,27.429515,0.1,271.0,511.0,0,PositionReport,37.0,BLACK SEA,Pleasure Craft,7
16663,2026-06-09 07:54:56.891111+00:00,20260609_073132,240109700,36.61468833333333,27.900466666666667,18.9,136.1,511.0,0,PositionReport,60.0,SEBECO,Passenger,7
16674,2026-06-09 07:54:59.318723+00:00,20260609_073132,210719000,36.55623333333333,26.9711,14.8,125.8,123.0,0,PositionReport,70.0,PATRIS,Cargo,7
16681,2026-06-09 07:55:01.179242+00:00,20260609_073132,636019612,36.54991166666667,27.695756666666668,11.1,289.0,289.0,0,PositionReport,70.0,CS CIHAN,Cargo,7
16682,2026-06-09 07:55:01.224104+00:00,20260609_073132,271002446,37.024726666666666,27.438061666666666,0.1,0.0,511.0,8,PositionReport,60.0,AKCAKOCA,Passenger,7
16688,2026-06-09 07:55:03.573285+00:00,20260609_073132,271053578,37.03417666666667,27.427723333333333,0.0,360.0,511.0,1,PositionReport,36.0,GITANE,Sailing Yacht,7
16689,2026-06-09 07:55:03.763064+00:00,20260609_073132,518998972,37.03364833333333,27.42545,0.0,0.0,511.0,5,PositionReport,37.0,ELSEA,Pleasure Craft,7
16690,2026-06-09 07:55:03.828058+00:00,20260609_073132,240344000,36.549060000000004,27.845198333333332,0.1,360.0,511.0,0,PositionReport,60.0,NIKOLAOS H,Passenger,7
16724,2026-06-09 07:55:13.826388+00:00,20260609_073132,319039900,36.45097166666667,28.226803333333333,0.0,233.4,280.0,5,PositionReport,37.0,MEGAN,Pleasure Craft,7
16741,2026-06-09 07:55:18.878451+00:00,20260609_073132,518998026,36.59904166666667,27.87407166666667,0.0,19.1,141.0,1,PositionReport,99.0,QUEEN MARE,Other,7
16747,2026-06-09 07:55:20.911599+00:00,20260609_073132,210096000,36.50031666666666,27.585108333333334,11.6,93.9,94.0,0,PositionReport,89.0,ENERGEIA,Tanker,7
16755,2026-06-09 07:55:23.285446+00:00,20260609_073132,668116439,36.51452666666667,28.202276666666666,10.2,266.7,268.0,0,PositionReport,70.0,MANOLIS,Cargo,7
16763,2026-06-09 07:55:25.076614+00:00,20260609_073132,209874000,36.446865,28.249558333333333,0.0,257.6,258.0,1,PositionReport,70.0,THANOS,Cargo,7
16793,2026-06-09 07:55:34.023993+00:00,20260609_073132,232056776,36.613749999999996,27.139181666666666,0.0,360.0,51.0,5,PositionReport,37.0,AIM,Pleasure Craft,7
16794,2026-06-09 07:55:34.024076+00:00,20260609_073132,271050193,36.57487666666667,28.515673333333332,10.8,103.9,105.0,0,PositionReport,80.0,CHEM LEADER,Tanker,7
16802,2026-06-09 07:55:35.971434+00:00,20260609_073132,237352400,36.452735,27.44690166666667,15.3,55.9,511.0,0,PositionReport,60.0,STAVROS,Passenger,7
16813,2026-06-09 07:55:38.047929+00:00,20260609_073132,511101443,37.03214,27.426328333333334,0.0,176.5,511.0,9,PositionReport,60.0,SEA STAR KOS,Passenger,7
16835,2026-06-09 07:55:43.852369+00:00,20260609_073132,241591000,36.26080666666667,27.739559999999997,19.2,49.0,49.0,0,PositionReport,,,Unknown,7
16837,2026-06-09 07:55:44.042279+00:00,20260609_073132,271040635,36.677665000000005,26.56478,9.5,304.1,305.0,0,PositionReport,71.0,VIVIEN A,Cargo,7
16858,2026-06-09 07:55:49.262350+00:00,20260609_073132,538072342,36.58292166666667,28.22455,8.4,257.0,258.0,0,PositionReport,36.0,ONE FORCE,Sailing Yacht,7
16885,2026-06-09 07:55:58.254683+00:00,20260609_073132,1193046,37.03301166666667,27.428818333333332,0.0,0.0,511.0,7,PositionReport,50.0,NAUTICAST,Pilot,7
16893,2026-06-09 07:55:59.324115+00:00,20260609_073132,271053982,36.376086666666666,27.724420000000002,10.5,248.8,249.0,0,PositionReport,89.0,CHEM NANA,Tanker,7
16894,2026-06-09 07:55:59.324167+00:00,20260609_073132,630001184,36.445148333333336,28.23194,0.0,31.9,511.0,0,PositionReport,60.0,SEA STAR MYKONOS,Passenger,7
16898,2026-06-09 07:56:00.343474+00:00,20260609_073132,538072107,36.82236666666667,28.3126,0.0,19.9,324.0,5,PositionReport,37.0,TURK'S,Pleasure Craft,7
16916,2026-06-09 07:56:03.877515+00:00,20260609_073132,240344000,36.549065000000006,27.845203333333334,0.0,360.0,511.0,0,PositionReport,60.0,NIKOLAOS H,Passenger,7
16927,2026-06-09 07:56:05.518078+00:00,20260609_073132,240198900,36.50519,28.13871,17.3,299.4,511.0,0,PositionReport,60.0,SEBECO II,Passenger,7
16937,2026-06-09 07:56:08.726068+00:00,20260609_073132,240109700,36.61034166666666,27.906118333333332,18.8,130.6,511.0,0,PositionReport,60.0,SEBECO,Passenger,7
16941,2026-06-09 07:56:10.226659+00:00,20260609_073132,356792000,36.23886666666667,27.250301666666665,8.7,328.7,328.0,0,PositionReport,70.0,LIDER HALIL,Cargo,7
16958,2026-06-09 07:56:15.202035+00:00,20260609_073132,271046339,37.03248,27.428023333333332,0.2,360.0,308.0,0,PositionReport,37.0,QUEEN OF SALMAKIS,Pleasure Craft,7
16964,2026-06-09 07:56:16.506985+00:00,20260609_073132,240078400,36.9901,27.392656666666667,18.9,38.9,511.0,0,PositionReport,37.0,APOLLON II,Pleasure Craft,7
16976,2026-06-09 07:56:20.833689+00:00,20260609_073132,210096000,36.50007666666667,27.589108333333336,11.5,94.1,94.0,0,PositionReport,89.0,ENERGEIA,Tanker,7
16981,2026-06-09 07:56:21.314737+00:00,20260609_073132,518999195,36.81819666666667,28.31101,0.0,323.5,6.0,0,PositionReport,37.0,QUEST R,Pleasure Craft,7
16985,2026-06-09 07:56:22.260791+00:00,20260609_073132,271002446,37.024766666666665,27.43806,0.1,0.0,511.0,8,PositionReport,60.0,AKCAKOCA,Passenger,7
17014,2026-06-09 07:56:32.215783+00:00,20260609_073132,356157000,36.588836666666666,26.612493333333337,11.5,139.6,138.0,0,PositionReport,70.0,HERO,Cargo,7
17048,2026-06-09 07:56:43.212251+00:00,20260609_073132,668116439,36.51409666666667,28.19756,10.2,260.5,262.0,0,PositionReport,70.0,MANOLIS,Cargo,7
17050,2026-06-09 07:56:43.529033+00:00,20260609_073132,271050193,36.574036666666665,28.519893333333336,10.8,104.0,105.0,0,PositionReport,80.0,CHEM LEADER,Tanker,7
17053,2026-06-09 07:56:44.036670+00:00,20260609_073132,271040635,36.679145,26.562070000000002,9.5,304.1,305.0,0,PositionReport,71.0,VIVIEN A,Cargo,7
17069,2026-06-09 07:56:48.720509+00:00,20260609_073132,368188000,37.02582833333334,27.427705,0.3,118.6,183.0,1,PositionReport,37.0,SERENITY,Pleasure Craft,7
17078,2026-06-09 07:56:50.050635+00:00,20260609_073132,249717000,37.03237333333333,27.916626666666666,0.0,360.0,511.0,4,PositionReport,,,Unknown,7
17095,2026-06-09 07:56:54.864632+00:00,20260609_073132,237352400,36.456093333333335,27.452511666666666,15.3,50.8,511.0,0,PositionReport,60.0,STAVROS,Passenger,7
17106,2026-06-09 07:56:57.863134+00:00,20260609_073132,232057452,37.034546666666664,27.42471833333333,0.1,360.0,511.0,5,PositionReport,98.0,THUNDERBIRD B,Other,7
17129,2026-06-09 07:57:03.855355+00:00,20260609_073132,240344000,36.54907,27.8452,0.1,360.0,511.0,0,PositionReport,60.0,NIKOLAOS H,Passenger,7
17130,2026-06-09 07:57:04.238960+00:00,20260609_073132,271043931,36.53864333333333,27.767568333333333,9.2,69.8,511.0,0,PositionReport,36.0,KAPTAN MEHMET BUGRA,Sailing Yacht,7
17144,2026-06-09 07:57:09.108290+00:00,20260609_073132,271053982,36.37490666666667,27.720395,10.6,249.4,250.0,0,PositionReport,89.0,CHEM NANA,Tanker,7
17150,2026-06-09 07:57:10.984923+00:00,20260609_073132,271045885,37.01569166666666,27.440133333333332,0.4,320.5,511.0,1,PositionReport,67.0,ARIELA,Passenger,7
17169,2026-06-09 07:57:15.315663+00:00,20260609_073132,240192000,36.53925,28.004250000000003,14.8,117.6,295.0,0,PositionReport,69.0,PANAGIA SKIADENI,Passenger,7
17187,2026-06-09 07:57:18.249247+00:00,20260609_073132,636020574,36.48549333333334,27.98066833333333,11.8,269.1,269.0,0,PositionReport,74.0,MSC CHARLOTTE,Cargo,7
17202,2026-06-09 07:57:20.513579+00:00,20260609_073132,356792000,36.24136,27.248448333333332,8.7,329.0,328.0,0,PositionReport,70.0,LIDER HALIL,Cargo,7
17227,2026-06-09 07:57:28.106528+00:00,20260609_073132,210719000,36.55028333333333,26.981316666666665,14.8,125.6,123.0,0,PositionReport,70.0,PATRIS,Cargo,7
17232,2026-06-09 07:57:29.400034+00:00,20260609_073132,271053982,36.37457166666666,27.719243333333335,10.6,249.5,249.0,0,PositionReport,89.0,CHEM NANA,Tanker,7
17239,2026-06-09 07:57:30.970884+00:00,20260609_073132,239737000,36.44605,28.238316666666666,0.0,115.3,0.0,5,PositionReport,60.0,BLUE STAR 2,Passenger,7
17246,2026-06-09 07:57:32.126987+00:00,20260609_073132,241886000,36.40776666666667,28.234221666666667,0.0,61.1,7.0,3,PositionReport,52.0,CAPTAIN DIMITRIS V,Tug,7
17265,2026-06-09 07:57:38.367187+00:00,20260609_073132,511101443,37.03215,27.426319999999997,0.0,176.5,511.0,9,PositionReport,60.0,SEA STAR KOS,Passenger,7
17266,2026-06-09 07:57:38.474048+00:00,20260609_073132,620999919,36.47683166666666,27.84931,6.9,94.8,91.0,0,PositionReport,70.0,BOLD,Cargo,7
17269,2026-06-09 07:57:39.596530+00:00,20260609_073132,255806347,36.73827333333334,26.817325,14.5,142.1,142.0,0,PositionReport,,,Unknown,7
17275,2026-06-09 07:57:41.320129+00:00,20260609_073132,248548000,36.66383,28.041073333333333,0.0,360.0,16.0,1,PositionReport,36.0,ROXANE,Sailing Yacht,7
17277,2026-06-09 07:57:41.798339+00:00,20260609_073132,518999195,36.818189999999994,28.311005,0.0,323.1,6.0,0,PositionReport,37.0,QUEST R,Pleasure Craft,7
17285,2026-06-09 07:57:43.627727+00:00,20260609_073132,241591000,36.26778,27.749378333333333,19.2,48.7,48.0,0,PositionReport,,,Unknown,7
17289,2026-06-09 07:57:44.194572+00:00,20260609_073132,271040635,36.68064666666667,26.559345,9.4,304.1,305.0,0,PositionReport,71.0,VIVIEN A,Cargo,7
17317,2026-06-09 07:57:52.869609+00:00,20260609_073132,271001044,37.028893333333336,27.429433333333336,0.8,206.0,511.0,0,PositionReport,37.0,BLACK SEA,Pleasure Craft,7
17354,2026-06-09 07:58:03.688584+00:00,20260609_073132,240344000,36.54907166666667,27.845206666666666,0.1,360.0,511.0,0,PositionReport,60.0,NIKOLAOS H,Passenger,7
17355,2026-06-09 07:58:03.854988+00:00,20260609_073132,518998972,37.03365333333333,27.42544333333333,0.0,0.0,511.0,5,PositionReport,37.0,ELSEA,Pleasure Craft,7
17386,2026-06-09 07:58:14.535603+00:00,20260609_073132,240109700,36.60290666666666,27.916271666666667,18.9,132.6,511.0,0,PositionReport,60.0,SEBECO,Passenger,7
17401,2026-06-09 07:58:18.963329+00:00,20260609_073132,630001184,36.445148333333336,28.231941666666668,0.0,31.9,511.0,0,PositionReport,60.0,SEA STAR MYKONOS,Passenger,7
17416,2026-06-09 07:58:21.091752+00:00,20260609_073132,210096000,36.49955833333333,27.597080000000002,11.5,94.1,94.0,0,PositionReport,89.0,ENERGEIA,Tanker,7
17422,2026-06-09 07:58:22.126181+00:00,20260609_073132,461000204,37.01427,27.44939833333333,0.9,266.7,264.0,5,PositionReport,37.0,WARDA,Pleasure Craft,7
17426,2026-06-09 07:58:23.244660+00:00,20260609_073132,240078400,36.99920833333333,27.400595,18.7,36.7,511.0,0,PositionReport,37.0,APOLLON II,Pleasure Craft,7
17449,2026-06-09 07:58:28.164456+00:00,20260609_073132,249010000,37.02501666666667,27.438019999999998,0.0,275.6,63.0,5,PositionReport,60.0,AROYA,Passenger,7
17456,2026-06-09 07:58:29.435815+00:00,20260609_073132,271053982,36.37346166666667,27.715916666666665,10.6,248.9,250.0,0,PositionReport,89.0,CHEM NANA,Tanker,7
17457,2026-06-09 07:58:29.689833+00:00,20260609_073132,356792000,36.243755,27.246661666666668,8.7,328.5,328.0,0,PositionReport,70.0,LIDER HALIL,Cargo,7
17470,2026-06-09 07:58:33.109485+00:00,20260609_073132,232056776,36.61375666666667,27.139185,0.0,360.0,70.0,5,PositionReport,37.0,AIM,Pleasure Craft,7
17476,2026-06-09 07:58:33.953796+00:00,20260609_073132,210719000,36.54766666666667,26.9859,14.7,125.0,123.0,0,PositionReport,70.0,PATRIS,Cargo,7
17487,2026-06-09 07:58:38.334274+00:00,20260609_073132,511101443,37.03214333333334,27.426333333333332,0.0,176.5,511.0,9,PositionReport,60.0,SEA STAR KOS,Passenger,7
17492,2026-06-09 07:58:40.905148+00:00,20260609_073132,271002446,37.02487166666666,27.438015,0.3,0.0,511.0,8,PositionReport,60.0,AKCAKOCA,Passenger,7
17505,2026-06-09 07:58:44.179787+00:00,20260609_073132,241677000,36.621718333333334,27.84403,8.2,219.7,511.0,0,PositionReport,60.0,SIMI II,Passenger,7
17524,2026-06-09 07:58:48.671675+00:00,20260609_073132,511101443,37.03214,27.426333333333332,0.0,176.5,511.0,9,PositionReport,60.0,SEA STAR KOS,Passenger,7
17526,2026-06-09 07:58:49.156517+00:00,20260609_073132,538072342,36.581376666666664,28.216101666666667,8.4,257.9,258.0,0,PositionReport,36.0,ONE FORCE,Sailing Yacht,7
17530,2026-06-09 07:58:52.696914+00:00,20260609_073132,271001044,37.028711666666666,27.429346666666667,0.6,201.0,511.0,0,PositionReport,37.0,BLACK SEA,Pleasure Craft,7
17531,2026-06-09 07:58:52.911607+00:00,20260609_073132,668116439,36.5127,28.19005333333333,10.3,256.1,261.0,0,PositionReport,70.0,MANOLIS,Cargo,7
17537,2026-06-09 07:58:53.639050+00:00,20260609_073132,271050193,36.572478333333336,28.527805,10.8,103.7,104.0,0,PositionReport,80.0,CHEM LEADER,Tanker,7
17539,2026-06-09 07:58:54.581934+00:00,20260609_073132,237352400,36.46073333333333,27.461258333333333,15.1,58.9,511.0,0,PositionReport,60.0,STAVROS,Passenger,7
17549,2026-06-09 07:58:58.394525+00:00,20260609_073132,538072107,36.82238333333333,28.312573333333333,0.0,19.9,324.0,5,PositionReport,37.0,TURK'S,Pleasure Craft,7
17564,2026-06-09 07:59:04.031375+00:00,20260609_073132,271043931,36.54052166666667,27.773488333333333,9.5,65.5,511.0,0,PositionReport,36.0,KAPTAN MEHMET BUGRA,Sailing Yacht,7
17570,2026-06-09 07:59:04.847547+00:00,20260609_073132,240198900,36.51180166666666,28.123085,17.1,300.0,511.0,0,PositionReport,60.0,SEBECO II,Passenger,7
17588,2026-06-09 07:59:11.037838+00:00,20260609_073132,356157000,36.582458333333335,26.619463333333332,11.5,138.3,137.0,0,PositionReport,70.0,HERO,Cargo,7
17606,2026-06-09 07:59:14.798271+00:00,20260609_073132,240192000,36.53550333333333,28.013311666666667,14.9,117.1,293.0,0,PositionReport,69.0,PANAGIA SKIADENI,Passenger,7
17607,2026-06-09 07:59:14.909951+00:00,20260609_073132,271043588,37.028845000000004,27.437553333333334,0.0,208.4,511.0,1,PositionReport,0.0,LOVE BOAT,Unknown,7
17616,2026-06-09 07:59:17.190232+00:00,20260609_073132,240198900,36.51227666666667,28.122059999999998,17.3,299.7,511.0,0,PositionReport,60.0,SEBECO II,Passenger,7
17622,2026-06-09 07:59:18.620692+00:00,20260609_073132,538072342,36.58111833333333,28.214673333333334,8.4,257.0,258.0,0,PositionReport,36.0,ONE FORCE,Sailing Yacht,7
17623,2026-06-09 07:59:18.993310+00:00,20260609_073132,630001184,36.44515666666667,28.23194,0.0,31.9,511.0,0,PositionReport,60.0,SEA STAR MYKONOS,Passenger,7
17635,2026-06-09 07:59:21.770060+00:00,20260609_073132,210096000,36.49931333333333,27.60113,11.5,93.7,94.0,0,PositionReport,89.0,ENERGEIA,Tanker,7
17636,2026-06-09 07:59:21.777381+00:00,20260609_073132,255806347,36.73283166666667,26.822613333333333,14.6,142.1,142.0,0,PositionReport,,,Unknown,7
17645,2026-06-09 07:59:23.798552+00:00,20260609_073132,538072206,36.769220000000004,28.12754,0.2,360.0,218.0,0,PositionReport,,,Unknown,7
17652,2026-06-09 07:59:26.822263+00:00,20260609_073132,240192000,36.535133333333334,28.01423,14.9,116.7,292.0,0,PositionReport,69.0,PANAGIA SKIADENI,Passenger,7
17681,2026-06-09 07:59:33.945871+00:00,20260609_073132,210719000,36.5453,26.990066666666667,14.7,125.0,123.0,0,PositionReport,70.0,PATRIS,Cargo,7
17683,2026-06-09 07:59:34.933528+00:00,20260609_073132,271040635,36.68338166666667,26.554315,9.4,303.8,305.0,0,PositionReport,71.0,VIVIEN A,Cargo,7
17698,2026-06-09 07:59:40.907999+00:00,20260609_073132,271002446,37.024835,27.438046666666665,0.5,14.2,511.0,8,PositionReport,60.0,AKCAKOCA,Passenger,7
17712,2026-06-09 07:59:46.180635+00:00,20260609_073132,256003728,37.01578166666666,27.44289,0.0,360.0,511.0,1,PositionReport,37.0,BUCKETLIST10,Pleasure Craft,7
17734,2026-06-09 07:59:54.791578+00:00,20260609_073132,237352400,36.46315333333334,27.46554666666667,15.1,51.7,511.0,0,PositionReport,60.0,STAVROS,Passenger,7
17737,2026-06-09 07:59:55.307521+00:00,20260609_073132,368188000,37.025864999999996,27.427661666666665,0.3,258.8,254.0,1,PositionReport,37.0,SERENITY,Pleasure Craft,7
17753,2026-06-09 07:59:58.674574+00:00,20260609_073132,1193046,37.03301166666667,27.428818333333332,0.0,0.0,511.0,7,PositionReport,50.0,NAUTICAST,Pilot,7
17767,2026-06-09 08:00:02.260316+00:00,20260609_073132,518999195,36.81818,28.311005,0.0,321.7,6.0,0,PositionReport,37.0,QUEST R,Pleasure Craft,8
17795,2026-06-09 08:00:15.905265+00:00,20260609_073132,240109700,36.5956,27.92566833333333,18.9,131.3,511.0,0,PositionReport,60.0,SEBECO,Passenger,8
17804,2026-06-09 08:00:18.309664+00:00,20260609_073132,636020574,36.48529666666666,27.968398333333333,11.8,269.9,270.0,0,PositionReport,74.0,MSC CHARLOTTE,Cargo,8
17807,2026-06-09 08:00:18.975630+00:00,20260609_073132,630001184,36.44516,28.231946666666666,0.0,31.9,511.0,0,PositionReport,60.0,SEA STAR MYKONOS,Passenger,8
17814,2026-06-09 08:00:20.374306+00:00,20260609_073132,249717000,37.03237333333333,27.916621666666668,0.0,360.0,511.0,4,PositionReport,,,Unknown,8
17819,2026-06-09 08:00:21.881935+00:00,20260609_073132,210096000,36.49906333333333,27.605103333333332,11.5,94.5,94.0,0,PositionReport,89.0,ENERGEIA,Tanker,8
17828,2026-06-09 08:00:23.839050+00:00,20260609_073132,240344000,36.549065000000006,27.845191666666665,0.1,360.0,511.0,0,PositionReport,60.0,NIKOLAOS H,Passenger,8
17844,2026-06-09 08:00:28.106302+00:00,20260609_073132,240078400,37.00737,27.409555,18.6,49.5,511.0,0,PositionReport,37.0,APOLLON II,Pleasure Craft,8
17858,2026-06-09 08:00:31.606919+00:00,20260609_073132,241886000,36.40775,28.234199999999998,0.1,209.3,18.0,3,PositionReport,52.0,CAPTAIN DIMITRIS V,Tug,8
17880,2026-06-09 08:00:40.254335+00:00,20260609_073132,210719000,36.54271666666667,26.994666666666667,14.7,125.4,123.0,0,PositionReport,70.0,PATRIS,Cargo,8
17882,2026-06-09 08:00:40.808993+00:00,20260609_073132,356792000,36.24832333333333,27.243268333333333,8.7,329.0,327.0,0,PositionReport,70.0,LIDER HALIL,Cargo,8
17910,2026-06-09 08:00:49.809227+00:00,20260609_073132,271053982,36.37106000000001,27.707878333333333,10.6,249.3,249.0,0,PositionReport,89.0,CHEM NANA,Tanker,8
17920,2026-06-09 08:00:53.718266+00:00,20260609_073132,271050193,36.571000000000005,28.53508,10.8,104.7,104.0,0,PositionReport,80.0,CHEM LEADER,Tanker,8
17922,2026-06-09 08:00:54.708683+00:00,20260609_073132,237352400,36.46567166666667,27.469710000000003,15.1,55.7,511.0,0,PositionReport,60.0,STAVROS,Passenger,8
17945,2026-06-09 08:01:04.332148+00:00,20260609_073132,518998972,37.03364833333333,27.42544,0.0,0.0,511.0,5,PositionReport,37.0,ELSEA,Pleasure Craft,8
17950,2026-06-09 08:01:07.877640+00:00,20260609_073132,241591000,36.280136666666664,27.765935000000002,19.2,47.5,47.0,0,PositionReport,,,Unknown,8
17972,2026-06-09 08:01:15.100551+00:00,20260609_073132,240192000,36.53176,28.022499999999997,14.9,116.8,293.0,0,PositionReport,69.0,PANAGIA SKIADENI,Passenger,8
17976,2026-06-09 08:01:15.746316+00:00,20260609_073132,240109700,36.592025,27.930593333333334,18.8,135.8,511.0,0,PositionReport,60.0,SEBECO,Passenger,8
17983,2026-06-09 08:01:17.767762+00:00,20260609_073132,518998026,36.599046666666666,27.874073333333335,0.0,194.0,141.0,1,PositionReport,99.0,QUEEN MARE,Other,8
17999,2026-06-09 08:01:21.868473+00:00,20260609_073132,210096000,36.498828333333336,27.609078333333333,11.5,94.7,94.0,0,PositionReport,89.0,ENERGEIA,Tanker,8
18004,2026-06-09 08:01:22.566976+00:00,20260609_073132,636019612,36.556306666666664,27.672578333333334,11.2,288.8,288.0,0,PositionReport,70.0,CS CIHAN,Cargo,8
18006,2026-06-09 08:01:23.279955+00:00,20260609_073132,209874000,36.446839999999995,28.249401666666664,0.0,257.6,258.0,1,PositionReport,70.0,THANOS,Cargo,8
18011,2026-06-09 08:01:23.939251+00:00,20260609_073132,240344000,36.54907166666667,27.845195,0.0,360.0,511.0,0,PositionReport,60.0,NIKOLAOS H,Passenger,8
18013,2026-06-09 08:01:24.913153+00:00,20260609_073132,271046339,37.032439999999994,27.428,0.0,360.0,308.0,0,PositionReport,37.0,QUEEN OF SALMAKIS,Pleasure Craft,8
18027,2026-06-09 08:01:28.430596+00:00,20260609_073132,249010000,37.025015,27.438019999999998,0.0,57.0,63.0,5,PositionReport,60.0,AROYA,Passenger,8
18033,2026-06-09 08:01:29.467999+00:00,20260609_073132,630001184,36.44516333333333,28.23194833333333,0.0,31.9,511.0,0,PositionReport,60.0,SEA STAR MYKONOS,Passenger,8
18043,2026-06-09 08:01:31.350383+00:00,20260609_073132,232056776,36.613753333333335,27.139168333333334,0.0,360.0,52.0,5,PositionReport,37.0,AIM,Pleasure Craft,8
18074,2026-06-09 08:01:41.285034+00:00,20260609_073132,620999919,36.476315,27.858881666666665,6.8,93.4,90.0,0,PositionReport,70.0,BOLD,Cargo,8
18081,2026-06-09 08:01:44.524113+00:00,20260609_073132,518998609,36.582753333333336,28.880715000000002,12.1,212.7,215.0,0,PositionReport,37.0,ENIGMA,Pleasure Craft,8
18109,2026-06-09 08:01:52.371075+00:00,20260609_073132,240078400,37.01203666666667,27.41626,16.6,48.9,511.0,0,PositionReport,37.0,APOLLON II,Pleasure Craft,8
18111,2026-06-09 08:01:53.448537+00:00,20260609_073132,668116439,36.51081333333333,28.179489999999998,10.3,256.7,260.0,0,PositionReport,70.0,MANOLIS,Cargo,8
18115,2026-06-09 08:01:53.685805+00:00,20260609_073132,271050193,36.570299999999996,28.538774999999998,10.8,102.5,103.0,0,PositionReport,80.0,CHEM LEADER,Tanker,8
18119,2026-06-09 08:01:54.806373+00:00,20260609_073132,271040635,36.68675333333333,26.548003333333334,9.4,303.6,305.0,0,PositionReport,71.0,VIVIEN A,Cargo,8
18120,2026-06-09 08:01:54.891663+00:00,20260609_073132,237352400,36.467818333333334,27.47421166666667,15.1,60.2,511.0,0,PositionReport,60.0,STAVROS,Passenger,8
18130,2026-06-09 08:01:58.821798+00:00,20260609_073132,1193046,37.03301166666667,27.428818333333332,0.0,0.0,511.0,7,PositionReport,50.0,NAUTICAST,Pilot,8
18133,2026-06-09 08:01:59.797741+00:00,20260609_073132,538072107,36.82239333333334,28.312613333333335,0.0,19.9,323.0,5,PositionReport,37.0,TURK'S,Pleasure Craft,8
18135,2026-06-09 08:02:00.335330+00:00,20260609_073132,356792000,36.25105666666666,27.241183333333332,8.7,328.0,327.0,0,PositionReport,70.0,LIDER HALIL,Cargo,8
18146,2026-06-09 08:02:02.582010+00:00,20260609_073132,271002446,37.024885000000005,27.438013333333334,0.3,10.0,511.0,8,PositionReport,60.0,AKCAKOCA,Passenger,8
18182,2026-06-09 08:02:11.741353+00:00,20260609_073132,538072206,36.76921333333333,28.127556666666667,0.0,360.0,162.0,0,PositionReport,,,Unknown,8
18184,2026-06-09 08:02:12.157555+00:00,20260609_073132,620999919,36.476258333333334,27.860106666666663,6.8,93.4,90.0,0,PositionReport,70.0,BOLD,Cargo,8
18205,2026-06-09 08:02:17.737552+00:00,20260609_073132,240198900,36.518440000000005,28.105838333333335,17.3,291.8,511.0,0,PositionReport,60.0,SEBECO II,Passenger,8
18208,2026-06-09 08:02:19.155213+00:00,20260609_073132,636020574,36.485260000000004,27.960185000000003,11.8,269.8,270.0,0,PositionReport,74.0,MSC CHARLOTTE,Cargo,8
18212,2026-06-09 08:02:21.053284+00:00,20260609_073132,240109700,36.58810833333334,27.93584333333333,18.8,130.3,511.0,0,PositionReport,60.0,SEBECO,Passenger,8
18219,2026-06-09 08:02:21.837355+00:00,20260609_073132,210096000,36.49859166666667,27.61307,11.5,94.4,94.0,0,PositionReport,89.0,ENERGEIA,Tanker,8
18222,2026-06-09 08:02:22.615541+00:00,20260609_073132,636019612,36.55731333333333,27.668916666666668,11.2,288.6,289.0,0,PositionReport,70.0,CS CIHAN,Cargo,8
18224,2026-06-09 08:02:22.890374+00:00,20260609_073132,248704000,36.584285,27.864843333333333,0.0,79.3,169.0,1,PositionReport,37.0,OPTASIA,Pleasure Craft,8
18231,2026-06-09 08:02:23.885284+00:00,20260609_073132,240344000,36.54907333333333,27.845195,0.0,360.0,511.0,0,PositionReport,60.0,NIKOLAOS H,Passenger,8
18243,2026-06-09 08:02:29.261748+00:00,20260609_073132,630001184,36.445166666666665,28.23194,0.0,31.9,511.0,0,PositionReport,60.0,SEA STAR MYKONOS,Passenger,8
18254,2026-06-09 08:02:32.153816+00:00,20260609_073132,271044486,36.81819666666667,28.312003333333333,0.0,51.6,8.0,1,PositionReport,37.0,LA PASSION,Pleasure Craft,8
18284,2026-06-09 08:02:42.383022+00:00,20260609_073132,518999195,36.81818666666666,28.311005,0.0,297.8,6.0,0,PositionReport,37.0,QUEST R,Pleasure Craft,8
18290,2026-06-09 08:02:43.985909+00:00,20260609_073132,241677000,36.617399999999996,27.83916333333333,1.0,331.7,511.0,0,PositionReport,60.0,SIMI II,Passenger,8
18314,2026-06-09 08:02:50.745706+00:00,20260609_073132,271044344,37.032105,27.427801666666667,0.0,169.0,302.0,5,PositionReport,51.0,KIYEM 6,SAR,8
18320,2026-06-09 08:02:53.369196+00:00,20260609_073132,271050193,36.56966,28.542448333333333,10.8,102.2,103.0,0,PositionReport,80.0,CHEM LEADER,Tanker,8
18325,2026-06-09 08:02:55.194449+00:00,20260609_073132,232057452,37.034533333333336,27.42473,0.1,360.0,511.0,5,PositionReport,98.0,THUNDERBIRD B,Other,8
18335,2026-06-09 08:02:57.813076+00:00,20260609_073132,511101443,37.031171666666665,27.423806666666668,10.5,221.3,511.0,9,PositionReport,60.0,SEA STAR KOS,Passenger,8
18345,2026-06-09 08:03:02.610203+00:00,20260609_073132,271002446,37.024835,27.43804833333333,0.3,0.0,511.0,8,PositionReport,60.0,AKCAKOCA,Passenger,8
18347,2026-06-09 08:03:02.994637+00:00,20260609_073132,271053578,37.034213333333334,27.427718333333335,0.0,360.0,511.0,1,PositionReport,36.0,GITANE,Sailing Yacht,8
18349,2026-06-09 08:03:04.110565+00:00,20260609_073132,271043931,36.54383666666667,27.785383333333336,9.2,70.3,511.0,0,PositionReport,36.0,KAPTAN MEHMET BUGRA,Sailing Yacht,8
18356,2026-06-09 08:03:06.655185+00:00,20260609_073132,461000204,37.01374166666667,27.44808833333333,5.5,231.3,234.0,5,PositionReport,37.0,WARDA,Pleasure Craft,8
18375,2026-06-09 08:03:12.820926+00:00,20260609_073132,271045885,37.015636666666666,27.440189999999998,0.4,314.4,511.0,1,PositionReport,67.0,ARIELA,Passenger,8
18377,2026-06-09 08:03:13.577468+00:00,20260609_073132,271001044,37.02593666666667,27.427039999999998,5.7,210.0,511.0,0,PositionReport,37.0,BLACK SEA,Pleasure Craft,8
18387,2026-06-09 08:03:15.009484+00:00,20260609_073132,240192000,36.528014999999996,28.03166,14.9,117.0,294.0,0,PositionReport,69.0,PANAGIA SKIADENI,Passenger,8
18401,2026-06-09 08:03:17.837549+00:00,20260609_073132,240198900,36.52032333333333,28.100371666666668,17.2,291.8,511.0,0,PositionReport,60.0,SEBECO II,Passenger,8
18402,2026-06-09 08:03:18.163672+00:00,20260609_073132,271053982,36.36832833333334,27.69942,10.5,248.9,250.0,0,PositionReport,89.0,CHEM NANA,Tanker,8
18405,2026-06-09 08:03:19.151549+00:00,20260609_073132,636020574,36.485225,27.956128333333332,11.8,269.6,270.0,0,PositionReport,74.0,MSC CHARLOTTE,Cargo,8
18420,2026-06-09 08:03:22.441394+00:00,20260609_073132,636019612,36.558348333333335,27.665241666666667,11.2,288.5,288.0,0,PositionReport,70.0,CS CIHAN,Cargo,8
18430,2026-06-09 08:03:24.953745+00:00,20260609_073132,271046339,37.03246,27.427995,0.3,360.0,308.0,0,PositionReport,37.0,QUEEN OF SALMAKIS,Pleasure Craft,8
18448,2026-06-09 08:03:29.355441+00:00,20260609_073132,240078400,37.01715333333333,27.42000833333333,12.0,18.6,511.0,0,PositionReport,37.0,APOLLON II,Pleasure Craft,8
18462,2026-06-09 08:03:31.221847+00:00,20260609_073132,239737000,36.44605,28.2383,0.0,115.3,0.0,5,PositionReport,60.0,BLUE STAR 2,Passenger,8
18465,2026-06-09 08:03:31.560443+00:00,20260609_073132,210096000,36.49832333333333,27.61764833333333,11.5,94.1,93.0,0,PositionReport,89.0,ENERGEIA,Tanker,8
18468,2026-06-09 08:03:31.798275+00:00,20260609_073132,620999919,36.476081666666666,27.863203333333335,6.7,93.3,90.0,0,PositionReport,70.0,BOLD,Cargo,8
18469,2026-06-09 08:03:32.045603+00:00,20260609_073132,240344000,36.54907333333333,27.84518166666667,0.0,360.0,511.0,0,PositionReport,60.0,NIKOLAOS H,Passenger,8
18496,2026-06-09 08:03:39.074459+00:00,20260609_073132,271052907,37.012373333333336,27.437536666666666,0.0,360.0,511.0,1,PositionReport,36.0,MEIRA,Sailing Yacht,8
18501,2026-06-09 08:03:40.009664+00:00,20260609_073132,210719000,36.535583333333335,27.007099999999998,14.7,125.3,123.0,0,PositionReport,70.0,PATRIS,Cargo,8
18518,2026-06-09 08:03:43.587327+00:00,20260609_073132,241591000,36.289546666666666,27.778641666666665,19.2,47.5,47.0,0,PositionReport,,,Unknown,8
18526,2026-06-09 08:03:45.702424+00:00,20260609_073132,461000204,37.01302833333333,27.446921666666665,7.4,234.2,237.0,5,PositionReport,37.0,WARDA,Pleasure Craft,8
18558,2026-06-09 08:03:57.116961+00:00,20260609_073132,271053537,37.012906666666666,27.450386666666667,0.0,360.0,511.0,1,PositionReport,37.0,ILLUSION 2,Pleasure Craft,8
18563,2026-06-09 08:03:58.747961+00:00,20260609_073132,1193046,37.03301166666667,27.428818333333332,0.0,0.0,511.0,7,PositionReport,50.0,NAUTICAST,Pilot,8
18566,2026-06-09 08:03:59.744283+00:00,20260609_073132,237352400,36.47273333333333,27.483268333333335,15.2,56.8,511.0,0,PositionReport,60.0,STAVROS,Passenger,8
18580,2026-06-09 08:04:04.571566+00:00,20260609_073132,271040635,36.68987,26.54210833333333,9.4,303.1,305.0,0,PositionReport,71.0,VIVIEN A,Cargo,8
18595,2026-06-09 08:04:08.287748+00:00,20260609_073132,271053982,36.36745666666666,27.69657833333333,10.5,248.8,249.0,0,PositionReport,89.0,CHEM NANA,Tanker,8
18606,2026-06-09 08:04:12.374720+00:00,20260609_073132,271002446,37.02489,27.43800666666667,0.1,0.0,511.0,8,PositionReport,60.0,AKCAKOCA,Passenger,8
18610,2026-06-09 08:04:13.373532+00:00,20260609_073132,271050193,36.56881,28.54733333333333,10.7,102.1,103.0,0,PositionReport,80.0,CHEM LEADER,Tanker,8
18614,2026-06-09 08:04:15.189770+00:00,20260609_073132,240192000,36.52614833333334,28.036245,14.9,116.9,294.0,0,PositionReport,69.0,PANAGIA SKIADENI,Passenger,8
18627,2026-06-09 08:04:18.517465+00:00,20260609_073132,538072342,36.57852166666667,28.200401666666668,8.6,256.4,258.0,0,PositionReport,36.0,ONE FORCE,Sailing Yacht,8
18629,2026-06-09 08:04:19.119574+00:00,20260609_073132,636020574,36.48520833333334,27.952033333333336,11.8,270.0,271.0,0,PositionReport,74.0,MSC CHARLOTTE,Cargo,8
18644,2026-06-09 08:04:22.583530+00:00,20260609_073132,636019612,36.559356666666666,27.661591666666666,11.1,289.0,288.0,0,PositionReport,70.0,CS CIHAN,Cargo,8
18664,2026-06-09 08:04:29.484471+00:00,20260609_073132,249010000,37.025015,27.438019999999998,0.0,120.9,63.0,5,PositionReport,60.0,AROYA,Passenger,8
18674,2026-06-09 08:04:31.031837+00:00,20260609_073132,249717000,37.032363333333336,27.916636666666665,0.0,360.0,511.0,4,PositionReport,,,Unknown,8
18702,2026-06-09 08:04:39.901119+00:00,20260609_073132,210719000,36.53321666666667,27.01125,14.7,124.9,123.0,0,PositionReport,70.0,PATRIS,Cargo,8
18705,2026-06-09 08:04:41.189908+00:00,20260609_073132,210096000,36.498083333333334,27.62236,11.5,93.9,94.0,0,PositionReport,89.0,ENERGEIA,Tanker,8
18734,2026-06-09 08:04:48.242098+00:00,20260609_073132,511101443,37.025391666666664,27.421748333333333,12.6,190.2,511.0,9,PositionReport,60.0,SEA STAR KOS,Passenger,8
18764,2026-06-09 08:04:57.839518+00:00,20260609_073132,511101443,37.024813333333334,27.421618333333335,12.7,190.5,511.0,9,PositionReport,60.0,SEA STAR KOS,Passenger,8
18782,2026-06-09 08:05:04.294154+00:00,20260609_073132,241677000,36.61750833333333,27.838995,0.0,288.3,511.0,0,PositionReport,60.0,SIMI II,Passenger,8
18787,2026-06-09 08:05:05.177460+00:00,20260609_073132,271046339,37.032493333333335,27.427991666666667,0.1,360.0,309.0,0,PositionReport,37.0,QUEEN OF SALMAKIS,Pleasure Craft,8
18789,2026-06-09 08:05:05.517055+00:00,20260609_073132,620999919,36.47590666666667,27.86685333333333,6.8,94.7,91.0,0,PositionReport,70.0,BOLD,Cargo,8
18819,2026-06-09 08:05:13.172198+00:00,20260609_073132,271001044,37.02305666666667,27.425025,7.0,212.0,511.0,0,PositionReport,37.0,BLACK SEA,Pleasure Craft,8
18820,2026-06-09 08:05:13.592805+00:00,20260609_073132,271043588,37.028861666666664,27.437545,0.0,197.2,511.0,1,PositionReport,0.0,LOVE BOAT,Unknown,8
18828,2026-06-09 08:05:16.044596+00:00,20260609_073132,538072206,36.76920666666667,28.127536666666668,0.0,360.0,162.0,0,PositionReport,,,Unknown,8
18845,2026-06-09 08:05:19.907742+00:00,20260609_073132,538072342,36.57797666666667,28.19747166666667,8.6,256.0,258.0,0,PositionReport,36.0,ONE FORCE,Sailing Yacht,8
18851,2026-06-09 08:05:21.055152+00:00,20260609_073132,356157000,36.56755333333333,26.635983333333336,11.6,138.4,138.0,0,PositionReport,70.0,HERO,Cargo,8
18860,2026-06-09 08:05:22.418490+00:00,20260609_073132,636019612,36.560345,27.657946666666664,11.1,288.6,289.0,0,PositionReport,70.0,CS CIHAN,Cargo,8
18863,2026-06-09 08:05:23.163035+00:00,20260609_073132,248704000,36.584285,27.864843333333333,0.0,110.3,169.0,1,PositionReport,37.0,OPTASIA,Pleasure Craft,8
18884,2026-06-09 08:05:29.048102+00:00,20260609_073132,240198900,36.524528333333336,28.088433333333334,17.6,291.2,511.0,0,PositionReport,60.0,SEBECO II,Passenger,8
18895,2026-06-09 08:05:32.035590+00:00,20260609_073132,240344000,36.549080000000004,27.845165,0.0,360.0,511.0,0,PositionReport,60.0,NIKOLAOS H,Passenger,8
18900,2026-06-09 08:05:33.250316+00:00,20260609_073132,271050193,36.56795666666667,28.55219,10.7,102.2,103.0,0,PositionReport,80.0,CHEM LEADER,Tanker,8
18904,2026-06-09 08:05:35.465926+00:00,20260609_073132,620999919,36.475845,27.868055000000002,7.0,92.3,90.0,0,PositionReport,70.0,BOLD,Cargo,8
18921,2026-06-09 08:05:39.173521+00:00,20260609_073132,630001184,36.445161666666664,28.231928333333332,0.0,31.9,511.0,0,PositionReport,60.0,SEA STAR MYKONOS,Passenger,8
18925,2026-06-09 08:05:40.582915+00:00,20260609_073132,210719000,36.53081666666667,27.015483333333336,14.7,125.0,123.0,0,PositionReport,70.0,PATRIS,Cargo,8
18932,2026-06-09 08:05:42.229942+00:00,20260609_073132,210096000,36.49786833333334,27.62635,11.5,93.7,94.0,0,PositionReport,89.0,ENERGEIA,Tanker,8
18943,2026-06-09 08:05:45.761203+00:00,20260609_073132,461000204,37.009969999999996,27.441375,10.9,238.7,238.0,5,PositionReport,37.0,WARDA,Pleasure Craft,8
18960,2026-06-09 08:05:50.723672+00:00,20260609_073132,271044344,37.0321,27.427803333333333,0.0,169.0,302.0,5,PositionReport,51.0,KIYEM 6,SAR,8
18969,2026-06-09 08:05:53.538950+00:00,20260609_073132,668116439,36.50844333333334,28.16535,10.3,260.6,262.0,0,PositionReport,70.0,MANOLIS,Cargo,8
18972,2026-06-09 08:05:54.258823+00:00,20260609_073132,368188000,37.02578166666667,27.427844999999998,0.0,245.1,225.0,1,PositionReport,37.0,SERENITY,Pleasure Craft,8
18983,2026-06-09 08:05:56.917580+00:00,20260609_073132,232057452,37.034515000000006,27.424735,0.0,360.0,511.0,5,PositionReport,98.0,THUNDERBIRD B,Other,8
18989,2026-06-09 08:05:57.865847+00:00,20260609_073132,511101443,37.021438333333336,27.420555,12.4,199.6,511.0,9,PositionReport,60.0,SEA STAR KOS,Passenger,8
18994,2026-06-09 08:05:58.725868+00:00,20260609_073132,1193046,37.03301166666667,27.428818333333332,0.0,0.0,511.0,7,PositionReport,50.0,NAUTICAST,Pilot,8
18998,2026-06-09 08:06:00.277032+00:00,20260609_073132,237352400,36.47701333333334,27.492246666666666,15.1,56.3,511.0,0,PositionReport,60.0,STAVROS,Passenger,8
19033,2026-06-09 08:06:12.059908+00:00,20260609_073132,668116439,36.50827666666667,28.164226666666664,10.5,259.4,262.0,0,PositionReport,70.0,MANOLIS,Cargo,8
19037,2026-06-09 08:06:12.519711+00:00,20260609_073132,271002446,37.02480166666667,27.43808,0.1,0.0,511.0,8,PositionReport,60.0,AKCAKOCA,Passenger,8
19040,2026-06-09 08:06:13.124838+00:00,20260609_073132,271001044,37.02138,27.42369,7.2,212.0,511.0,0,PositionReport,37.0,BLACK SEA,Pleasure Craft,8
19041,2026-06-09 08:06:13.256927+00:00,20260609_073132,271045885,37.015685,27.440088333333332,0.4,114.4,511.0,1,PositionReport,67.0,ARIELA,Passenger,8
19048,2026-06-09 08:06:17.938239+00:00,20260609_073132,271053982,36.36516833333334,27.689153333333334,10.5,249.1,250.0,0,PositionReport,89.0,CHEM NANA,Tanker,8
19063,2026-06-09 08:06:21.942972+00:00,20260609_073132,240344000,36.549075,27.845166666666668,0.1,360.0,511.0,0,PositionReport,60.0,NIKOLAOS H,Passenger,8
19096,2026-06-09 08:06:31.057217+00:00,20260609_073132,239737000,36.44605,28.2383,0.0,115.3,0.0,5,PositionReport,60.0,BLUE STAR 2,Passenger,8
19103,2026-06-09 08:06:33.394897+00:00,20260609_073132,240109700,36.57219166666666,27.954768333333334,18.9,140.1,511.0,0,PositionReport,60.0,SEBECO,Passenger,8
19114,2026-06-09 08:06:38.051346+00:00,20260609_073132,271052907,37.01235333333333,27.43748,0.0,360.0,511.0,1,PositionReport,36.0,MEIRA,Sailing Yacht,8
19122,2026-06-09 08:06:40.299150+00:00,20260609_073132,248548000,36.663826666666665,28.041069999999998,0.0,360.0,15.0,1,PositionReport,36.0,ROXANE,Sailing Yacht,8
19160,2026-06-09 08:06:52.585408+00:00,20260609_073132,210719000,36.527966666666664,27.020483333333335,14.8,124.8,123.0,0,PositionReport,70.0,PATRIS,Cargo,8
19168,2026-06-09 08:06:54.308916+00:00,20260609_073132,518998609,36.568315,28.869298333333333,12.0,212.5,215.0,0,PositionReport,37.0,ENIGMA,Pleasure Craft,8
19177,2026-06-09 08:06:58.630492+00:00,20260609_073132,1193046,37.03301166666667,27.428818333333332,0.0,0.0,511.0,7,PositionReport,50.0,NAUTICAST,Pilot,8
19205,2026-06-09 08:07:05.715086+00:00,20260609_073132,237352400,36.47970333333333,27.496896666666665,15.1,54.5,511.0,0,PositionReport,60.0,STAVROS,Passenger,8
19214,2026-06-09 08:07:07.861274+00:00,20260609_073132,241591000,36.301966666666665,27.79530833333333,19.5,47.3,47.0,0,PositionReport,,,Unknown,8
19229,2026-06-09 08:07:12.844713+00:00,20260609_073132,271043931,36.547630000000005,27.79741,9.0,72.1,511.0,0,PositionReport,36.0,KAPTAN MEHMET BUGRA,Sailing Yacht,8
19231,2026-06-09 08:07:13.352576+00:00,20260609_073132,319039900,36.450966666666666,28.226803333333333,0.0,313.3,280.0,5,PositionReport,37.0,MEGAN,Pleasure Craft,8
19251,2026-06-09 08:07:19.855766+00:00,20260609_073132,538072342,36.5769,28.191668333333332,8.7,257.8,258.0,0,PositionReport,36.0,ONE FORCE,Sailing Yacht,8
19252,2026-06-09 08:07:20.046668+00:00,20260609_073132,356792000,36.26206666666667,27.232755,8.6,328.0,327.0,0,PositionReport,70.0,LIDER HALIL,Cargo,8
19259,2026-06-09 08:07:20.964610+00:00,20260609_073132,356157000,36.562795,26.641225000000002,11.5,138.0,138.0,0,PositionReport,70.0,HERO,Cargo,8
19266,2026-06-09 08:07:23.100317+00:00,20260609_073132,209874000,36.44687166666667,28.249415,0.0,52.4,52.0,1,PositionReport,70.0,THANOS,Cargo,8
19270,2026-06-09 08:07:23.915693+00:00,20260609_073132,271050193,36.56679666666666,28.558866666666667,10.7,102.2,102.0,0,PositionReport,80.0,CHEM LEADER,Tanker,8
19279,2026-06-09 08:07:25.388058+00:00,20260609_073132,271046339,37.032469999999996,27.428048333333333,0.1,360.0,308.0,0,PositionReport,37.0,QUEEN OF SALMAKIS,Pleasure Craft,8
19287,2026-06-09 08:07:28.007368+00:00,20260609_073132,249010000,37.025015,27.438019999999998,0.0,177.6,63.0,5,PositionReport,60.0,AROYA,Passenger,8
19319,2026-06-09 08:07:33.349059+00:00,20260609_073132,240344000,36.54906833333334,27.845171666666666,0.0,360.0,511.0,0,PositionReport,60.0,NIKOLAOS H,Passenger,8
19349,2026-06-09 08:07:41.246479+00:00,20260609_073132,240198900,36.52816,28.07597666666667,17.1,289.0,511.0,0,PositionReport,60.0,SEBECO II,Passenger,8
19352,2026-06-09 08:07:41.754259+00:00,20260609_073132,271043459,36.826186666666665,28.557255,0.0,117.6,511.0,15,PositionReport,0.0,ADMIRAL,Unknown,8
19354,2026-06-09 08:07:42.366444+00:00,20260609_073132,210096000,36.49742333333334,27.634304999999998,11.5,94.6,94.0,0,PositionReport,89.0,ENERGEIA,Tanker,8
19356,2026-06-09 08:07:42.475925+00:00,20260609_073132,538011838,36.647281666666665,27.13553166666667,0.0,133.8,351.0,1,PositionReport,70.0,IRIS I,Cargo,8
19357,2026-06-09 08:07:42.865232+00:00,20260609_073132,240078400,37.029135,27.423448333333333,8.5,6.8,511.0,0,PositionReport,37.0,APOLLON II,Pleasure Craft,8
19385,2026-06-09 08:07:50.949994+00:00,20260609_073132,249717000,37.032360000000004,27.916641666666667,0.0,360.0,511.0,4,PositionReport,,,Unknown,8
19401,2026-06-09 08:07:56.889712+00:00,20260609_073132,461000204,37.00668333333333,27.434028333333334,11.1,240.4,238.0,5,PositionReport,37.0,WARDA,Pleasure Craft,8
19404,2026-06-09 08:07:57.285543+00:00,20260609_073132,319254600,36.681286666666665,27.382081666666668,0.3,47.1,123.0,0,PositionReport,37.0,HERCULES,Pleasure Craft,8
19409,2026-06-09 08:07:59.576129+00:00,20260609_073132,271053982,36.36336166666667,27.68339,10.5,249.1,250.0,0,PositionReport,89.0,CHEM NANA,Tanker,8
19414,2026-06-09 08:08:00.159432+00:00,20260609_073132,511101443,37.01005833333333,27.413315,27.8,217.1,511.0,9,PositionReport,60.0,SEA STAR KOS,Passenger,8
19441,2026-06-09 08:08:05.248733+00:00,20260609_073132,518998609,36.56502666666667,28.86665833333333,11.7,216.1,219.0,0,PositionReport,37.0,ENIGMA,Pleasure Craft,8
19445,2026-06-09 08:08:05.624988+00:00,20260609_073132,271005006,36.84899333333333,28.28094666666667,0.0,353.9,511.0,5,PositionReport,69.0,MARMARIS EXPRESS,Passenger,8
19448,2026-06-09 08:08:06.161132+00:00,20260609_073132,237352400,36.481935,27.501326666666667,15.0,61.1,511.0,0,PositionReport,60.0,STAVROS,Passenger,8
19458,2026-06-09 08:08:08.669037+00:00,20260609_073132,1193046,37.03301166666667,27.428818333333332,0.0,0.0,511.0,7,PositionReport,50.0,NAUTICAST,Pilot,8
19485,2026-06-09 08:08:19.779905+00:00,20260609_073132,538072342,36.576348333333335,28.188758333333332,8.7,256.1,258.0,0,PositionReport,36.0,ONE FORCE,Sailing Yacht,8
19490,2026-06-09 08:08:22.378457+00:00,20260609_073132,636019612,36.56344166666667,27.647015,11.1,289.2,288.0,0,PositionReport,70.0,CS CIHAN,Cargo,8
19493,2026-06-09 08:08:23.101133+00:00,20260609_073132,668116439,36.50705666666667,28.15646333333333,10.5,260.2,263.0,0,PositionReport,70.0,MANOLIS,Cargo,8
19522,2026-06-09 08:08:32.289206+00:00,20260609_073132,620999919,36.475503333333336,27.874991666666666,6.9,92.7,91.0,0,PositionReport,70.0,BOLD,Cargo,8
19525,2026-06-09 08:08:33.301023+00:00,20260609_073132,240344000,36.54905833333333,27.845174999999998,0.0,360.0,511.0,0,PositionReport,60.0,NIKOLAOS H,Passenger,8
19533,2026-06-09 08:08:36.077270+00:00,20260609_073132,461000204,37.005649999999996,27.431874999999998,11.1,238.4,239.0,5,PositionReport,37.0,WARDA,Pleasure Craft,8
19541,2026-06-09 08:08:39.259178+00:00,20260609_073132,271044486,36.81819666666667,28.312003333333333,0.0,281.5,8.0,1,PositionReport,37.0,LA PASSION,Pleasure Craft,8
19542,2026-06-09 08:08:39.301647+00:00,20260609_073132,630001184,36.445161666666664,28.231945,0.0,31.9,511.0,0,PositionReport,60.0,SEA STAR MYKONOS,Passenger,8
19548,2026-06-09 08:08:40.417720+00:00,20260609_073132,210719000,36.524033333333335,27.028233333333333,14.7,118.2,117.0,0,PositionReport,70.0,PATRIS,Cargo,8
19564,2026-06-09 08:08:45.560975+00:00,20260609_073132,240109700,36.56310666666666,27.963651666666667,18.8,146.2,511.0,0,PositionReport,60.0,SEBECO,Passenger,8
19571,2026-06-09 08:08:47.362851+00:00,20260609_073132,240198900,36.530096666666665,28.06978666666667,17.7,290.8,511.0,0,PositionReport,60.0,SEBECO II,Passenger,8
19573,2026-06-09 08:08:47.945270+00:00,20260609_073132,368188000,37.02588166666667,27.427636666666668,0.2,272.6,232.0,1,PositionReport,37.0,SERENITY,Pleasure Craft,8
19581,2026-06-09 08:08:50.864000+00:00,20260609_073132,249717000,37.032358333333335,27.91665833333333,0.0,360.0,511.0,4,PositionReport,,,Unknown,8
19584,2026-06-09 08:08:52.293442+00:00,20260609_073132,356157000,36.559105,26.645263333333332,11.5,138.7,138.0,0,PositionReport,70.0,HERO,Cargo,8
19585,2026-06-09 08:08:52.327854+00:00,20260609_073132,271002446,37.02477833333333,27.438103333333334,0.0,0.0,511.0,8,PositionReport,60.0,AKCAKOCA,Passenger,8
19589,2026-06-09 08:08:52.924855+00:00,20260609_073132,240078400,37.031423333333336,27.424078333333334,6.5,34.8,511.0,0,PositionReport,37.0,APOLLON II,Pleasure Craft,8
19590,2026-06-09 08:08:53.082048+00:00,20260609_073132,241677000,36.617513333333335,27.839011666666668,0.0,288.3,511.0,0,PositionReport,60.0,SIMI II,Passenger,8
19615,2026-06-09 08:08:59.614205+00:00,20260609_073132,271053982,36.36235666666666,27.680028333333333,10.5,250.1,250.0,0,PositionReport,89.0,CHEM NANA,Tanker,8
19638,2026-06-09 08:09:04.127254+00:00,20260609_073132,210719000,36.52325,27.030033333333332,14.7,118.3,117.0,0,PositionReport,70.0,PATRIS,Cargo,8
19639,2026-06-09 08:09:04.439248+00:00,20260609_073132,271040635,36.697246666666665,26.528596666666665,9.4,304.2,306.0,0,PositionReport,71.0,VIVIEN A,Cargo,8
19649,2026-06-09 08:09:08.681994+00:00,20260609_073132,1193046,37.03301166666667,27.428818333333332,0.0,0.0,511.0,7,PositionReport,50.0,NAUTICAST,Pilot,8
19652,2026-06-09 08:09:09.047212+00:00,20260609_073132,271053982,36.362179999999995,27.679468333333332,10.5,249.6,249.0,0,PositionReport,89.0,CHEM NANA,Tanker,8
19666,2026-06-09 08:09:12.903864+00:00,20260609_073132,271043931,36.549135,27.803328333333333,9.1,70.9,511.0,0,PositionReport,36.0,KAPTAN MEHMET BUGRA,Sailing Yacht,8
19667,2026-06-09 08:09:12.920385+00:00,20260609_073132,271001044,37.016295,27.41984,7.2,215.0,511.0,0,PositionReport,37.0,BLACK SEA,Pleasure Craft,8
19721,2026-06-09 08:09:29.150146+00:00,20260609_073132,538072342,36.57571333333333,28.185401666666667,8.7,256.0,258.0,0,PositionReport,36.0,ONE FORCE,Sailing Yacht,8
19743,2026-06-09 08:09:33.341211+00:00,20260609_073132,240344000,36.54906666666667,27.845156666666664,0.0,360.0,511.0,0,PositionReport,60.0,NIKOLAOS H,Passenger,8
19757,2026-06-09 08:09:38.031569+00:00,20260609_073132,271052907,37.01236666666667,27.437451666666668,0.0,360.0,511.0,1,PositionReport,36.0,MEIRA,Sailing Yacht,8
19762,2026-06-09 08:09:39.227105+00:00,20260609_073132,636020574,36.48545333333333,27.930183333333332,11.8,270.1,271.0,0,PositionReport,74.0,MSC CHARLOTTE,Cargo,8
19765,2026-06-09 08:09:39.648028+00:00,20260609_073132,248548000,36.66382333333333,28.04105333333333,0.0,360.0,21.0,1,PositionReport,36.0,ROXANE,Sailing Yacht,8
19781,2026-06-09 08:09:43.651345+00:00,20260609_073132,538072206,36.76921333333333,28.127560000000003,0.0,360.0,162.0,0,PositionReport,,,Unknown,8
19792,2026-06-09 08:09:46.798881+00:00,20260609_073132,240198900,36.531690000000005,28.064188333333334,17.5,290.7,511.0,0,PositionReport,60.0,SEBECO II,Passenger,8
19810,2026-06-09 08:09:52.934255+00:00,20260609_073132,240078400,37.032178333333334,27.425718333333336,5.5,47.2,511.0,0,PositionReport,37.0,APOLLON II,Pleasure Craft,8
19821,2026-06-09 08:09:56.816971+00:00,20260609_073132,461000204,37.003416666666666,27.427478333333333,10.9,237.5,238.0,0,PositionReport,37.0,WARDA,Pleasure Craft,8
19828,2026-06-09 08:09:57.588955+00:00,20260609_073132,240109700,36.557919999999996,27.968005,18.7,141.9,511.0,0,PositionReport,60.0,SEBECO,Passenger,8
19850,2026-06-09 08:10:04.293896+00:00,20260609_073132,518998972,37.033651666666664,27.425448333333335,0.0,0.0,511.0,5,PositionReport,37.0,ELSEA,Pleasure Craft,8
19852,2026-06-09 08:10:04.500840+00:00,20260609_073132,271040635,36.69872,26.525879999999997,9.4,304.5,306.0,0,PositionReport,71.0,VIVIEN A,Cargo,8
19854,2026-06-09 08:10:04.577110+00:00,20260609_073132,511101610,36.81962166666666,28.30037,0.0,0.0,511.0,1,PositionReport,,,Unknown,8
19861,2026-06-09 08:10:05.986630+00:00,20260609_073132,237352400,36.48636333333333,27.510143333333335,15.1,54.3,511.0,0,PositionReport,60.0,STAVROS,Passenger,8
19867,2026-06-09 08:10:08.000936+00:00,20260609_073132,319254600,36.681441666666665,27.382236666666664,0.2,356.7,138.0,0,PositionReport,37.0,HERCULES,Pleasure Craft,8
19871,2026-06-09 08:10:09.497656+00:00,20260609_073132,1193046,37.03301166666667,27.428818333333332,0.0,0.0,511.0,7,PositionReport,50.0,NAUTICAST,Pilot,8
19909,2026-06-09 08:10:22.239033+00:00,20260609_073132,636019612,36.56547333333333,27.639751666666665,11.1,289.3,288.0,0,PositionReport,70.0,CS CIHAN,Cargo,8
19920,2026-06-09 08:10:25.451554+00:00,20260609_073132,271046339,37.032466666666664,27.428028333333334,0.0,360.0,308.0,0,PositionReport,37.0,QUEEN OF SALMAKIS,Pleasure Craft,8
19924,2026-06-09 08:10:26.035095+00:00,20260609_073132,511101883,36.498055,26.7211,12.0,138.6,135.0,0,PositionReport,80.0,MONILE,Tanker,8
19925,2026-06-09 08:10:26.256807+00:00,20260609_073132,511101443,36.99591,27.39828,27.4,220.1,511.0,9,PositionReport,60.0,SEA STAR KOS,Passenger,8
19950,2026-06-09 08:10:33.307657+00:00,20260609_073132,240344000,36.54906166666667,27.845165,0.1,360.0,511.0,0,PositionReport,60.0,NIKOLAOS H,Passenger,8
19963,2026-06-09 08:10:38.380726+00:00,20260609_073132,319254600,36.68152333333333,27.382175,0.6,329.2,152.0,0,PositionReport,37.0,HERCULES,Pleasure Craft,8
19966,2026-06-09 08:10:39.315430+00:00,20260609_073132,232056776,36.61464,27.140841666666667,5.0,30.5,22.0,5,PositionReport,37.0,AIM,Pleasure Craft,8
19969,2026-06-09 08:10:39.627704+00:00,20260609_073132,356792000,36.26891666666667,27.227476666666668,8.6,328.2,327.0,0,PositionReport,70.0,LIDER HALIL,Cargo,8
19977,2026-06-09 08:10:41.473461+00:00,20260609_073132,249717000,37.03236666666667,27.916651666666667,0.0,360.0,511.0,4,PositionReport,,,Unknown,8
19978,2026-06-09 08:10:42.074578+00:00,20260609_073132,210096000,36.49671333333333,27.646218333333334,11.5,92.9,94.0,0,PositionReport,89.0,ENERGEIA,Tanker,8
19983,2026-06-09 08:10:43.123874+00:00,20260609_073132,271001044,37.013823333333335,27.41764166666667,7.4,220.0,511.0,0,PositionReport,37.0,BLACK SEA,Pleasure Craft,8
19998,2026-06-09 08:10:46.875950+00:00,20260609_073132,240198900,36.533121666666666,28.05839,17.9,287.3,511.0,0,PositionReport,60.0,SEBECO II,Passenger,8
20007,2026-06-09 08:10:49.511239+00:00,20260609_073132,538072342,36.57496166666667,28.181441666666668,8.7,256.9,258.0,0,PositionReport,36.0,ONE FORCE,Sailing Yacht,8
20029,2026-06-09 08:10:56.722572+00:00,20260609_073132,461000204,37.00182333333333,27.424238333333335,10.8,240.3,238.0,0,PositionReport,37.0,WARDA,Pleasure Craft,8
20035,2026-06-09 08:10:57.505063+00:00,20260609_073132,240109700,36.553734999999996,27.97198,18.9,143.1,511.0,0,PositionReport,60.0,SEBECO,Passenger,8
20040,2026-06-09 08:10:59.198116+00:00,20260609_073132,636020574,36.485515,27.924668333333333,11.8,270.0,271.0,0,PositionReport,74.0,MSC CHARLOTTE,Cargo,8
20045,2026-06-09 08:10:59.582224+00:00,20260609_073132,271053982,36.360306666666666,27.673288333333335,10.5,249.4,250.0,0,PositionReport,89.0,CHEM NANA,Tanker,8
20051,2026-06-09 08:11:01.005188+00:00,20260609_073132,356792000,36.269635,27.226923333333332,8.6,328.2,327.0,0,PositionReport,70.0,LIDER HALIL,Cargo,8
20054,2026-06-09 08:11:01.788646+00:00,20260609_073132,271002446,37.02485,27.43804833333333,0.1,0.0,511.0,8,PositionReport,60.0,AKCAKOCA,Passenger,8
20065,2026-06-09 08:11:04.433335+00:00,20260609_073132,271040635,36.70021666666666,26.52319333333333,9.4,304.3,306.0,0,PositionReport,71.0,VIVIEN A,Cargo,8
20084,2026-06-09 08:11:11.597605+00:00,20260609_073132,241886000,36.407709999999994,28.234175,0.0,139.2,35.0,3,PositionReport,52.0,CAPTAIN DIMITRIS V,Tug,8
20106,2026-06-09 08:11:16.426329+00:00,20260609_073132,271043588,37.028855,27.43755666666667,0.0,220.0,511.0,1,PositionReport,0.0,LOVE BOAT,Unknown,8
20108,2026-06-09 08:11:17.310599+00:00,20260609_073132,1193046,37.03301166666667,27.428818333333332,0.0,0.0,511.0,7,PositionReport,50.0,NAUTICAST,Pilot,8
20122,2026-06-09 08:11:20.372583+00:00,20260609_073132,461000204,37.001236666666664,27.423009999999998,10.6,236.7,231.0,0,PositionReport,37.0,WARDA,Pleasure Craft,8
20126,2026-06-09 08:11:22.351062+00:00,20260609_073132,636019612,36.56648499999999,27.636111666666668,11.1,288.8,289.0,0,PositionReport,70.0,CS CIHAN,Cargo,8
20131,2026-06-09 08:11:23.463655+00:00,20260609_073132,668116439,36.505430000000004,28.145789999999998,10.3,261.2,266.0,0,PositionReport,70.0,MANOLIS,Cargo,8
20150,2026-06-09 08:11:29.131598+00:00,20260609_073132,538072342,36.574600000000004,28.17955166666667,8.6,256.3,258.0,0,PositionReport,36.0,ONE FORCE,Sailing Yacht,8
20160,2026-06-09 08:11:32.322749+00:00,20260609_073132,511101443,36.989551666666664,27.39136166666667,27.7,222.4,511.0,9,PositionReport,60.0,SEA STAR KOS,Passenger,8
20181,2026-06-09 08:11:38.503470+00:00,20260609_073132,241677000,36.617525,27.838993333333335,0.0,288.3,511.0,0,PositionReport,60.0,SIMI II,Passenger,8
20195,2026-06-09 08:11:42.080830+00:00,20260609_073132,210096000,36.49650666666666,27.650178333333333,11.5,92.9,94.0,0,PositionReport,89.0,ENERGEIA,Tanker,8
20212,2026-06-09 08:11:48.763114+00:00,20260609_073132,355991000,36.74601666666667,26.68540833333333,12.2,357.8,354.0,0,PositionReport,70.0,FREESIA,Cargo,8
20215,2026-06-09 08:11:49.174324+00:00,20260609_073132,630001184,36.44516,28.23193,0.0,31.9,511.0,0,PositionReport,60.0,SEA STAR MYKONOS,Passenger,8
20221,2026-06-09 08:11:50.638193+00:00,20260609_073132,249717000,37.03236666666667,27.916655,0.0,360.0,511.0,4,PositionReport,,,Unknown,8
20241,2026-06-09 08:11:57.239946+00:00,20260609_073132,461000204,37.000083333333336,27.42134666666667,10.2,219.8,215.0,0,PositionReport,37.0,WARDA,Pleasure Craft,8
20251,2026-06-09 08:11:59.110650+00:00,20260609_073132,636020574,36.48553166666667,27.920626666666667,11.8,270.0,271.0,0,PositionReport,74.0,MSC CHARLOTTE,Cargo,8
20257,2026-06-09 08:11:59.944733+00:00,20260609_073132,352003824,37.01128333333334,27.389644999999998,0.0,360.0,107.0,5,PositionReport,37.0,SEVEN,Pleasure Craft,8
20294,2026-06-09 08:12:13.047779+00:00,20260609_073132,271001044,37.012168333333335,27.41457666666667,7.3,254.0,511.0,0,PositionReport,37.0,BLACK SEA,Pleasure Craft,8
20308,2026-06-09 08:12:18.367778+00:00,20260609_073132,237352400,36.49115833333334,27.519931666666665,15.1,56.1,511.0,0,PositionReport,60.0,STAVROS,Passenger,8
20313,2026-06-09 08:12:21.002489+00:00,20260609_073132,210096000,36.496355,27.65275666666667,11.5,94.3,94.0,0,PositionReport,89.0,ENERGEIA,Tanker,8
20317,2026-06-09 08:12:22.144083+00:00,20260609_073132,636019612,36.5675,27.632471666666667,11.1,288.9,289.0,0,PositionReport,70.0,CS CIHAN,Cargo,8
20322,2026-06-09 08:12:23.437124+00:00,20260609_073132,668116439,36.505030000000005,28.142216666666666,10.3,263.2,268.0,0,PositionReport,70.0,MANOLIS,Cargo,8
20329,2026-06-09 08:12:24.820137+00:00,20260609_073132,271040635,36.70221333333333,26.519605000000002,9.4,304.4,305.0,0,PositionReport,71.0,VIVIEN A,Cargo,8
20333,2026-06-09 08:12:25.302173+00:00,20260609_073132,271046339,37.032469999999996,27.428031666666666,0.1,360.0,308.0,0,PositionReport,37.0,QUEEN OF SALMAKIS,Pleasure Craft,8
20349,2026-06-09 08:12:27.930301+00:00,20260609_073132,210719000,36.518,27.04596666666667,14.8,108.0,105.0,0,PositionReport,70.0,PATRIS,Cargo,8
20356,2026-06-09 08:12:29.503300+00:00,20260609_073132,538072342,36.574038333333334,28.176595000000002,8.5,256.1,258.0,0,PositionReport,36.0,ONE FORCE,Sailing Yacht,8
20370,2026-06-09 08:12:32.324972+00:00,20260609_073132,511101443,36.98418166666667,27.384673333333335,27.6,219.9,511.0,9,PositionReport,60.0,SEA STAR KOS,Passenger,8
20389,2026-06-09 08:12:38.503062+00:00,20260609_073132,271052907,37.01238,27.437451666666668,0.1,360.0,511.0,1,PositionReport,36.0,MEIRA,Sailing Yacht,8
20390,2026-06-09 08:12:38.503127+00:00,20260609_073132,319254600,36.68174333333333,27.38194,0.4,287.3,225.0,0,PositionReport,37.0,HERCULES,Pleasure Craft,8
20401,2026-06-09 08:12:41.576138+00:00,20260609_073132,620999919,36.47499833333333,27.88480333333333,6.7,94.5,90.0,0,PositionReport,70.0,BOLD,Cargo,8
20421,2026-06-09 08:12:49.625601+00:00,20260609_073132,356792000,36.273313333333334,27.224073333333333,8.6,327.7,327.0,0,PositionReport,70.0,LIDER HALIL,Cargo,8
20422,2026-06-09 08:12:50.072434+00:00,20260609_073132,241591000,36.32284333333334,27.823503333333335,19.6,46.9,46.0,0,PositionReport,,,Unknown,8
20442,2026-06-09 08:12:57.221589+00:00,20260609_073132,240109700,36.54770499999999,27.98235833333333,19.0,117.6,511.0,0,PositionReport,60.0,SEBECO,Passenger,8
20446,2026-06-09 08:12:57.989149+00:00,20260609_073132,630001184,36.44516333333333,28.231936666666666,0.0,31.9,511.0,0,PositionReport,60.0,SEA STAR MYKONOS,Passenger,8
20466,2026-06-09 08:13:02.222353+00:00,20260609_073132,518999195,36.81817,28.311041666666664,0.0,249.3,5.0,0,PositionReport,37.0,QUEST R,Pleasure Craft,8
20475,2026-06-09 08:13:04.237851+00:00,20260609_073132,518998972,37.033660000000005,27.425433333333334,0.0,0.0,511.0,5,PositionReport,37.0,ELSEA,Pleasure Craft,8
20496,2026-06-09 08:13:13.424899+00:00,20260609_073132,271043931,36.55198,27.815338333333333,9.2,78.3,511.0,0,PositionReport,36.0,KAPTAN MEHMET BUGRA,Sailing Yacht,8
20513,2026-06-09 08:13:18.458916+00:00,20260609_073132,237352400,36.49350666666667,27.524216666666668,15.0,57.9,511.0,0,PositionReport,60.0,STAVROS,Passenger,8
20514,2026-06-09 08:13:19.092405+00:00,20260609_073132,518998026,36.599046666666666,27.874064999999998,0.1,244.1,140.0,1,PositionReport,99.0,QUEEN MARE,Other,8
20522,2026-06-09 08:13:21.753244+00:00,20260609_073132,271001044,37.01184333333333,27.411676666666665,7.2,265.0,511.0,0,PositionReport,37.0,BLACK SEA,Pleasure Craft,8
20524,2026-06-09 08:13:22.147629+00:00,20260609_073132,636019612,36.56852666666667,27.628835,11.1,289.3,289.0,0,PositionReport,70.0,CS CIHAN,Cargo,8
20541,2026-06-09 08:13:26.596728+00:00,20260609_073132,209874000,36.4469,28.249523333333332,0.0,52.4,52.0,1,PositionReport,70.0,THANOS,Cargo,8
20551,2026-06-09 08:13:29.380158+00:00,20260609_073132,249010000,37.025015,27.438019999999998,0.0,232.8,63.0,5,PositionReport,60.0,AROYA,Passenger,8
20553,2026-06-09 08:13:29.431859+00:00,20260609_073132,538072342,36.573485,28.173696666666668,8.6,256.9,258.0,0,PositionReport,36.0,ONE FORCE,Sailing Yacht,8
20596,2026-06-09 08:13:39.526709+00:00,20260609_073132,240192000,36.50891333333333,28.080628333333333,15.3,116.2,294.0,0,PositionReport,69.0,PANAGIA SKIADENI,Passenger,8
20598,2026-06-09 08:13:39.775473+00:00,20260609_073132,325152200,37.014921666666666,27.45041666666667,0.0,168.6,263.0,5,PositionReport,37.0,PACIFIC PEARL,Pleasure Craft,8
20599,2026-06-09 08:13:40.176774+00:00,20260609_073132,538071660,37.013535000000005,27.45047,0.0,291.2,287.0,1,PositionReport,37.0,M/Y GOLDEN HORN,Pleasure Craft,8
20605,2026-06-09 08:13:41.731970+00:00,20260609_073132,620999919,36.47486833333333,27.887158333333332,6.6,94.0,90.0,0,PositionReport,70.0,BOLD,Cargo,8
20607,2026-06-09 08:13:42.114939+00:00,20260609_073132,210096000,36.496065,27.658121666666666,11.5,94.9,94.0,0,PositionReport,89.0,ENERGEIA,Tanker,8
20637,2026-06-09 08:13:52.300577+00:00,20260609_073132,271002446,37.024855,27.43805166666667,0.1,0.0,511.0,8,PositionReport,60.0,AKCAKOCA,Passenger,8
20638,2026-06-09 08:13:52.300660+00:00,20260609_073132,240078400,37.03223833333333,27.426783333333333,0.0,360.0,511.0,0,PositionReport,37.0,APOLLON II,Pleasure Craft,8
20646,2026-06-09 08:13:53.590192+00:00,20260609_073132,240344000,36.54906166666667,27.845178333333333,0.0,360.0,511.0,0,PositionReport,60.0,NIKOLAOS H,Passenger,8
20651,2026-06-09 08:13:55.542388+00:00,20260609_073132,241591000,36.326876666666664,27.828971666666668,19.6,48.4,48.0,0,PositionReport,,,Unknown,8
20657,2026-06-09 08:13:57.237413+00:00,20260609_073132,240109700,36.545575,27.988323333333334,18.5,109.6,511.0,0,PositionReport,60.0,SEBECO,Passenger,8
20658,2026-06-09 08:13:57.324391+00:00,20260609_073132,319177600,37.02413333333333,27.436916666666665,0.0,63.0,63.0,5,PositionReport,37.0,STARLUST,Pleasure Craft,8
20668,2026-06-09 08:13:59.130946+00:00,20260609_073132,240198900,36.538734999999996,28.040203333333334,17.7,290.9,511.0,0,PositionReport,60.0,SEBECO II,Passenger,8
20673,2026-06-09 08:13:59.662269+00:00,20260609_073132,355991000,36.75345333333333,26.68514,12.2,357.5,353.0,0,PositionReport,70.0,FREESIA,Cargo,8
20687,2026-06-09 08:14:03.437342+00:00,20260609_073132,240078400,37.03224,27.426783333333333,0.0,360.0,511.0,0,PositionReport,37.0,APOLLON II,Pleasure Craft,8
20699,2026-06-09 08:14:08.340029+00:00,20260609_073132,636020574,36.485594999999996,27.911830000000002,11.9,270.5,271.0,0,PositionReport,74.0,MSC CHARLOTTE,Cargo,8
20717,2026-06-09 08:14:13.314660+00:00,20260609_073132,271043931,36.55240166666667,27.818375,9.0,80.4,511.0,0,PositionReport,36.0,KAPTAN MEHMET BUGRA,Sailing Yacht,8
20724,2026-06-09 08:14:15.762245+00:00,20260609_073132,271043588,37.028855,27.437549999999998,0.0,224.1,511.0,1,PositionReport,0.0,LOVE BOAT,Unknown,8
20732,2026-06-09 08:14:18.481394+00:00,20260609_073132,237352400,36.495615,27.528736666666667,15.1,60.6,511.0,0,PositionReport,60.0,STAVROS,Passenger,8
20739,2026-06-09 08:14:21.704406+00:00,20260609_073132,248704000,36.584285,27.864843333333333,0.0,60.5,169.0,1,PositionReport,37.0,OPTASIA,Pleasure Craft,8
20753,2026-06-09 08:14:25.629479+00:00,20260609_073132,271044486,36.81819666666667,28.312,0.0,298.0,8.0,1,PositionReport,37.0,LA PASSION,Pleasure Craft,8
20762,2026-06-09 08:14:29.220071+00:00,20260609_073132,271053982,36.35669,27.661311666666666,10.5,250.0,249.0,0,PositionReport,89.0,CHEM NANA,Tanker,8
20799,2026-06-09 08:14:39.451023+00:00,20260609_073132,240192000,36.50705833333333,28.08538,15.3,116.0,293.0,0,PositionReport,69.0,PANAGIA SKIADENI,Passenger,8
20806,2026-06-09 08:14:40.586708+00:00,20260609_073132,210719000,36.51616666666666,27.057033333333333,14.7,94.8,92.0,0,PositionReport,70.0,PATRIS,Cargo,8
20808,2026-06-09 08:14:41.771085+00:00,20260609_073132,241886000,36.40768,28.23416,0.1,139.1,25.0,3,PositionReport,52.0,CAPTAIN DIMITRIS V,Tug,8
20855,2026-06-09 08:14:52.442418+00:00,20260609_073132,668116439,36.50434,28.133276666666667,10.3,263.5,267.0,0,PositionReport,70.0,MANOLIS,Cargo,8
20867,2026-06-09 08:14:56.021775+00:00,20260609_073132,511101443,36.97032166666667,27.369368333333334,27.9,222.5,511.0,9,PositionReport,60.0,SEA STAR KOS,Passenger,8
20868,2026-06-09 08:14:56.254769+00:00,20260609_073132,241591000,36.33045333333334,27.834061666666667,19.6,48.8,48.0,0,PositionReport,,,Unknown,8
20871,2026-06-09 08:14:57.184938+00:00,20260609_073132,240109700,36.54382833333333,27.99435833333333,18.0,107.9,511.0,0,PositionReport,60.0,SEBECO,Passenger,8
20907,2026-06-09 08:15:08.177925+00:00,20260609_073132,271005006,36.84900833333334,28.28092333333333,0.0,353.9,511.0,5,PositionReport,69.0,MARMARIS EXPRESS,Passenger,8
20910,2026-06-09 08:15:09.057779+00:00,20260609_073132,636020574,36.485618333333335,27.907706666666666,11.9,270.7,271.0,0,PositionReport,74.0,MSC CHARLOTTE,Cargo,8
20928,2026-06-09 08:15:13.410093+00:00,20260609_073132,271043931,36.552800000000005,27.821408333333334,8.9,81.8,511.0,0,PositionReport,36.0,KAPTAN MEHMET BUGRA,Sailing Yacht,8
20937,2026-06-09 08:15:17.777240+00:00,20260609_073132,1193046,37.03301166666667,27.428818333333332,0.0,0.0,511.0,7,PositionReport,50.0,NAUTICAST,Pilot,8
20939,2026-06-09 08:15:18.735791+00:00,20260609_073132,240277800,36.43570833333333,27.451438333333332,5.5,70.5,511.0,0,PositionReport,36.0,GEVA X,Sailing Yacht,8
20948,2026-06-09 08:15:21.914170+00:00,20260609_073132,271001044,37.011635,27.406571666666665,7.6,265.0,511.0,0,PositionReport,37.0,BLACK SEA,Pleasure Craft,8
20949,2026-06-09 08:15:22.309381+00:00,20260609_073132,636019612,36.570566666666664,27.62155166666667,11.2,288.9,288.0,0,PositionReport,70.0,CS CIHAN,Cargo,8
20957,2026-06-09 08:15:24.229465+00:00,20260609_073132,237352400,36.49793,27.533678333333334,15.0,59.1,511.0,0,PositionReport,60.0,STAVROS,Passenger,8
20975,2026-06-09 08:15:29.094335+00:00,20260609_073132,271053982,36.35568333333333,27.657885,10.5,249.9,250.0,0,PositionReport,89.0,CHEM NANA,Tanker,8
20976,2026-06-09 08:15:29.143256+00:00,20260609_073132,241677000,36.61753,27.838973333333335,0.0,288.3,511.0,0,PositionReport,60.0,SIMI II,Passenger,8
20995,2026-06-09 08:15:34.202546+00:00,20260609_073132,271040635,36.70719666666666,26.511446666666664,9.4,313.0,317.0,0,PositionReport,71.0,VIVIEN A,Cargo,8
21021,2026-06-09 08:15:39.757415+00:00,20260609_073132,538072206,36.7692,28.127546666666667,0.0,360.0,162.0,0,PositionReport,,,Unknown,8
21046,2026-06-09 08:15:46.043781+00:00,20260609_073132,255806347,36.679854999999996,26.873465,14.7,142.9,142.0,0,PositionReport,,,Unknown,8
21086,2026-06-09 08:15:57.433802+00:00,20260609_073132,319254600,36.681445000000004,27.381228333333336,0.4,250.4,207.0,0,PositionReport,37.0,HERCULES,Pleasure Craft,8
21108,2026-06-09 08:16:03.200788+00:00,20260609_073132,668116439,36.503973333333334,28.129023333333336,10.3,265.6,271.0,0,PositionReport,70.0,MANOLIS,Cargo,8
21109,2026-06-09 08:16:03.363617+00:00,20260609_073132,240078400,37.032235,27.426778333333335,0.0,360.0,511.0,0,PositionReport,37.0,APOLLON II,Pleasure Craft,8
21110,2026-06-09 08:16:03.536131+00:00,20260609_073132,240344000,36.54907,27.845206666666666,0.0,360.0,511.0,0,PositionReport,60.0,NIKOLAOS H,Passenger,8
21111,2026-06-09 08:16:03.889702+00:00,20260609_073132,518998972,37.03366333333334,27.42544333333333,0.0,0.0,511.0,5,PositionReport,37.0,ELSEA,Pleasure Craft,8
21125,2026-06-09 08:16:08.916772+00:00,20260609_073132,636020574,36.485665000000004,27.90356166666667,11.9,270.5,271.0,0,PositionReport,74.0,MSC CHARLOTTE,Cargo,8
21154,2026-06-09 08:16:17.532063+00:00,20260609_073132,1193046,37.03301166666667,27.428818333333332,0.0,0.0,511.0,7,PositionReport,50.0,NAUTICAST,Pilot,8
21157,2026-06-09 08:16:18.594263+00:00,20260609_073132,240277800,36.436191666666666,27.453178333333334,5.2,73.4,511.0,0,PositionReport,36.0,GEVA X,Sailing Yacht,8
21170,2026-06-09 08:16:21.884553+00:00,20260609_073132,271001044,37.01147666666667,27.403985,7.4,266.0,511.0,0,PositionReport,37.0,BLACK SEA,Pleasure Craft,8
21173,2026-06-09 08:16:23.703528+00:00,20260609_073132,271050193,36.56114166666667,28.591726666666666,10.8,102.1,103.0,0,PositionReport,80.0,CHEM LEADER,Tanker,8
21177,2026-06-09 08:16:24.465089+00:00,20260609_073132,237352400,36.500155,27.5381,15.1,57.0,511.0,0,PositionReport,60.0,STAVROS,Passenger,8
21196,2026-06-09 08:16:28.989812+00:00,20260609_073132,241677000,36.61751,27.838984999999997,0.0,288.3,511.0,0,PositionReport,60.0,SIMI II,Passenger,8
21198,2026-06-09 08:16:29.422540+00:00,20260609_073132,538072342,36.57179166666666,28.164994999999998,8.7,256.0,258.0,0,PositionReport,36.0,ONE FORCE,Sailing Yacht,8
21235,2026-06-09 08:16:39.719089+00:00,20260609_073132,355991000,36.762418333333336,26.683966666666667,12.1,353.7,349.0,0,PositionReport,70.0,FREESIA,Cargo,8
21243,2026-06-09 08:16:43.668143+00:00,20260609_073132,538011838,36.647325,27.135643333333334,0.0,133.8,339.0,1,PositionReport,70.0,IRIS I,Cargo,8
21269,2026-06-09 08:16:52.226787+00:00,20260609_073132,271002446,37.024755,27.438201666666664,0.1,0.0,511.0,8,PositionReport,60.0,AKCAKOCA,Passenger,8
21281,2026-06-09 08:16:57.316591+00:00,20260609_073132,240109700,36.53982166666666,28.00626833333333,18.7,111.5,511.0,0,PositionReport,60.0,SEBECO,Passenger,8
21285,2026-06-09 08:16:58.020246+00:00,20260609_073132,630001184,36.44515833333333,28.231941666666668,0.0,31.9,511.0,0,PositionReport,60.0,SEA STAR MYKONOS,Passenger,8
21288,2026-06-09 08:16:59.309842+00:00,20260609_073132,240198900,36.543705,28.023059999999997,17.7,292.0,511.0,0,PositionReport,60.0,SEBECO II,Passenger,8
21308,2026-06-09 08:17:03.184860+00:00,20260609_073132,668116439,36.50387333333333,28.125433333333334,10.3,269.7,273.0,0,PositionReport,70.0,MANOLIS,Cargo,8
21309,2026-06-09 08:17:03.614162+00:00,20260609_073132,240344000,36.54906833333334,27.845213333333334,0.0,360.0,511.0,0,PositionReport,60.0,NIKOLAOS H,Passenger,8
21315,2026-06-09 08:17:04.712804+00:00,20260609_073132,271046339,37.032469999999996,27.42802,0.0,360.0,309.0,0,PositionReport,37.0,QUEEN OF SALMAKIS,Pleasure Craft,8
21347,2026-06-09 08:17:14.688172+00:00,20260609_073132,271043588,37.028850000000006,27.437555,0.0,200.1,511.0,1,PositionReport,0.0,LOVE BOAT,Unknown,8
21351,2026-06-09 08:17:17.124521+00:00,20260609_073132,319254600,36.68141666666667,27.381035,0.4,262.4,210.0,0,PositionReport,37.0,HERCULES,Pleasure Craft,8
21368,2026-06-09 08:17:23.832046+00:00,20260609_073132,240198900,36.544464999999995,28.02070666666667,17.7,290.5,511.0,0,PositionReport,60.0,SEBECO II,Passenger,8
21372,2026-06-09 08:17:25.578743+00:00,20260609_073132,271046339,37.032466666666664,27.428011666666666,0.0,360.0,308.0,0,PositionReport,37.0,QUEEN OF SALMAKIS,Pleasure Craft,8
21384,2026-06-09 08:17:29.043401+00:00,20260609_073132,271053982,36.353635000000004,27.65095,10.5,250.3,250.0,0,PositionReport,89.0,CHEM NANA,Tanker,8
21396,2026-06-09 08:17:32.340023+00:00,20260609_073132,271043459,36.826170000000005,28.55718166666667,0.0,332.2,511.0,15,PositionReport,0.0,ADMIRAL,Unknown,8
21403,2026-06-09 08:17:33.984432+00:00,20260609_073132,271040635,36.711014999999996,26.506998333333335,9.4,318.1,320.0,0,PositionReport,71.0,VIVIEN A,Cargo,8
21443,2026-06-09 08:17:46.900530+00:00,20260609_073132,256003728,37.01569333333334,27.443031666666666,0.1,360.0,511.0,1,PositionReport,37.0,BUCKETLIST10,Pleasure Craft,8
21450,2026-06-09 08:17:48.393679+00:00,20260609_073132,355991000,36.766290000000005,26.683358333333334,12.0,350.9,346.0,0,PositionReport,70.0,FREESIA,Cargo,8
21451,2026-06-09 08:17:48.823710+00:00,20260609_073132,368188000,37.025848333333336,27.42769666666667,0.2,121.0,194.0,1,PositionReport,37.0,SERENITY,Pleasure Craft,8
21459,2026-06-09 08:17:52.272583+00:00,20260609_073132,271002446,37.02480166666667,27.438166666666667,0.0,0.0,511.0,8,PositionReport,60.0,AKCAKOCA,Passenger,8
21468,2026-06-09 08:17:54.851434+00:00,20260609_073132,232057452,37.03453666666667,27.424705,0.0,360.0,511.0,5,PositionReport,98.0,THUNDERBIRD B,Other,8
21470,2026-06-09 08:17:56.163388+00:00,20260609_073132,241591000,36.34118,27.849293333333332,19.6,48.8,48.0,0,PositionReport,,,Unknown,8
21483,2026-06-09 08:18:00.374893+00:00,20260609_073132,352003824,37.011280000000006,27.389644999999998,0.1,360.0,99.0,5,PositionReport,37.0,SEVEN,Pleasure Craft,8
21494,2026-06-09 08:18:02.941386+00:00,20260609_073132,240078400,37.03223833333333,27.426765,0.0,360.0,511.0,0,PositionReport,37.0,APOLLON II,Pleasure Craft,8
21508,2026-06-09 08:18:07.748413+00:00,20260609_073132,241591000,36.34184333333334,27.850216666666665,19.6,48.7,48.0,0,PositionReport,,,Unknown,8
21526,2026-06-09 08:18:11.869991+00:00,20260609_073132,271045885,37.015660000000004,27.440186666666666,0.4,132.4,511.0,1,PositionReport,67.0,ARIELA,Passenger,8
21532,2026-06-09 08:18:12.603972+00:00,20260609_073132,210096000,36.49509833333333,27.676125000000003,11.6,93.7,94.0,0,PositionReport,89.0,ENERGEIA,Tanker,8
21537,2026-06-09 08:18:15.609534+00:00,20260609_073132,255806347,36.67169333333333,26.881115,14.7,142.8,142.0,0,PositionReport,,,Unknown,8
21542,2026-06-09 08:18:17.644192+00:00,20260609_073132,1193046,37.03301166666667,27.428818333333332,0.0,0.0,511.0,7,PositionReport,50.0,NAUTICAST,Pilot,8
21563,2026-06-09 08:18:22.315075+00:00,20260609_073132,636019612,36.57364,27.610611666666667,11.2,288.9,288.0,0,PositionReport,70.0,CS CIHAN,Cargo,8
21574,2026-06-09 08:18:25.572155+00:00,20260609_073132,271046339,37.032466666666664,27.428028333333334,0.0,360.0,308.0,0,PositionReport,37.0,QUEEN OF SALMAKIS,Pleasure Craft,8
21587,2026-06-09 08:18:29.208338+00:00,20260609_073132,241677000,36.61750833333333,27.83899166666667,0.0,288.3,511.0,0,PositionReport,60.0,SIMI II,Passenger,8
21589,2026-06-09 08:18:29.372001+00:00,20260609_073132,538072342,36.57062,28.15912666666667,8.8,255.6,258.0,0,PositionReport,36.0,ONE FORCE,Sailing Yacht,8
21595,2026-06-09 08:18:30.559524+00:00,20260609_073132,240251200,36.625636666666665,27.789156666666667,5.9,241.7,511.0,5,PositionReport,,,Unknown,8
21606,2026-06-09 08:18:33.984944+00:00,20260609_073132,271040635,36.713004999999995,26.504900000000003,9.3,319.8,321.0,0,PositionReport,71.0,VIVIEN A,Cargo,8
21607,2026-06-09 08:18:34.251856+00:00,20260609_073132,620999919,36.47428333333333,27.89872,7.0,93.3,90.0,0,PositionReport,70.0,BOLD,Cargo,8
21622,2026-06-09 08:18:40.655813+00:00,20260609_073132,356792000,36.285336666666666,27.214685,8.6,327.8,328.0,0,PositionReport,70.0,LIDER HALIL,Cargo,8
21647,2026-06-09 08:18:48.789112+00:00,20260609_073132,271053982,36.352293333333336,27.646416666666667,10.6,250.0,250.0,0,PositionReport,89.0,CHEM NANA,Tanker,8
21684,2026-06-09 08:19:03.393527+00:00,20260609_073132,271053578,37.03420666666667,27.427715,0.0,360.0,511.0,1,PositionReport,36.0,GITANE,Sailing Yacht,8
21685,2026-06-09 08:19:03.810477+00:00,20260609_073132,518998972,37.03366833333334,27.425455,0.0,0.0,511.0,5,PositionReport,37.0,ELSEA,Pleasure Craft,8
21686,2026-06-09 08:19:03.839059+00:00,20260609_073132,271050193,36.55943833333333,28.601448333333334,10.6,102.1,103.0,0,PositionReport,80.0,CHEM LEADER,Tanker,8
21690,2026-06-09 08:19:04.810811+00:00,20260609_073132,210719000,36.51506666666667,27.079533333333334,14.8,93.3,91.0,0,PositionReport,70.0,PATRIS,Cargo,8
21695,2026-06-09 08:19:05.772052+00:00,20260609_073132,240198900,36.546701666666664,28.010691666666666,17.7,280.3,511.0,0,PositionReport,60.0,SEBECO II,Passenger,8
21701,2026-06-09 08:19:07.335849+00:00,20260609_073132,241591000,36.34542333333333,27.85527,19.5,48.5,48.0,0,PositionReport,,,Unknown,8
21704,2026-06-09 08:19:07.936161+00:00,20260609_073132,630001184,36.445161666666664,28.231943333333334,0.0,31.9,511.0,0,PositionReport,60.0,SEA STAR MYKONOS,Passenger,8
21718,2026-06-09 08:19:12.806871+00:00,20260609_073132,668116439,36.50368,28.117639999999998,10.3,266.2,268.0,0,PositionReport,70.0,MANOLIS,Cargo,8
21733,2026-06-09 08:19:16.908985+00:00,20260609_073132,1193046,37.03301166666667,27.428818333333332,0.0,0.0,511.0,7,PositionReport,50.0,NAUTICAST,Pilot,8
21749,2026-06-09 08:19:21.997111+00:00,20260609_073132,518999195,36.81812166666667,28.31117833333333,0.0,228.2,6.0,0,PositionReport,37.0,QUEST R,Pleasure Craft,8
21757,2026-06-09 08:19:25.030948+00:00,20260609_073132,209874000,36.44687666666667,28.249438333333334,0.1,52.4,52.0,1,PositionReport,70.0,THANOS,Cargo,8
21763,2026-06-09 08:19:25.584051+00:00,20260609_073132,511101883,36.47568666666667,26.745951666666667,11.9,138.6,135.0,0,PositionReport,80.0,MONILE,Tanker,8
21786,2026-06-09 08:19:29.241015+00:00,20260609_073132,241677000,36.61751666666667,27.838986666666663,0.0,288.3,511.0,0,PositionReport,60.0,SIMI II,Passenger,8
21806,2026-06-09 08:19:35.868437+00:00,20260609_073132,511101883,36.47526833333333,26.74640833333333,11.9,138.6,135.0,0,PositionReport,80.0,MONILE,Tanker,8
21807,2026-06-09 08:19:36.035589+00:00,20260609_073132,461000204,36.977576666666664,27.414901666666665,11.1,188.8,192.0,0,PositionReport,37.0,WARDA,Pleasure Craft,8
21812,2026-06-09 08:19:36.605368+00:00,20260609_073132,538071660,37.013529999999996,27.450463333333335,0.0,291.2,287.0,1,PositionReport,37.0,M/Y GOLDEN HORN,Pleasure Craft,8
21820,2026-06-09 08:19:39.380800+00:00,20260609_073132,240192000,36.497778333333336,28.109338333333334,15.5,115.8,293.0,0,PositionReport,69.0,PANAGIA SKIADENI,Passenger,8
21822,2026-06-09 08:19:40.304086+00:00,20260609_073132,325152200,37.014918333333334,27.45042,0.0,169.4,263.0,5,PositionReport,37.0,PACIFIC PEARL,Pleasure Craft,8
21841,2026-06-09 08:19:43.870463+00:00,20260609_073132,256003728,37.01571,27.442960000000003,0.0,360.0,511.0,1,PositionReport,37.0,BUCKETLIST10,Pleasure Craft,8
21860,2026-06-09 08:19:48.874200+00:00,20260609_073132,271053982,36.351295,27.64297,10.5,249.9,249.0,0,PositionReport,89.0,CHEM NANA,Tanker,8
21872,2026-06-09 08:19:52.628492+00:00,20260609_073132,271002446,37.02476333333333,27.438178333333333,0.0,0.0,511.0,8,PositionReport,60.0,AKCAKOCA,Passenger,8
21885,2026-06-09 08:19:55.691279+00:00,20260609_073132,319177600,37.02413333333333,27.436916666666665,0.0,62.9,63.0,5,PositionReport,37.0,STARLUST,Pleasure Craft,8
21906,2026-06-09 08:20:02.989829+00:00,20260609_073132,240078400,37.032228333333336,27.426769999999998,0.0,360.0,511.0,0,PositionReport,37.0,APOLLON II,Pleasure Craft,8
21909,2026-06-09 08:20:03.727953+00:00,20260609_073132,271050193,36.55882166666667,28.605028333333333,10.4,102.3,103.0,0,PositionReport,80.0,CHEM LEADER,Tanker,8
21913,2026-06-09 08:20:04.832149+00:00,20260609_073132,620999919,36.4741,27.902363333333334,6.8,93.9,90.0,0,PositionReport,70.0,BOLD,Cargo,8
21917,2026-06-09 08:20:05.230203+00:00,20260609_073132,271005006,36.848971666666664,28.280943333333333,0.0,353.9,511.0,5,PositionReport,69.0,MARMARIS EXPRESS,Passenger,8
21927,2026-06-09 08:20:07.246810+00:00,20260609_073132,241591000,36.34905333333334,27.860278333333333,19.6,48.3,48.0,0,PositionReport,,,Unknown,8
21929,2026-06-09 08:20:09.378534+00:00,20260609_073132,630001184,36.44515,28.231949999999998,0.0,31.9,511.0,0,PositionReport,60.0,SEA STAR MYKONOS,Passenger,8
21933,2026-06-09 08:20:12.990859+00:00,20260609_073132,240078400,37.032228333333336,27.426769999999998,0.0,360.0,511.0,0,PositionReport,37.0,APOLLON II,Pleasure Craft,8
21944,2026-06-09 08:20:14.831438+00:00,20260609_073132,271043588,37.02885666666667,27.437551666666664,0.1,205.1,511.0,1,PositionReport,0.0,LOVE BOAT,Unknown,8
21951,2026-06-09 08:20:17.353749+00:00,20260609_073132,461000204,36.97547833333333,27.41448666666667,11.2,189.0,192.0,0,PositionReport,37.0,WARDA,Pleasure Craft,8
21965,2026-06-09 08:20:21.381898+00:00,20260609_073132,248704000,36.584285,27.86486,0.1,109.7,169.0,1,PositionReport,37.0,OPTASIA,Pleasure Craft,8
21967,2026-06-09 08:20:21.928023+00:00,20260609_073132,518999195,36.81817,28.31104,0.0,227.2,6.0,0,PositionReport,37.0,QUEST R,Pleasure Craft,8
21969,2026-06-09 08:20:22.242580+00:00,20260609_073132,271002446,37.02473333333333,27.438181666666665,0.1,0.0,511.0,8,PositionReport,60.0,AKCAKOCA,Passenger,8
21978,2026-06-09 08:20:24.239331+00:00,20260609_073132,237352400,36.509930000000004,27.555063333333333,15.0,57.0,511.0,0,PositionReport,60.0,STAVROS,Passenger,8
21982,2026-06-09 08:20:25.512753+00:00,20260609_073132,271046339,37.032493333333335,27.428015000000002,0.2,360.0,308.0,0,PositionReport,37.0,QUEEN OF SALMAKIS,Pleasure Craft,8
21990,2026-06-09 08:20:28.729906+00:00,20260609_073132,240277800,36.438295000000004,27.460275000000003,5.2,68.3,511.0,0,PositionReport,36.0,GEVA X,Sailing Yacht,8
21991,2026-06-09 08:20:29.081919+00:00,20260609_073132,241677000,36.617536666666666,27.83897,0.0,288.3,511.0,0,PositionReport,60.0,SIMI II,Passenger,8
22002,2026-06-09 08:20:32.683650+00:00,20260609_073132,636019612,36.57591,27.602686666666667,11.1,288.8,288.0,0,PositionReport,70.0,CS CIHAN,Cargo,8
22015,2026-06-09 08:20:36.163335+00:00,20260609_073132,461000204,36.97450833333333,27.414296666666665,11.1,188.7,192.0,0,PositionReport,37.0,WARDA,Pleasure Craft,8
22029,2026-06-09 08:20:38.934794+00:00,20260609_073132,538072342,36.569358333333334,28.152738333333332,8.8,255.6,258.0,0,PositionReport,36.0,ONE FORCE,Sailing Yacht,8
22031,2026-06-09 08:20:39.355693+00:00,20260609_073132,240192000,36.49592333333333,28.114125,15.4,115.3,291.0,0,PositionReport,69.0,PANAGIA SKIADENI,Passenger,8
22038,2026-06-09 08:20:42.392944+00:00,20260609_073132,271001044,37.01453333333333,27.393921666666664,6.0,302.0,511.0,0,PositionReport,37.0,BLACK SEA,Pleasure Craft,8
22064,2026-06-09 08:20:48.975664+00:00,20260609_073132,368188000,37.025774999999996,27.42783166666667,0.1,322.1,239.0,1,PositionReport,37.0,SERENITY,Pleasure Craft,8
22074,2026-06-09 08:20:52.509817+00:00,20260609_073132,210719000,36.51468333333333,27.088733333333334,14.8,91.1,89.0,0,PositionReport,70.0,PATRIS,Cargo,8
22075,2026-06-09 08:20:52.570087+00:00,20260609_073132,271002446,37.02477333333333,27.438163333333332,0.1,0.0,511.0,8,PositionReport,60.0,AKCAKOCA,Passenger,8
22077,2026-06-09 08:20:52.715040+00:00,20260609_073132,210096000,36.49455,27.686728333333335,11.6,93.6,94.0,0,PositionReport,89.0,ENERGEIA,Tanker,8
22099,2026-06-09 08:20:59.673243+00:00,20260609_073132,630001184,36.445155,28.231941666666668,0.0,31.9,511.0,0,PositionReport,60.0,SEA STAR MYKONOS,Passenger,8
22109,2026-06-09 08:21:03.156289+00:00,20260609_073132,232056776,36.61960666666666,27.11699666666667,10.4,269.3,271.0,0,PositionReport,37.0,AIM,Pleasure Craft,8
22138,2026-06-09 08:21:13.654164+00:00,20260609_073132,271050193,36.558098333333334,28.60912666666667,10.3,102.2,103.0,0,PositionReport,80.0,CHEM LEADER,Tanker,8
22151,2026-06-09 08:21:18.384102+00:00,20260609_073132,636020574,36.48577,27.882234999999998,11.9,273.5,277.0,0,PositionReport,74.0,MSC CHARLOTTE,Cargo,8
22166,2026-06-09 08:21:21.406877+00:00,20260609_073132,241886000,36.40767666666667,28.234146666666668,0.0,307.9,35.0,3,PositionReport,52.0,CAPTAIN DIMITRIS V,Tug,8
22171,2026-06-09 08:21:23.056179+00:00,20260609_073132,271043931,36.552443333333336,27.840125,8.2,113.4,511.0,0,PositionReport,36.0,KAPTAN MEHMET BUGRA,Sailing Yacht,8
22175,2026-06-09 08:21:23.648105+00:00,20260609_073132,240198900,36.548723333333335,27.996898333333334,17.9,283.5,511.0,0,PositionReport,60.0,SEBECO II,Passenger,8
22188,2026-06-09 08:21:28.518919+00:00,20260609_073132,271053982,36.34959666666667,27.637366666666665,10.5,250.2,250.0,0,PositionReport,89.0,CHEM NANA,Tanker,8
22234,2026-06-09 08:21:39.681576+00:00,20260609_073132,255806347,36.660738333333335,26.891711666666666,14.6,142.1,143.0,0,PositionReport,,,Unknown,8
22279,2026-06-09 08:21:52.802466+00:00,20260609_073132,210096000,36.494371666666666,27.690723333333334,11.6,93.3,94.0,0,PositionReport,89.0,ENERGEIA,Tanker,8
22295,2026-06-09 08:21:57.095681+00:00,20260609_073132,240109700,36.530271666666664,28.036485000000003,18.8,114.6,511.0,0,PositionReport,60.0,SEBECO,Passenger,8
22324,2026-06-09 08:22:04.435045+00:00,20260609_073132,518998972,37.03367333333333,27.425456666666665,0.0,0.0,511.0,5,PositionReport,37.0,ELSEA,Pleasure Craft,8
22339,2026-06-09 08:22:08.944232+00:00,20260609_073132,240109700,36.52983666666667,28.037561666666665,19.0,116.2,511.0,0,PositionReport,60.0,SEBECO,Passenger,8
22354,2026-06-09 08:22:13.058151+00:00,20260609_073132,232056776,36.61953666666667,27.112106666666666,13.9,269.9,272.0,0,PositionReport,37.0,AIM,Pleasure Craft,8
22361,2026-06-09 08:22:15.044607+00:00,20260609_073132,271051573,36.885576666666665,27.456766666666667,10.2,21.9,511.0,8,PositionReport,37.0,WHITE ISLAND,Pleasure Craft,8
22368,2026-06-09 08:22:17.427367+00:00,20260609_073132,461000204,36.96845333333333,27.413038333333336,13.9,190.4,192.0,0,PositionReport,37.0,WARDA,Pleasure Craft,8
22369,2026-06-09 08:22:18.402404+00:00,20260609_073132,636020574,36.48619,27.878101666666666,12.0,277.7,280.0,0,PositionReport,74.0,MSC CHARLOTTE,Cargo,8
22376,2026-06-09 08:22:20.218056+00:00,20260609_073132,241591000,36.35608333333333,27.872400000000003,19.6,61.2,61.0,0,PositionReport,,,Unknown,8
22388,2026-06-09 08:22:22.915472+00:00,20260609_073132,240078400,37.032228333333336,27.426769999999998,0.0,360.0,511.0,0,PositionReport,37.0,APOLLON II,Pleasure Craft,8
22389,2026-06-09 08:22:23.385519+00:00,20260609_073132,668116439,36.50269333333333,28.106246666666667,10.5,261.4,264.0,0,PositionReport,70.0,MANOLIS,Cargo,8
22411,2026-06-09 08:22:28.327241+00:00,20260609_073132,271053982,36.348615,27.633961666666668,10.6,249.9,250.0,0,PositionReport,89.0,CHEM NANA,Tanker,8
22413,2026-06-09 08:22:28.624106+00:00,20260609_073132,1193046,37.03301166666667,27.428818333333332,0.0,0.0,511.0,7,PositionReport,50.0,NAUTICAST,Pilot,8
22422,2026-06-09 08:22:30.202188+00:00,20260609_073132,620999919,36.474439999999994,27.907971666666665,6.8,82.2,80.0,0,PositionReport,70.0,BOLD,Cargo,8
22436,2026-06-09 08:22:34.595765+00:00,20260609_073132,271046339,37.03246,27.428023333333332,0.0,360.0,308.0,0,PositionReport,37.0,QUEEN OF SALMAKIS,Pleasure Craft,8
22463,2026-06-09 08:22:41.886326+00:00,20260609_073132,538071660,37.013533333333335,27.450463333333335,0.0,291.2,287.0,1,PositionReport,37.0,M/Y GOLDEN HORN,Pleasure Craft,8
22491,2026-06-09 08:22:48.962185+00:00,20260609_073132,241677000,36.61754666666666,27.838945000000002,0.0,288.3,511.0,0,PositionReport,60.0,SIMI II,Passenger,8
22498,2026-06-09 08:22:51.372533+00:00,20260609_073132,356792000,36.293885,27.208045000000002,8.7,328.0,328.0,0,PositionReport,70.0,LIDER HALIL,Cargo,8
22503,2026-06-09 08:22:51.967081+00:00,20260609_073132,271001044,37.015715,27.391650000000002,2.0,299.0,511.0,0,PositionReport,37.0,BLACK SEA,Pleasure Craft,8
22515,2026-06-09 08:22:56.387900+00:00,20260609_073132,538072107,36.82241166666667,28.31257833333333,0.0,19.9,323.0,5,PositionReport,37.0,TURK'S,Pleasure Craft,8
22520,2026-06-09 08:22:57.311756+00:00,20260609_073132,240109700,36.52830666666667,28.042561666666664,18.7,107.0,511.0,0,PositionReport,60.0,SEBECO,Passenger,8
22524,2026-06-09 08:22:57.998466+00:00,20260609_073132,538072342,36.56798166666667,28.145865,8.9,255.1,258.0,0,PositionReport,36.0,ONE FORCE,Sailing Yacht,8
22533,2026-06-09 08:23:01.379660+00:00,20260609_073132,271002446,37.024750000000004,27.438123333333333,0.0,0.0,511.0,8,PositionReport,60.0,AKCAKOCA,Passenger,8
22537,2026-06-09 08:23:02.567931+00:00,20260609_073132,518999195,36.818175,28.311038333333332,0.0,222.2,6.0,0,PositionReport,37.0,QUEST R,Pleasure Craft,8
22557,2026-06-09 08:23:10.044240+00:00,20260609_073132,255806347,36.655925,26.896355000000003,14.7,141.9,143.0,0,PositionReport,,,Unknown,8
22565,2026-06-09 08:23:12.064701+00:00,20260609_073132,271043459,36.82618166666667,28.557141666666666,0.0,175.7,511.0,15,PositionReport,0.0,ADMIRAL,Unknown,8
22580,2026-06-09 08:23:17.557003+00:00,20260609_073132,240198900,36.54946333333333,27.98552,17.4,266.6,511.0,0,PositionReport,60.0,SEBECO II,Passenger,8
22585,2026-06-09 08:23:19.034568+00:00,20260609_073132,636020574,36.486761666666666,27.874058333333334,12.0,280.0,281.0,0,PositionReport,74.0,MSC CHARLOTTE,Cargo,8
22587,2026-06-09 08:23:20.076648+00:00,20260609_073132,241591000,36.3587,27.878308333333333,19.6,59.8,60.0,0,PositionReport,,,Unknown,8
22594,2026-06-09 08:23:21.248645+00:00,20260609_073132,241886000,36.407666666666664,28.234143333333336,0.1,180.2,32.0,3,PositionReport,52.0,CAPTAIN DIMITRIS V,Tug,8
22599,2026-06-09 08:23:22.083062+00:00,20260609_073132,248704000,36.584285,27.864843333333333,0.0,297.5,169.0,1,PositionReport,37.0,OPTASIA,Pleasure Craft,8
22603,2026-06-09 08:23:22.914046+00:00,20260609_073132,240078400,37.03223333333334,27.426769999999998,0.0,360.0,511.0,0,PositionReport,37.0,APOLLON II,Pleasure Craft,8
22605,2026-06-09 08:23:23.214863+00:00,20260609_073132,271043931,36.55095166666667,27.844291666666667,3.2,104.3,511.0,0,PositionReport,36.0,KAPTAN MEHMET BUGRA,Sailing Yacht,8
22622,2026-06-09 08:23:26.777731+00:00,20260609_073132,461000204,36.96389333333333,27.411998333333333,14.3,190.5,192.0,0,PositionReport,37.0,WARDA,Pleasure Craft,8
22623,2026-06-09 08:23:26.923972+00:00,20260609_073132,240192000,36.491045,28.127546666666667,15.3,112.8,287.0,0,PositionReport,69.0,PANAGIA SKIADENI,Passenger,8
22645,2026-06-09 08:23:32.878573+00:00,20260609_073132,636019612,36.57904833333334,27.591886666666667,11.1,289.5,289.0,0,PositionReport,70.0,CS CIHAN,Cargo,8
22650,2026-06-09 08:23:34.759242+00:00,20260609_073132,271046339,37.03246,27.428051666666665,0.0,360.0,308.0,0,PositionReport,37.0,QUEEN OF SALMAKIS,Pleasure Craft,8
22657,2026-06-09 08:23:36.068895+00:00,20260609_073132,232056776,36.61947,27.105278333333334,14.7,269.0,271.0,0,PositionReport,37.0,AIM,Pleasure Craft,8
22666,2026-06-09 08:23:38.648804+00:00,20260609_073132,461000204,36.96310666666667,27.411813333333335,14.4,190.5,192.0,0,PositionReport,37.0,WARDA,Pleasure Craft,8
22667,2026-06-09 08:23:38.648876+00:00,20260609_073132,630001184,36.445145000000004,28.231946666666666,0.0,31.9,511.0,0,PositionReport,60.0,SEA STAR MYKONOS,Passenger,8
22670,2026-06-09 08:23:39.516158+00:00,20260609_073132,240192000,36.490675,28.1286,15.4,113.2,288.0,0,PositionReport,69.0,PANAGIA SKIADENI,Passenger,8
22683,2026-06-09 08:23:43.963964+00:00,20260609_073132,271051573,36.889450000000004,27.458928333333333,10.4,26.5,511.0,8,PositionReport,37.0,WHITE ISLAND,Pleasure Craft,8
22690,2026-06-09 08:23:45.912056+00:00,20260609_073132,256003728,37.01568666666667,27.44299,0.1,360.0,511.0,1,PositionReport,37.0,BUCKETLIST10,Pleasure Craft,8
22699,2026-06-09 08:23:48.042351+00:00,20260609_073132,240277800,36.440105,27.465786666666666,5.2,66.9,511.0,0,PositionReport,36.0,GEVA X,Sailing Yacht,8
22713,2026-06-09 08:23:53.252923+00:00,20260609_073132,240198900,36.549391666666665,27.98200166666667,17.8,270.7,511.0,0,PositionReport,60.0,SEBECO II,Passenger,8
22716,2026-06-09 08:23:55.201101+00:00,20260609_073132,620999919,36.474781666666665,27.911288333333335,7.2,82.5,80.0,0,PositionReport,70.0,BOLD,Cargo,8
22718,2026-06-09 08:23:56.261712+00:00,20260609_073132,232057452,37.034530000000004,27.424685,0.1,360.0,511.0,5,PositionReport,98.0,THUNDERBIRD B,Other,8
22728,2026-06-09 08:23:57.953060+00:00,20260609_073132,538072342,36.567375,28.142918333333334,8.9,255.6,258.0,0,PositionReport,36.0,ONE FORCE,Sailing Yacht,8
22730,2026-06-09 08:23:58.331855+00:00,20260609_073132,210719000,36.51456666666666,27.104533333333332,14.7,90.6,88.0,0,PositionReport,70.0,PATRIS,Cargo,8
22737,2026-06-09 08:23:59.896482+00:00,20260609_073132,232056776,36.61944333333334,27.103251666666665,15.2,269.2,280.0,0,PositionReport,37.0,AIM,Pleasure Craft,8
22740,2026-06-09 08:24:01.117051+00:00,20260609_073132,352003824,37.01128333333334,27.389644999999998,0.0,360.0,99.0,8,PositionReport,37.0,SEVEN,Pleasure Craft,8
22747,2026-06-09 08:24:02.684756+00:00,20260609_073132,518999195,36.818178333333336,28.311008333333334,0.0,219.4,6.0,0,PositionReport,37.0,QUEST R,Pleasure Craft,8
22773,2026-06-09 08:24:10.326097+00:00,20260609_073132,271045885,37.015625,27.440186666666666,0.4,132.6,511.0,1,PositionReport,67.0,ARIELA,Passenger,8
22797,2026-06-09 08:24:19.092444+00:00,20260609_073132,636020574,36.48733333333333,27.869915,12.0,280.2,281.0,0,PositionReport,74.0,MSC CHARLOTTE,Cargo,8
22809,2026-06-09 08:24:22.552297+00:00,20260609_073132,240344000,36.549075,27.84522666666667,0.0,360.0,511.0,0,PositionReport,60.0,NIKOLAOS H,Passenger,8
22829,2026-06-09 08:24:27.535993+00:00,20260609_073132,255806347,36.651714999999996,26.90038,14.7,142.1,142.0,0,PositionReport,,,Unknown,8
22833,2026-06-09 08:24:28.688948+00:00,20260609_073132,1193046,37.03301166666667,27.428818333333332,0.0,0.0,511.0,7,PositionReport,50.0,NAUTICAST,Pilot,8
22846,2026-06-09 08:24:32.048433+00:00,20260609_073132,461000204,36.95959833333333,27.411006666666665,14.6,190.1,192.0,0,PositionReport,37.0,WARDA,Pleasure Craft,8
22851,2026-06-09 08:24:34.593236+00:00,20260609_073132,271043931,36.55088833333333,27.84497,0.9,91.0,511.0,0,PositionReport,36.0,KAPTAN MEHMET BUGRA,Sailing Yacht,8
22853,2026-06-09 08:24:35.889528+00:00,20260609_073132,237352400,36.52049833333333,27.572475,15.0,52.2,511.0,0,PositionReport,60.0,STAVROS,Passenger,8
22857,2026-06-09 08:24:38.129454+00:00,20260609_073132,319254600,36.677665000000005,27.378948333333334,0.7,216.0,193.0,0,PositionReport,37.0,HERCULES,Pleasure Craft,8
22858,2026-06-09 08:24:38.477202+00:00,20260609_073132,271053982,36.34639333333334,27.626493333333332,10.7,250.1,249.0,0,PositionReport,89.0,CHEM NANA,Tanker,8
22859,2026-06-09 08:24:39.029665+00:00,20260609_073132,271052907,37.01235,27.437451666666668,0.1,360.0,511.0,1,PositionReport,36.0,MEIRA,Sailing Yacht,8
22868,2026-06-09 08:24:42.848781+00:00,20260609_073132,232056776,36.619389999999996,27.099541666666667,15.0,268.9,267.0,0,PositionReport,37.0,AIM,Pleasure Craft,8
22875,2026-06-09 08:24:44.395831+00:00,20260609_073132,620999919,36.474979999999995,27.91325833333333,6.7,83.7,80.0,0,PositionReport,70.0,BOLD,Cargo,8
22879,2026-06-09 08:24:45.677324+00:00,20260609_073132,240192000,36.48876166666666,28.133918333333334,15.4,114.0,289.0,0,PositionReport,69.0,PANAGIA SKIADENI,Passenger,8
22891,2026-06-09 08:24:48.957946+00:00,20260609_073132,241677000,36.617531666666665,27.83898,0.0,288.3,511.0,0,PositionReport,60.0,SIMI II,Passenger,8
22897,2026-06-09 08:24:52.213731+00:00,20260609_073132,210096000,36.49373333333333,27.702785,11.6,94.5,94.0,0,PositionReport,89.0,ENERGEIA,Tanker,8
22912,2026-06-09 08:24:57.588345+00:00,20260609_073132,240109700,36.52447333333334,28.054658333333336,18.8,112.0,511.0,0,PositionReport,60.0,SEBECO,Passenger,8
22916,2026-06-09 08:24:58.676828+00:00,20260609_073132,538072342,36.566765000000004,28.13993333333333,8.8,255.5,258.0,0,PositionReport,36.0,ONE FORCE,Sailing Yacht,8
22920,2026-06-09 08:24:58.677067+00:00,20260609_073132,210719000,36.51453333333333,27.10963333333333,14.7,90.3,88.0,0,PositionReport,70.0,PATRIS,Cargo,8
22928,2026-06-09 08:24:59.927192+00:00,20260609_073132,630001184,36.44515666666667,28.231941666666668,0.0,31.9,511.0,0,PositionReport,60.0,SEA STAR MYKONOS,Passenger,8
22933,2026-06-09 08:25:01.543949+00:00,20260609_073132,636019612,36.580614999999995,27.586618333333334,11.0,289.9,288.0,0,PositionReport,70.0,CS CIHAN,Cargo,8
22937,2026-06-09 08:25:02.603834+00:00,20260609_073132,518999195,36.81818166666667,28.311011666666666,0.0,217.2,6.0,0,PositionReport,37.0,QUEST R,Pleasure Craft,8
22945,2026-06-09 08:25:04.157798+00:00,20260609_073132,518998972,37.033678333333334,27.425473333333333,0.0,0.0,511.0,5,PositionReport,37.0,ELSEA,Pleasure Craft,8
22946,2026-06-09 08:25:04.167824+00:00,20260609_073132,271053578,37.03418333333333,27.427715,0.0,360.0,511.0,1,PositionReport,36.0,GITANE,Sailing Yacht,8
22981,2026-06-09 08:25:17.661659+00:00,20260609_073132,518998026,36.59905166666667,27.874078333333333,0.0,27.9,142.0,1,PositionReport,99.0,QUEEN MARE,Other,8
23001,2026-06-09 08:25:22.837774+00:00,20260609_073132,271050193,36.55565,28.623555,10.2,102.0,103.0,0,PositionReport,80.0,CHEM LEADER,Tanker,8
23002,2026-06-09 08:25:22.869909+00:00,20260609_073132,240078400,37.03223666666667,27.426761666666668,0.0,360.0,511.0,0,PositionReport,37.0,APOLLON II,Pleasure Craft,8
23007,2026-06-09 08:25:23.847720+00:00,20260609_073132,271051573,36.893786666666664,27.461475,10.3,25.6,511.0,8,PositionReport,37.0,WHITE ISLAND,Pleasure Craft,8
23011,2026-06-09 08:25:24.506718+00:00,20260609_073132,209874000,36.44685833333333,28.249478333333332,0.0,52.4,52.0,1,PositionReport,70.0,THANOS,Cargo,8
23026,2026-06-09 08:25:28.618588+00:00,20260609_073132,1193046,37.03301166666667,27.428818333333332,0.0,0.0,511.0,7,PositionReport,50.0,NAUTICAST,Pilot,8
23045,2026-06-09 08:25:34.932041+00:00,20260609_073132,271046339,37.03249666666667,27.428048333333333,0.1,360.0,308.0,0,PositionReport,37.0,QUEEN OF SALMAKIS,Pleasure Craft,8
23049,2026-06-09 08:25:35.967881+00:00,20260609_073132,237352400,36.52318666666667,27.57645,15.0,49.8,511.0,0,PositionReport,60.0,STAVROS,Passenger,8
23060,2026-06-09 08:25:39.301195+00:00,20260609_073132,240277800,36.441136666666665,27.46889666666667,5.3,66.6,511.0,0,PositionReport,36.0,GEVA X,Sailing Yacht,8
23078,2026-06-09 08:25:45.208997+00:00,20260609_073132,256003728,37.01563833333333,27.443023333333333,0.0,360.0,511.0,1,PositionReport,37.0,BUCKETLIST10,Pleasure Craft,8
23093,2026-06-09 08:25:49.016166+00:00,20260609_073132,241677000,36.61752333333333,27.838978333333333,0.0,288.3,511.0,0,PositionReport,60.0,SIMI II,Passenger,8
23122,2026-06-09 08:25:57.570606+00:00,20260609_073132,240109700,36.52249833333334,28.060768333333332,19.1,108.4,511.0,0,PositionReport,60.0,SEBECO,Passenger,8
23127,2026-06-09 08:25:58.529040+00:00,20260609_073132,210719000,36.514466666666664,27.114716666666666,14.7,90.6,88.0,0,PositionReport,70.0,PATRIS,Cargo,8
23133,2026-06-09 08:25:59.800078+00:00,20260609_073132,630001184,36.44516333333333,28.231946666666666,0.0,31.9,511.0,0,PositionReport,60.0,SEA STAR MYKONOS,Passenger,8
23147,2026-06-09 08:26:01.584929+00:00,20260609_073132,636019612,36.58163166666667,27.58303,11.0,288.8,288.0,0,PositionReport,70.0,CS CIHAN,Cargo,8
23161,2026-06-09 08:26:05.056436+00:00,20260609_073132,271005006,36.84899,28.280941666666667,0.0,353.9,511.0,5,PositionReport,69.0,MARMARIS EXPRESS,Passenger,8
23188,2026-06-09 08:26:14.116560+00:00,20260609_073132,461000204,36.95283,27.409505000000003,14.5,190.4,192.0,0,PositionReport,37.0,WARDA,Pleasure Craft,8
23191,2026-06-09 08:26:17.079925+00:00,20260609_073132,271043588,37.028848333333336,27.437553333333334,0.1,168.2,511.0,1,PositionReport,0.0,LOVE BOAT,Unknown,8
23198,2026-06-09 08:26:19.107375+00:00,20260609_073132,636020574,36.48850166666667,27.861800000000002,12.0,279.7,281.0,0,PositionReport,74.0,MSC CHARLOTTE,Cargo,8
23201,2026-06-09 08:26:20.536784+00:00,20260609_073132,356792000,36.30103166666667,27.202458333333333,8.7,327.2,327.0,0,PositionReport,70.0,LIDER HALIL,Cargo,8
23205,2026-06-09 08:26:21.947275+00:00,20260609_073132,240078400,37.032241666666664,27.42676,0.0,360.0,511.0,0,PositionReport,37.0,APOLLON II,Pleasure Craft,8
23209,2026-06-09 08:26:22.918769+00:00,20260609_073132,271050193,36.55505333333333,28.626993333333335,10.2,101.9,103.0,0,PositionReport,80.0,CHEM LEADER,Tanker,8
23226,2026-06-09 08:26:28.747315+00:00,20260609_073132,1193046,37.03301166666667,27.428818333333332,0.0,0.0,511.0,7,PositionReport,50.0,NAUTICAST,Pilot,8
23235,2026-06-09 08:26:31.405768+00:00,20260609_073132,620999919,36.47531,27.91747666666667,6.9,86.7,83.0,0,PositionReport,70.0,BOLD,Cargo,8
23243,2026-06-09 08:26:32.587607+00:00,20260609_073132,271002446,37.024845,27.438063333333332,0.1,0.0,511.0,8,PositionReport,60.0,AKCAKOCA,Passenger,8
23247,2026-06-09 08:26:35.436824+00:00,20260609_073132,271051573,36.896946666666665,27.463191666666667,10.3,22.2,511.0,8,PositionReport,37.0,WHITE ISLAND,Pleasure Craft,8
23254,2026-06-09 08:26:38.283227+00:00,20260609_073132,319254600,36.67714,27.378683333333335,1.2,192.3,184.0,0,PositionReport,37.0,HERCULES,Pleasure Craft,8
23255,2026-06-09 08:26:39.288953+00:00,20260609_073132,240277800,36.441691666666664,27.470568333333333,5.2,68.2,511.0,0,PositionReport,36.0,GEVA X,Sailing Yacht,8
23272,2026-06-09 08:26:43.826187+00:00,20260609_073132,271046339,37.03248,27.428051666666665,0.0,360.0,308.0,0,PositionReport,37.0,QUEEN OF SALMAKIS,Pleasure Craft,8
23280,2026-06-09 08:26:45.930222+00:00,20260609_073132,240192000,36.485366666666664,28.143625,15.4,112.5,286.0,0,PositionReport,69.0,PANAGIA SKIADENI,Passenger,8
23291,2026-06-09 08:26:47.792993+00:00,20260609_073132,368188000,37.025848333333336,27.427713333333333,0.2,134.3,200.0,1,PositionReport,37.0,SERENITY,Pleasure Craft,8
23298,2026-06-09 08:26:49.267569+00:00,20260609_073132,241677000,36.61752666666666,27.838981666666665,0.0,288.3,511.0,0,PositionReport,60.0,SIMI II,Passenger,8
23307,2026-06-09 08:26:50.824710+00:00,20260609_073132,271044344,37.03210333333333,27.427803333333333,0.0,169.0,301.0,5,PositionReport,51.0,KIYEM 6,SAR,8
23309,2026-06-09 08:26:51.232101+00:00,20260609_073132,271002446,37.02485333333333,27.438046666666665,0.0,0.0,511.0,8,PositionReport,60.0,AKCAKOCA,Passenger,8
23312,2026-06-09 08:26:52.323517+00:00,20260609_073132,210096000,36.49326833333334,27.71084,11.6,93.8,94.0,0,PositionReport,89.0,ENERGEIA,Tanker,8
23332,2026-06-09 08:26:57.456928+00:00,20260609_073132,240109700,36.52082,28.067076666666665,19.2,108.5,511.0,0,PositionReport,60.0,SEBECO,Passenger,8
23337,2026-06-09 08:26:58.834652+00:00,20260609_073132,271053982,36.34399333333333,27.618271666666665,10.6,250.0,249.0,0,PositionReport,89.0,CHEM NANA,Tanker,8
23339,2026-06-09 08:26:59.500009+00:00,20260609_073132,240198900,36.55494833333333,27.965015,17.7,306.5,511.0,0,PositionReport,60.0,SEBECO II,Passenger,8
23340,2026-06-09 08:26:59.500089+00:00,20260609_073132,538072342,36.56555166666667,28.133868333333332,9.0,256.0,258.0,0,PositionReport,36.0,ONE FORCE,Sailing Yacht,8
23341,2026-06-09 08:26:59.854412+00:00,20260609_073132,630001184,36.445166666666665,28.231945,0.0,31.9,511.0,0,PositionReport,60.0,SEA STAR MYKONOS,Passenger,8
23351,2026-06-09 08:27:02.381172+00:00,20260609_073132,271053578,37.03418333333333,27.42771,0.0,360.0,511.0,1,PositionReport,36.0,GITANE,Sailing Yacht,8
23384,2026-06-09 08:27:12.206583+00:00,20260609_073132,271045885,37.01555333333333,27.44025,0.1,345.3,511.0,1,PositionReport,67.0,ARIELA,Passenger,8
23395,2026-06-09 08:27:15.747569+00:00,20260609_073132,255806347,36.642725000000006,26.909058333333334,14.6,142.5,142.0,0,PositionReport,,,Unknown,8
23415,2026-06-09 08:27:22.532161+00:00,20260609_073132,240344000,36.549063333333336,27.845206666666666,0.0,360.0,511.0,0,PositionReport,60.0,NIKOLAOS H,Passenger,8
23419,2026-06-09 08:27:23.661362+00:00,20260609_073132,668116439,36.50016666666667,28.088313333333335,10.5,260.1,262.0,0,PositionReport,70.0,MANOLIS,Cargo,8
23425,2026-06-09 08:27:25.548990+00:00,20260609_073132,241591000,36.36962333333334,27.902308333333334,19.7,67.8,68.0,0,PositionReport,,,Unknown,8
23457,2026-06-09 08:27:35.975369+00:00,20260609_073132,237352400,36.52813666666667,27.584831666666666,15.0,53.8,511.0,0,PositionReport,60.0,STAVROS,Passenger,8
23464,2026-06-09 08:27:37.232280+00:00,20260609_073132,271052907,37.01233666666667,27.437406666666668,0.0,360.0,511.0,1,PositionReport,36.0,MEIRA,Sailing Yacht,8
